대학명,모집단위,계열,전형,백분위,충원,모집인원,경쟁률
가톨릭관동대,간호학과,자연과학계열,일반전형,76,31,20,7.9
가톨릭관동대,의학과,의학계열,일반전형,97,83,16,18.3
가톨릭관동대,의학과,의학계열,지역인재,99,2,2,19.5
가톨릭대,인문사회계열,자연과학계열,일반전형2,93,31,57,7.44
가톨릭대,자유전공학부,공학계열,일반전형2,93,14,38,5.63
가톨릭대,자연공학계열,자연과학계열,일반전형2,93,47,37,7.92
가톨릭대,바이오메디컬소프트웨어학과,공학계열,일반전형1,84,4,5,12
가톨릭대,AI의공학과,공학계열,일반전형1,83,11,21,5.05
가톨릭대,바이오로직스공학부,공학계열,일반전형1,82,28,42,4.02
가톨릭대,데이터사이언스학과,공학계열,일반전형1,83,5,13,6.23
가톨릭대,인문사회계열,자연과학계열,일반전형1,81,64,119,5.59
가톨릭대,특수교육과,인문・사회계열,일반전형1,81,2,12,8
가톨릭대,의생명과학과,자연과학계열,일반전형1,87,7,12,4.25
가톨릭대,인공지능학과,공학계열,일반전형1,83,12,16,5.25
가톨릭대,약학과,자연과학계열,일반전형1,96,17,10,7.4
가톨릭대,자유전공학부,공학계열,일반전형1,83,53,101,4.71
가톨릭대,자연공학계열,자연과학계열,일반전형1,83,136,90,7.07
강원대(삼척),공학대학 자유전공학과,공학계열,일반전형,66,38,19,9
강원대(삼척),인문사회대학 자유전공학과,인문・사회계열,일반전형,75,4,5,21
강원대(삼척),첨단AI공학과,공학계열,일반전형,56,90,89,6.08
강원대(삼척),안경광학과,자연과학계열,일반전형,56,5,6,8.83
강원대(삼척),경제금융학과,인문・사회계열,일반전형,43,11,5,10.6
강원대(삼척),관광학과,인문・사회계열,일반전형,47,4,6,8.33
강원대(삼척),공공행정학과,인문・사회계열,일반전형,71,7,4,10.25
강원대(삼척),자유전공학부(자연계열),자연과학계열,일반전형,69,21,16,10.44
강원대(삼척),자유전공학부(인문계열),인문・사회계열,일반전형,62,9,14,10.07
강원대(삼척),영어과,인문・사회계열,일반전형,65,3,7,9.42
강원대(삼척),도시건축학과(5년제),공학계열,일반전형,60,8,4,11.5
강원대(삼척),미래토목건설공학과,공학계열,일반전형,60,16,7,6.28
강원대(삼척),기계공학과,공학계열,일반전형,60,30,23,6.6
강원대(삼척),작업치료학과,자연과학계열,일반전형,41,5,7,5.42
강원대(삼척),물리치료학과,자연과학계열,일반전형,54,,4,9.75
강원대(삼척),방사선학과,자연과학계열,일반전형,53,2,5,7.6
강원대(삼척),간호학과,자연과학계열,일반전형,73,10,11,7.09
강원대(삼척),치위생학과,자연과학계열,일반전형,58,3,6,8.83
강원대(삼척),응급구조학과,자연과학계열,일반전형,74,1,4,6.75
강원대(삼척),식품영양학과,자연과학계열,일반전형,62,10,4,13.5
강원대(삼척),그린에너지공학과,공학계열,일반전형,63,85,79,7.2
강원대(삼척),사회복지학과,인문・사회계열,일반전형,51,3,4,9
강원대(삼척),전기공학과,공학계열,일반전형,57,15,6,9.5
강원대(삼척),소방방재학부,공학계열,일반전형,44,19,10,7.2
강원대(삼척),바이오기능성소재학과,자연과학계열,일반전형,54,10,11,8.27
강원대(춘천),배터리융합공학과,공학계열,일반전형,61,5,7,0
강원대(춘천),건축공학과,공학계열,일반전형,68,6,4,0
강원대(춘천),행정학과,인문・사회계열,일반전형,75,6,8,0
강원대(춘천),정치외교학과,인문・사회계열,일반전형,72,1,5,0
강원대(춘천),미디어커뮤니케이션학과,인문・사회계열,일반전형,76,1,5,0
강원대(춘천),사회학과,인문・사회계열,일반전형,73,,6,0
강원대(춘천),국제무역학과,인문・사회계열,일반전형,71,3,9,0
강원대(춘천),경영·회계학부,인문・사회계열,일반전형,77,31,52,0
강원대(춘천),에너지자원공학과,공학계열,일반전형,69,2,6,0
강원대(춘천),환경공학과,공학계열,일반전형,63,8,6,0
강원대(춘천),동물자원과학과,자연과학계열,일반전형,69,5,10,0
강원대(춘천),수의학과,의학계열,일반전형,97,16,10,0
강원대(춘천),건축학과(5),공학계열,일반전형,71,2,5,0
강원대(춘천),토목공학과,공학계열,일반전형,66,,7,0
강원대(춘천),스마트산업공학과,공학계열,일반전형,60,4,6,0
강원대(춘천),자연과학대학 자유전공학과,자연과학계열,일반전형,67,2,4,0
강원대(춘천),인문대학 자유전공학과,인문・사회계열,일반전형,73,7,7,0
강원대(춘천),의생명시스템과학과,자연과학계열,일반전형,69,1,5,0
강원대(춘천),산림환경과학대학 자유전공학과,자연과학계열,일반전형,70,7,4,0
강원대(춘천),농업생명과학대학 자유전공학과,자연과학계열,일반전형,75,3,6,0
강원대(춘천),심리학과,인문・사회계열,일반전형,77,1,5,0
강원대(춘천),문화인류학과,인문・사회계열,일반전형,72,3,4,0
강원대(춘천),동물응용과학과,자연과학계열,일반전형,74,6,7,0
강원대(춘천),동물산업융합학과,자연과학계열,일반전형,73,4,7,0
강원대(춘천),경제·정보통계학부,인문・사회계열,일반전형,75,12,17,0
강원대(춘천),부동산학과,인문・사회계열,일반전형,75,3,7,0
강원대(춘천),관광경영학과,인문・사회계열,일반전형,72,10,7,0
강원대(춘천),의생명공학과,자연과학계열,일반전형,67,5,10,0
강원대(춘천),생명건강공학과,자연과학계열,일반전형,59,,5,0
강원대(춘천),영상문화학과,인문・사회계열,일반전형,71,6,10,0
강원대(춘천),스포츠과학과,예체능계열,일반전형,60,7,7,0
강원대(춘천),생물의소재공학과,자연과학계열,일반전형,58,1,4,0
강원대(춘천),화공・생물공학부,공학계열,일반전형,62,13,16,0
강원대(춘천),기계융합공학부,공학계열,일반전형,69,17,21,0
강원대(춘천),의예과,자연과학계열,일반전형,99,25,10,0
강원대(춘천),약학과,자연과학계열,일반전형,97,16,10,0
강원대(춘천),분자생명과학과,자연과학계열,일반전형,68,2,6,0
강원대(춘천),중어중문학과,인문・사회계열,일반전형,70,1,5,0
강원대(춘천),영어영문학과,인문・사회계열,일반전형,76,5,5,0
강원대(춘천),생태조경디자인학과,자연과학계열,일반전형,76,1,5,0
강원대(춘천),철학과,인문・사회계열,일반전형,73,5,4,0
강원대(춘천),일본학과,인문・사회계열,일반전형,73,3,4,0
강원대(춘천),지역건설공학과,자연과학계열,일반전형,71,2,4,0
강원대(춘천),지질·지구물리학부,자연과학계열,일반전형,69,4,7,0
강원대(춘천),독어독문학과,인문・사회계열,일반전형,72,2,4,0
강원대(춘천),불어불문학과,인문・사회계열,일반전형,74,1,5,0
강원대(춘천),스마트팜융합바이오시스템공학과,자연과학계열,일반전형,73,1,5,0
강원대(춘천),생명・환경융합학부,자연과학계열,일반전형,74,5,7,0
강원대(춘천),의생명과학대학 자유전공학과,자연과학계열,일반전형,69,1,5,0
강원대(춘천),문화예술・공과대학 자유전공학과,공학계열,일반전형,60,6,8,0
강원대(춘천),경영대학 자유전공학과,인문・사회계열,일반전형,73,13,10,0
강원대(춘천),펄프제지공학과,자연과학계열,일반전형,70,,4,0
강원대(춘천),사회과학대학 자유전공학과,인문・사회계열,일반전형,72,5,5,0
강원대(춘천),동물생명과학대학 자유전공학과,자연과학계열,일반전형,70,4,4,0
강원대(춘천),간호학과,자연과학계열,일반전형,80,4,18,0
강원대(춘천),국어국문학과,인문・사회계열,일반전형,70,3,5,0
강원대(춘천),사학과,인문・사회계열,일반전형,72,,5,0
강원대(춘천),식품생명공학과,자연과학계열,일반전형,74,4,7,0
강원대(춘천),교육학과,인문・사회계열,일반전형,73,1,4,0
강원대(춘천),산림바이오소재공학과,자연과학계열,일반전형,76,1,4,0
강원대(춘천),컴퓨터공학과,공학계열,일반전형,67,20,33,0
강원대(춘천),산림경영학과,자연과학계열,일반전형,73,1,7,0
강원대(춘천),산림환경보호학과,자연과학계열,일반전형,73,1,6,0
강원대(춘천),전자공학과,공학계열,일반전형,70,4,10,0
강원대(춘천),전기전자공학과,공학계열,일반전형,72,18,23,0
강원대(춘천),생명과학과,자연과학계열,일반전형,69,13,6,0
강원대(춘천),식품자원경제학과,인문・사회계열,일반전형,74,5,6,0
강원대(춘천),생물자원과학부,자연과학계열,일반전형,69,1,6,0
강원대(춘천),산림자원학과,자연과학계열,일반전형,74,4,6,0
강원대(춘천),화학ㆍ생화학부,자연과학계열,일반전형,67,13,12,0
강원대(춘천),자유전공학부(자연계열),자연과학계열,일반전형,76,6,8,0
강원대(춘천),자유전공학부(인문계열),인문・사회계열,일반전형,73,5,9,0
강원대(춘천),수학과,자연과학계열,일반전형,68,6,5,0
강원대(춘천),체육교육과,예체능계열,일반전형,62,3,7,0
강원대(춘천),수학교육과,자연과학계열,일반전형,76,3,9,0
강원대(춘천),과학교육학부,자연과학계열,일반전형,71,5,9,0
강원대(춘천),가정교육과,자연과학계열,일반전형,71,,4,0
강원대(춘천),지리교육과,인문・사회계열,일반전형,73,2,4,0
강원대(춘천),일반사회교육과,인문・사회계열,일반전형,76,,5,0
강원대(춘천),역사교육과,인문・사회계열,일반전형,77,2,5,0
강원대(춘천),윤리교육과,인문・사회계열,일반전형,78,1,4,0
강원대(춘천),한문교육과,인문・사회계열,일반전형,75,,5,0
강원대(춘천),영어교육과,인문・사회계열,일반전형,74,4,7,0
강원대(춘천),AI융합학과,공학계열,일반전형,67,7,9,0
강원대(춘천),국어교육과,인문・사회계열,일반전형,81,4,8,0
강원대(춘천),의예과,자연과학계열,지역인재,96,5,5,0
건국대,전기전자공학부,공학계열,농어촌,88,14,4,14.5
건국대,전기전자공학부,공학계열,KU일반학생,92,136,64,7.44
건국대,컴퓨터공학부,공학계열,KU일반학생,90,131,49,7.08
건국대,시스템생명공학과,공학계열,KU일반학생,89,43,12,19.08
건국대,융합생명공학과,공학계열,KU일반학생,91,42,11,18.64
건국대,산업디자인학과,예체능계열,KU일반학생,91,35,34,14.15
건국대,공과대학자유전공학부,공학계열,KU일반학생,90,219,67,8.97
건국대,환경보건・산림조경학부,자연과학계열,농어촌,84,5,5,7.8
건국대,동물자원・식품과학・유통학부,자연과학계열,농어촌,83,2,5,4
건국대,첨단바이오공학부,공학계열,농어촌,85,5,4,5.25
건국대,경영학과,인문・사회계열,농어촌,85,4,5,4.8
건국대,의상디자인학과,예체능계열,KU일반학생,77,6,17,11.06
건국대,의상디자인학과,예체능계열,KU일반학생,83,5,17,5.24
건국대,커뮤니케이션디자인학과,예체능계열,KU일반학생,80,10,39,11.62
건국대,식량자원과학과,자연과학계열,KU일반학생,89,3,12,5.17
건국대,국어국문학과,인문・사회계열,KU일반학생,86,3,6,7.67
건국대,사학과,인문・사회계열,KU일반학생,85,0,4,10.5
건국대,문화콘텐츠학과,인문・사회계열,KU일반학생,85,5,6,6.83
건국대,영어영문학과,인문・사회계열,KU일반학생,83,4,7,6.57
건국대,사회환경공학부,공학계열,KU일반학생,90,28,42,4.74
건국대,중어중문학과,인문・사회계열,KU일반학생,83,1,8,5.5
건국대,응용통계학과,인문・사회계열,KU일반학생,89,23,18,5.28
건국대,산업공학과,공학계열,KU일반학생,89,25,16,5.31
건국대,환경보건・산림조경학부,자연과학계열,KU일반학생,91,10,25,4.64
건국대,동물자원・식품과학・유통학부,자연과학계열,KU일반학생,89,14,42,3.9
건국대,첨단바이오공학부,공학계열,KU일반학생,92,32,19,5.74
건국대,화학과,자연과학계열,KU일반학생,89,10,11,4.18
건국대,수학과,자연과학계열,KU일반학생,89,10,8,8.5
건국대,교육공학과,인문・사회계열,KU일반학생,88,8,14,3.43
건국대,행정학과,인문・사회계열,KU일반학생,88,15,25,5.52
건국대,정치외교학과,인문・사회계열,KU일반학생,90,8,13,4.77
건국대,미디어커뮤니케이션학과,인문・사회계열,KU일반학생,85,6,5,11.2
건국대,경제학과,인문・사회계열,KU일반학생,90,22,33,5.03
건국대,경영학과,인문・사회계열,KU일반학생,86,70,67,5.15
건국대,부동산학과,인문・사회계열,KU일반학생,91,8,14,4.5
건국대,리빙디자인학과,예체능계열,KU일반학생,78,12,45,14.51
건국대,생명과학특성학과,자연과학계열,KU일반학생,90,12,12,4.58
건국대,체육교육과,예체능계열,KU일반학생,83,0,25,13.12
건국대,음악교육과,예체능계열,KU일반학생,80,15,20,7.8
건국대,환경보건・산림조경학부,자연과학계열,기초생활차상위,82,0,4,5.5
건국대,동물자원・식품과학・유통학부,자연과학계열,기초생활차상위,78,3,4,5.25
건국대,첨단바이오공학부,공학계열,기초생활차상위,84,2,5,7.2
건국대,문과대학자유전공학부,인문・사회계열,기초생활차상위,81,1,4,7.5
건국대,수의예과,자연과학계열,농어촌,94,3,6,8.17
건국대,문과대학자유전공학부,인문・사회계열,농어촌,83,6,4,7
건국대,수학교육과,자연과학계열,KU일반학생,90,4,8,5.25
건국대,영어교육과,인문・사회계열,KU일반학생,85,8,8,5.88
건국대,국제무역학과,인문・사회계열,KU일반학생,89,55,32,6.22
건국대,기술경영학과,인문・사회계열,KU일반학생,89,27,15,7.47
건국대,수의예과,자연과학계열,KU일반학생,96,64,39,5.36
건국대,건축학부,공학계열,KU일반학생,87,51,39,5.85
건국대,화공・생명・에너지공학부,공학계열,KU일반학생,90,26,31,4.55
건국대,항공우주・모빌리티공학과,공학계열,KU일반학생,88,14,25,4.56
건국대,기계・로봇・자동차공학부,공학계열,KU일반학생,93,43,40,4.95
건국대,생물공학과,공학계열,KU일반학생,88,17,17,6
건국대,물리학과,자연과학계열,KU일반학생,89,14,12,5.42
건국대,영상학과,예체능계열,KU일반학생,80,7,35,10.43
건국대,KU자유전공학부,공학계열,KU일반학생,86,52,62,5.85
건국대,현대미술학과,예체능계열,KU일반학생,65,7,32,6.31
건국대,재료공학과,공학계열,KU일반학생,89,28,26,4.96
건국대(글로컬),의예과,자연과학계열,일반전형,98,79,9,24.11
건국대(글로컬),간호학과,자연과학계열,일반전형,95,30,21,7.86
건국대(글로컬),간호학과,자연과학계열,지역인재,100,4,6,5.33
건국대(글로컬),의예과,자연과학계열,지역인재,98,36,16,7.56
건양대,의학과,의학계열,일반학생전형,98,0,5,11
건양대,의학과,의학계열,지역인재전형,97,0,1,26
경기대(서울),자유전공학부(서울),공학계열,일반전형,75,14,10,13.5
경기대(서울),미디어영상학과,예체능계열,일반전형,81,26,11,9.18
경기대(서울),호텔외식경영학부,인문・사회계열,일반전형,76,34,21,8.24
경기대(서울),관광문화콘텐츠학과,인문・사회계열,일반전형,81,13,11,8.45
경기대(서울),관광개발경영학과,인문・사회계열,일반전형,80,26,25,7.96
경기대(수원),창의공학부,공학계열,일반전형,76,43,50,5.98
경기대(수원),사회과학부,인문・사회계열,일반전형,80,44,51,5.92
경기대(수원),자유전공학부(수원),공학계열,일반전형,79,25,20,8.9
경기대(수원),인문학부,인문・사회계열,일반전형,78,39,35,5.89
경기대(수원),소프트웨어경영학부,공학계열,일반전형,75,40,39,4.59
경기대(수원),경호보안학과,예체능계열,일반전형,80,9,26,7.46
경기대(수원),체육학과,예체능계열,일반전형,84,5,17,7.29
경기대(수원),스포츠과학부,예체능계열,일반전형,81,58,47,6.15
경기대(수원),융합과학부,자연과학계열,일반전형,73,23,17,6.41
경기대(수원),스마트시티공학부,공학계열,일반전형,79,13,14,7
경기대(수원),건축학과,공학계열,일반전형,83,7,8,9.63
경기대(수원),유아교육과,인문・사회계열,일반전형,77,17,10,11
경기대(수원),법학과,인문・사회계열,일반전형,81,6,14,8.5
경기대(수원),무역학과,인문・사회계열,일반전형,77,19,26,6.5
경기대(수원),경영학부,인문・사회계열,일반전형,81,78,79,5.68
경기대(수원),AI컴퓨터공학부,공학계열,일반전형,75,62,80,5.28
경기대(수원),바이오융합학부,자연과학계열,일반전형,81,16,18,8.11
경기대(수원),국어국문학과,인문・사회계열,일반전형,85,11,16,7.06
경기대(수원),사학과,인문・사회계열,일반전형,79,9,10,13.3
경기대(수원),문헌정보학과,인문・사회계열,일반전형,81,4,5,14.6
경기대(수원),영어영문학과,인문・사회계열,일반전형,76,23,21,6.81
경기대(수원),신소재화학공학부,공학계열,일반전형,77,18,28,5.64
경기대(수원),수학과,자연과학계열,일반전형,76,5,4,7.5
경기대(수원),글로벌어문학부,인문・사회계열,일반전형,80,26,20,9.65
경기대(수원),휴먼서비스학부,인문・사회계열,일반전형,79,12,12,7.92
경기대(수원),공공인재학부,인문・사회계열,일반전형,79,29,28,6.29
경기대(수원),AI컴퓨터공학부 SW안전보안전공,공학계열,일반전형,79,17,20,8.7
경기대(수원),사회에너지시스템공학과,공학계열,일반전형,82,15,29,5.79
경기대(수원),인공지능전공,공학계열,일반전형,79,14,10,6.6
경기대(수원),경제학부,인문・사회계열,일반전형,81,24,34,6.65
경기대(수원),전자공학부,공학계열,일반전형,81,44,32,5.44
경기대(수원),기계시스템공학과,공학계열,일반전형,74,15,11,7.73
경기대(수원),공공안전학부,인문・사회계열,일반전형,81,9,15,6.8
경기대(수원),화학과,자연과학계열,일반전형,76,10,8,5.63
경기대(수원),산업경영공학과,공학계열,일반전형,77,18,22,7.64
경북대,전자공학부모바일공학전공,공학계열,계약학과,87,10,10,4.2
경북대,생명공학부,자연과학계열,일반전형,84,21,14,7.2
경북대,경영학부,인문・사회계열,일반전형,82,17,38,4.6
경북대,철학과,인문・사회계열,일반전형,81,1,5,15.6
경북대,식물자원학과,자연과학계열,일반전형,64,,4,5.5
경북대,식품자원경제학과,인문・사회계열,일반전형,79,1,6,8.3
경북대,원예과학과,자연과학계열,일반전형,82,6,8,11.1
경북대,불어불문학과,인문・사회계열,일반전형,80,4,8,7.9
경북대,소프트웨어학과,공학계열,일반전형,66,14,10,8.1
경북대,고분자공학과,공학계열,일반전형,84,4,7,5.9
경북대,중어중문학과,인문・사회계열,일반전형,79,1,4,10.3
경북대,사회학과,인문・사회계열,일반전형,88,8,8,6.1
경북대,가정교육과,자연과학계열,일반전형,83,5,4,9.3
경북대,일반사회교육과,인문・사회계열,일반전형,83,4,4,12.8
경북대,영어교육과,인문・사회계열,일반전형,81,5,9,4.9
경북대,윤리교육과,인문・사회계열,일반전형,83,1,4,8
경북대,아동학부,자연과학계열,일반전형,80,4,8,8.4
경북대,토목공학과,공학계열,일반전형,81,10,14,5.8
경북대,정밀기계공학과,공학계열,일반전형,65,10,8,7.1
경북대,건축학부(건축학전공),공학계열,일반전형,83,2,8,7.1
경북대,전자공학부,공학계열,일반전형,88,37,68,4.4
경북대,건설방재공학과,공학계열,일반전형,53,4,5,9.4
경북대,관광학과,인문・사회계열,일반전형,71,2,3,12.3
경북대,섬유패션디자인학부 섬유공학전공,공학계열,일반전형,58,4,8,5.5
경북대,"지구시스템과학부(지질학전공, 천문대기과학전공, 해양학전공)",자연과학계열,일반전형,80,3,11,8
경북대,국어국문학과,인문・사회계열,일반전형,78,2,5,9.4
경북대,환경안전공학과,공학계열,일반전형,61,8,5,10.4
경북대,첨단기술융합대학 자율학부1,공학계열,일반전형,86,23,44,5.3
경북대,산림생태보호학과,자연과학계열,일반전형,56,2,4,14
경북대,약학과,자연과학계열,일반전형,96,4,6,8.5
경북대,간호학과,자연과학계열,일반전형,86,10,6,6.8
경북대,치위생학과,자연과학계열,일반전형,66,4,7,6.1
경북대,의예과,자연과학계열,일반전형,99,17,10,7.5
경북대,지리학과,인문・사회계열,일반전형,79,1,6,7
경북대,정보・컴퓨터교육과,자연과학계열,일반전형,87,2,4,7.8
경북대,"산림과학.조경학부(임학전공,임산공학전공,조경학전공)",자연과학계열,일반전형,76,6,14,6.7
경북대,섬유시스템공학과,공학계열,일반전형,82,5,5,8
경북대,에너지공학부,공학계열,일반전형,86,10,15,6.3
경북대,컴퓨터학부(심화컴퓨팅전공),공학계열,일반전형,84,12,22,5.8
경북대,수학과,자연과학계열,일반전형,81,3,7,7
경북대,사학과,인문・사회계열,일반전형,78,9,7,9.7
경북대,식품외식산업학과,자연과학계열,일반전형,64,3,6,6.8
경북대,식품공학부,자연과학계열,일반전형,83,10,17,8.2
경북대,컴퓨터학부 인공지능컴퓨팅전공,공학계열,일반전형,83,9,10,6.6
경북대,공학 첨단자율학부,공학계열,일반전형,86,20,18,5.6
경북대,IT 첨단자율학부,공학계열,일반전형,88,17,21,6
경북대,공과대학 자율학부,공학계열,일반전형,87,6,11,6.3
경북대,지구과학교육과,자연과학계열,일반전형,84,8,2,10
경북대,IT대학 자율학부,공학계열,일반전형,84,3,7,6.3
경북대,농업생명과학대학 자율학부,자연과학계열,일반전형,81,5,9,8.6
경북대,수학교육과,자연과학계열,일반전형,88,6,8,4.1
경북대,컴퓨터학부(첨단컴퓨팅연구전공),공학계열,일반전형,82,1,5,6.6
경북대,지리교육과,인문・사회계열,일반전형,77,,4,6.8
경북대,첨단기술융합대학 자율학부2,자연과학계열,일반전형,80,13,27,5.1
경북대,고고인류학과,인문・사회계열,일반전형,76,,6,7.5
경북대,문헌정보학과,인문・사회계열,일반전형,84,5,7,6.4
경북대,독어독문학과,인문・사회계열,일반전형,80,5,6,10.5
경북대,영어영문학과,인문・사회계열,일반전형,81,7,10,5.7
경북대,한문학과,인문・사회계열,일반전형,82,3,4,9.8
경북대,일어일문학과,인문・사회계열,일반전형,80,1,5,6.6
경북대,자율미래인재학부,공학계열,일반전형,66,14,17,5.6
경북대,자연과학대학 자율학부,자연과학계열,일반전형,87,1,7,7.3
경북대,농업토목공학과,자연과학계열,일반전형,84,,5,6.6
경북대,건축학부(건축공학전공),공학계열,일반전형,82,8,8,7.3
경북대,경상대학 자율학부,인문・사회계열,일반전형,82,9,11,5.1
경북대,역사교육과,인문・사회계열,일반전형,85,7,4,7
경북대,말/특수동물학과,자연과학계열,일반전형,66,2,5,7.4
경북대,"사회복지학부(사회복지미시전공, 사회복지거시전공)",인문・사회계열,일반전형,79,1,7,6.7
경북대,식품영양학과,자연과학계열,일반전형,81,3,6,10.8
경북대,의류학과,자연과학계열,일반전형,82,2,5,10.6
경북대,신소재공학과,공학계열,일반전형,85,5,12,6.5
경북대,나노신소재공학과,공학계열,일반전형,68,4,6,5.5
경북대,바이오섬유소재학과,자연과학계열,일반전형,86,5,6,10.7
경북대,금속재료공학과,공학계열,일반전형,84,5,10,5.7
경북대,응용화학공학부,공학계열,일반전형,86,8,14,5.9
경북대,치의예과,자연과학계열,일반전형,98,6,17,4.2
경북대,스마트생물산업기계공학과,자연과학계열,일반전형,82,2,8,7
경북대,"응용생명과학부(식물생명과학전공, 환경생명화학전공)",자연과학계열,일반전형,77,13,13,7.1
경북대,전자공학부(인공지능전공),공학계열,일반전형,86,11,16,8
경북대,위치정보시스템학과,공학계열,일반전형,58,2,5,11
경북대,스마트플랜트공학과,공학계열,일반전형,64,5,6,6.8
경북대,통계학과,자연과학계열,일반전형,81,2,4,16.8
경북대,물리학과,자연과학계열,일반전형,80,8,13,5.5
경북대,전기공학과,공학계열,일반전형,91,13,13,7.3
경북대,에너지화학공학과,공학계열,일반전형,66,9,9,6.2
경북대,경제통상학부,인문・사회계열,일반전형,78,11,29,4.6
경북대,미디어커뮤니케이션학과,인문・사회계열,일반전형,81,7,6,6
경북대,정치외교학과,인문・사회계열,일반전형,78,,7,5.3
경북대,행정학부,인문・사회계열,일반전형,81,6,10,3.9
경북대,국어교육과,인문・사회계열,일반전형,84,12,12,6.8
경북대,자율전공학부,공학계열,일반전형,79,47,81,4.2
경북대,축산학과,자연과학계열,일반전형,52,2,4,9.8
경북대,생물학과,자연과학계열,일반전형,80,3,8,11.4
경북대,식물의학과,자연과학계열,일반전형,81,5,7,10
경북대,수의예과,자연과학계열,일반전형,97,3,6,11.3
경북대,화학과,자연과학계열,일반전형,81,2,8,5.9
경북대,환경공학과,공학계열,일반전형,83,6,8,10.6
경북대,기계공학부,공학계열,일반전형,87,18,27,5.1
경북대,곤충생명과학과,자연과학계열,일반전형,63,1,4,12.5
경북대,자동차공학과,공학계열,일반전형,61,13,11,5.6
경북대,간호학과,자연과학계열,지역인재,87,7,20,4.1
경북대,의예과,자연과학계열,지역인재,98,6,13,4.6
경상국립대,수의예과,자연과학계열,일반전형,95,9,7,9.86
경상국립대,간호학과,자연과학계열,일반전형,80,10,13,6.38
경상국립대,약학과(6년제),자연과학계열,일반전형,92,13,7,8.43
경상국립대,의예과,자연과학계열,일반전형,97,18,7,10.29
경상국립대,수의예과,자연과학계열,지역인재,96,5,6,5.83
경상국립대,약학과(6년제),자연과학계열,지역인재,94,1,6,5.33
경상국립대,간호학과,자연과학계열,지역인재,75,9,12,3.83
경상국립대,의예과,자연과학계열,지역인재,96,9,19,3.26
경성대,약학과,자연과학계열,일반전형,96,43,20,8.1
경희대,경영회계계열,인문・사회계열,저소득,83,1,5,5.4
경희대,기계공학부,공학계열,저소득,86,6,4,5.75
경희대,Hospitality경영학과,인문・사회계열,일반전형,89,14,43,3.23
경희대,빅데이터응용학과,인문・사회계열,일반전형,92,8,12,4.67
경희대,무역학과,인문・사회계열,일반전형,92,14,30,2.93
경희대,사회학과,인문・사회계열,일반전형,90,6,13,2.92
경희대,정치외교학과,인문・사회계열,일반전형,88,11,16,4.81
경희대,행정학과,인문・사회계열,일반전형,89,14,29,3.76
경희대,경제학과,인문・사회계열,일반전형,91,25,44,4.66
경희대,컴퓨터공학과,공학계열,일반전형,89,16,44,3.34
경희대,전자공학부 반도체공학과,공학계열,일반전형,92,9,13,4
경희대,자율전공학부,인문・사회계열,일반전형,90,64,71,4.27
경희대,생체의공학과,공학계열,일반전형,90,30,29,5.24
경희대,생물학과,자연과학계열,일반전형,90,14,19,4.05
경희대,화학과,자연과학계열,일반전형,91,11,19,4.42
경희대,지리학과(인문계열),인문・사회계열,일반전형,92,2,13,3.77
경희대,글로벌커뮤니케이션학부,인문・사회계열,일반전형,86,15,34,3.82
경희대,국어국문학과,인문・사회계열,일반전형,87,15,17,5.47
경희대,한국어학과,인문・사회계열,일반전형,90,9,10,5.1
경희대,일본어학과,인문・사회계열,일반전형,84,14,22,4.82
경희대,주거환경학과(인문),인문・사회계열,일반전형,89,6,16,4.38
경희대,경영회계계열,인문・사회계열,일반전형,90,49,115,3.47
경희대,미래정보디스플레이학부,자연과학계열,일반전형,91,21,36,4.03
경희대,전자공학부 전자공학과,공학계열,일반전형,88,39,54,3.7
경희대,사학과,인문・사회계열,일반전형,84,1,12,4.42
경희대,철학과,인문・사회계열,일반전형,87,11,14,5.07
경희대,자유전공학부,공학계열,일반전형,92,40,76,3.45
경희대,응용영어통번역학과,인문・사회계열,일반전형,88,3,17,4.41
경희대,중국어학과,인문・사회계열,일반전형,88,6,23,4.3
경희대,영어영문학과,인문・사회계열,일반전형,87,5,19,4.47
경희대,러시아어학과,인문・사회계열,일반전형,88,4,18,4.56
경희대,스페인어학과,인문・사회계열,일반전형,84,4,18,6.44
경희대,프랑스어학과,인문・사회계열,일반전형,89,10,18,5.22
경희대,인공지능학과,공학계열,일반전형,91,10,20,5.05
경희대,식품영양학과,자연과학계열,일반전형,89,11,15,5
경희대,약과학과,자연과학계열,일반전형,92,8,9,5.22
경희대,아동가족학과,인문・사회계열,일반전형,86,4,11,5.55
경희대,간호학과,자연과학계열,일반전형,89,51,39,4.69
경희대,한약학과,자연과학계열,일반전형,93,2,18,5.56
경희대,지리학과(자연계열),자연과학계열,일반전형,89,15,14,3.71
경희대,소프트웨어융합학과,공학계열,일반전형,90,14,29,4.48
경희대,미디어학과,인문・사회계열,일반전형,89,18,22,3.41
경희대,물리학과,자연과학계열,일반전형,91,12,20,5.15
경희대,의상학과,인문・사회계열,일반전형,84,2,16,3.5
경희대,글로벌Hospitality・관광학과,인문・사회계열,일반전형,91,1,5,9
경희대,조리&푸드디자인학과,인문・사회계열,일반전형,88,1,5,5.4
경희대,수학과,자연과학계열,일반전형,90,9,19,3.89
경희대,관광・엔터테인먼트학부,인문・사회계열,일반전형,90,13,26,5.62
경희대,체육학과,예체능계열,일반전형,80,4,33,3.7
경희대,응용물리학과,자연과학계열,일반전형,90,9,19,3.79
경희대,건축학과,공학계열,일반전형,89,16,25,4.2
경희대,건축공학과,공학계열,일반전형,87,16,37,3.7
경희대,의류디자인학과,예체능계열,일반전형,83,2,6,5.67
경희대,우주과학과,자연과학계열,일반전형,89,11,19,6.58
경희대,스마트팜과학과,자연과학계열,일반전형,89,4,9,6.33
경희대,융합바이오・신소재공학과,자연과학계열,일반전형,90,8,10,4.4
경희대,약학과(6년제),자연과학계열,일반전형,97,27,21,5.81
경희대,산업디자인학과,예체능계열,일반전형,75,4,10,4.5
경희대,스포츠의학과,예체능계열,일반전형,81,6,21,4.52
경희대,환경학및환경공학과,공학계열,일반전형,89,7,23,5.26
경희대,식품생명공학과,자연과학계열,일반전형,93,9,8,6
경희대,화학공학과,공학계열,일반전형,91,24,31,4.39
경희대,산업경영공학과,공학계열,일반전형,90,24,35,4.29
경희대,사회기반시스템공학과,공학계열,일반전형,90,20,37,4.03
경희대,유전생명공학과,자연과학계열,일반전형,91,8,11,9.18
경희대,응용수학과,자연과학계열,일반전형,91,14,17,3.59
경희대,응용화학과,자연과학계열,일반전형,90,9,26,3.85
경희대,골프산업학과,예체능계열,일반전형,79,3,23,4.7
경희대,연극영화학과,예체능계열,일반전형,77,,8,5
경희대,신소재공학과,공학계열,일반전형,92,32,34,4.09
경희대,국제학과,인문・사회계열,일반전형,90,34,60,3.47
경희대,의예과(자연계열),자연과학계열,일반전형,98,32,55,4.31
경희대,치의예과(자연계열),자연과학계열,일반전형,98,22,40,3.35
경희대,한의예과(자연계열),자연과학계열,일반전형,97,9,44,3.3
경희대,원자력공학과,공학계열,일반전형,90,14,27,3.96
경희대,한의예과(인문계열),자연과학계열,일반전형,98,2,15,4.8
경희대,기계공학부,공학계열,일반전형,91,72,67,4.4
경희대,경영회계계열,인문・사회계열,농어촌,84,15,9,5.22
경희대,화학공학과,공학계열,농어촌,89,3,4,3.75
경희대,기계공학부,공학계열,농어촌,83,7,5,5
계명대,약학부,자연과학계열,일반전형,95,89,6,61.17
계명대,간호학과,자연과학계열,일반전형,70,58,47,7.02
계명대,의예과,자연과학계열,일반전형,96,81,15,14.87
고려대,경영대학,인문・사회계열,농어촌,92,11,10,3.1
고려대,신소재공학부,공학계열,농어촌,94,1,4,4.25
고려대,경제학과,인문・사회계열,농어촌,91,,4,3.25
고려대,전기전자공학부,공학계열,농어촌,93,7,7,4.29
고려대,기계공학부,공학계열,농어촌,91,3,4,4.5
고려대,수학교육과,자연과학계열,교과우수,93,,5,5.2
고려대,가정교육과,자연과학계열,교과우수,93,1,5,5.6
고려대,지리교육과,인문・사회계열,교과우수,93,,5,3
고려대,자유전공학부,인문・사회계열,교과우수,94,4,14,4.21
고려대,철학과,인문・사회계열,교과우수,93,,6,3.17
고려대,건축사회환경공학부,공학계열,교과우수,94,2,13,4.38
고려대,건축학과,공학계열,교과우수,94,1,6,2.83
고려대,역사교육과,인문・사회계열,교과우수,93,,4,2.5
고려대,정치외교학과,인문・사회계열,교과우수,95,3,11,3.09
고려대,미디어학부,인문・사회계열,교과우수,94,,8,3.38
고려대,사회학과,인문・사회계열,교과우수,95,,11,2.73
고려대,행정학과,인문・사회계열,교과우수,93,1,10,4
고려대,영어교육과,인문・사회계열,교과우수,94,,8,5.13
고려대,국어교육과,인문・사회계열,교과우수,93,,7,2.14
고려대,교육학과,인문・사회계열,교과우수,93,1,7,6.86
고려대,언어학과,인문・사회계열,교과우수,94,1,4,5
고려대,사학과,인문・사회계열,교과우수,93,,6,4
고려대,불어불문학과,인문・사회계열,교과우수,93,,5,6.2
고려대,데이터과학과,공학계열,교과우수,92,2,5,3.6
고려대,일어일문학과,인문・사회계열,교과우수,94,,6,8.67
고려대,국어국문학과,인문・사회계열,교과우수,92,,8,4.5
고려대,중어중문학과,인문・사회계열,교과우수,94,1,7,5
고려대,경영대학,인문・사회계열,교과우수,95,9,46,2.78
고려대,영어영문학과,인문・사회계열,교과우수,93,1,14,4.71
고려대,서어서문학과,인문・사회계열,교과우수,91,1,7,4
고려대,노어노문학과,인문・사회계열,교과우수,92,,5,6.4
고려대,독어독문학과,인문・사회계열,교과우수,92,,5,6.6
고려대,바이오시스템의과학부,자연과학계열,교과우수,93,1,9,3.67
고려대,바이오의공학부,공학계열,교과우수,94,2,12,4.08
고려대,보건정책관리학부,인문・사회계열,교과우수,94,1,11,4.09
고려대,융합에너지공학과,공학계열,교과우수,95,1,4,5.75
고려대,신소재공학부,공학계열,교과우수,95,6,20,4.05
고려대,수학과,자연과학계열,교과우수,94,,7,2.71
고려대,식품공학과,자연과학계열,교과우수,93,,6,4.33
고려대,통계학과,인문・사회계열,교과우수,93,1,10,2.8
고려대,스마트보안학부,공학계열,교과우수,93,,6,3.67
고려대,심리학부,인문・사회계열,교과우수,94,1,4,5.75
고려대,보건환경융합과학부,자연과학계열,교과우수,93,1,16,3.94
고려대,간호대학,자연과학계열,교과우수,94,3,9,2.67
고려대,의예과,자연과학계열,교과우수,99,,19,3.32
고려대,물리학과,자연과학계열,교과우수,93,,7,4.71
고려대,환경생태공학부,자연과학계열,교과우수,93,1,10,4
고려대,지구환경과학과,자연과학계열,교과우수,93,2,5,4
고려대,화학과,자연과학계열,교과우수,93,1,6,4.17
고려대,국제학부,인문・사회계열,교과우수,92,1,4,4.25
고려대,경제학과,인문・사회계열,교과우수,94,5,18,4.44
고려대,전기전자공학부,공학계열,교과우수,94,25,33,3.42
고려대,기계공학부,공학계열,교과우수,95,1,19,3.32
고려대,식품자원경제학과,인문・사회계열,교과우수,94,,8,3.38
고려대,산업경영공학부,공학계열,교과우수,94,1,7,11.14
고려대,컴퓨터학과,공학계열,교과우수,95,6,15,4.8
고려대,인공지능학과,공학계열,교과우수,95,4,12,7.67
고려대,생명과학부,자연과학계열,교과우수,94,1,14,3.43
고려대,생명공학부,자연과학계열,교과우수,91,6,15,2.67
고려대,공과대학,공학계열,교과우수,95,16,38,3.21
고려대,화공생명공학과,공학계열,교과우수,94,5,12,3.25
고려대,반도체공학과,공학계열,계약학과,97,37,15,7.47
고려대,차세대통신학과,공학계열,계약학과,97,12,10,6.7
고려대,스마트모빌리티학부,공학계열,계약학과,98,27,21,4.71
고려대,사이버국방학과,공학계열,계약학과,92,1,20,2.45
고려대,심리학부,인문・사회계열,일반전형,95,,7,8.86
고려대,체육교육과,예체능계열,일반전형,87,10,40,4.28
고려대,수학교육과,자연과학계열,일반전형,96,5,9,4.56
고려대,가정교육과,자연과학계열,일반전형,91,,9,4.89
고려대,지리교육과,인문・사회계열,일반전형,94,,8,3.75
고려대,건축학과,공학계열,일반전형,95,2,9,3.33
고려대,자유전공학부,인문・사회계열,일반전형,95,13,23,4.43
고려대,철학과,인문・사회계열,일반전형,94,1,11,5.27
고려대,건축사회환경공학부,공학계열,일반전형,96,4,19,3.84
고려대,역사교육과,인문・사회계열,일반전형,93,1,7,3.71
고려대,정치외교학과,인문・사회계열,일반전형,94,8,20,3.3
고려대,미디어학부,인문・사회계열,일반전형,94,4,12,5
고려대,사회학과,인문・사회계열,일반전형,95,,20,3.75
고려대,행정학과,인문・사회계열,일반전형,94,4,19,3.84
고려대,영어교육과,인문・사회계열,일반전형,93,1,14,3.43
고려대,국어교육과,인문・사회계열,일반전형,95,1,10,2.9
고려대,교육학과,인문・사회계열,일반전형,94,2,12,4.5
고려대,언어학과,인문・사회계열,일반전형,94,1,6,6.5
고려대,한국사학과,인문・사회계열,일반전형,94,1,6,4.33
고려대,사학과,인문・사회계열,일반전형,93,1,11,3.64
고려대,불어불문학과,인문・사회계열,일반전형,95,,9,3.89
고려대,데이터과학과,공학계열,일반전형,96,7,10,4.7
고려대,일어일문학과,인문・사회계열,일반전형,93,2,11,3.64
고려대,국어국문학과,인문・사회계열,일반전형,94,,14,3.14
고려대,한문학과,인문・사회계열,일반전형,94,,7,4.29
고려대,중어중문학과,인문・사회계열,일반전형,93,,12,3.83
고려대,경영대학,인문・사회계열,일반전형,95,65,78,3.85
고려대,학부대학,공학계열,일반전형,95,17,21,4.67
고려대,영어영문학과,인문・사회계열,일반전형,94,3,24,2.88
고려대,서어서문학과,인문・사회계열,일반전형,93,,11,4.45
고려대,노어노문학과,인문・사회계열,일반전형,92,,8,5.25
고려대,독어독문학과,인문・사회계열,일반전형,93,1,8,5
고려대,바이오시스템의과학부,자연과학계열,일반전형,95,8,21,3.43
고려대,바이오의공학부,공학계열,일반전형,95,7,24,3.58
고려대,보건정책관리학부,인문・사회계열,일반전형,93,1,17,6.76
고려대,융합에너지공학과,공학계열,일반전형,96,2,8,5.5
고려대,신소재공학부,공학계열,일반전형,95,12,35,3.54
고려대,수학과,자연과학계열,일반전형,95,10,19,2.68
고려대,식품공학과,자연과학계열,일반전형,95,2,12,5.33
고려대,통계학과,인문・사회계열,일반전형,95,3,21,3.9
고려대,스마트보안학부,공학계열,일반전형,97,5,14,4.64
고려대,물리학과,자연과학계열,일반전형,94,13,15,3.6
고려대,보건환경융합과학부,자연과학계열,일반전형,95,4,31,4.39
고려대,디자인조형학부,예체능계열,일반전형,91,3,35,6.51
고려대,간호대학,자연과학계열,일반전형,96,5,16,2.63
고려대,의예과,자연과학계열,일반전형,99,4,22,3.86
고려대,환경생태공학부,자연과학계열,일반전형,95,1,16,3.25
고려대,지구환경과학과,자연과학계열,일반전형,94,1,9,4.44
고려대,화학과,자연과학계열,일반전형,95,7,17,5.12
고려대,기계공학부,공학계열,일반전형,96,20,37,3.08
고려대,국제학부,인문・사회계열,일반전형,95,1,11,5.82
고려대,경제학과,인문・사회계열,일반전형,95,17,33,2.94
고려대,전기전자공학부,공학계열,일반전형,96,65,69,4.04
고려대,산업경영공학부,공학계열,일반전형,96,6,12,3.67
고려대,컴퓨터학과,공학계열,일반전형,96,17,43,3.98
고려대,인공지능학과,공학계열,일반전형,95,3,28,4.54
고려대,화공생명공학과,공학계열,일반전형,95,20,26,4
고려대,식품자원경제학과,인문・사회계열,일반전형,95,2,13,5.85
고려대,생명과학부,자연과학계열,일반전형,94,6,25,2.96
고려대,생명공학부,자연과학계열,일반전형,94,16,28,4.57
고려대(세종),표준・지식학과,인문・사회계열,일반전형,70,8,19,6.95
고려대(세종),스마트도시학부,공학계열,일반전형,61,28,27,2.63
고려대(세종),융합경영학부,인문・사회계열,일반전형,71,29,60,5.02
고려대(세종),지능형반도체공학과,공학계열,일반전형,63,50,43,3.14
고려대(세종),미래모빌리티학과,공학계열,일반전형,60,16,26,3.5
고려대(세종),자유전공학부(과학기술),공학계열,일반전형,76,3,10,11.6
고려대(세종),약학과,자연과학계열,일반전형,95,6,5,9.6
고려대(세종),국제스포츠학부,예체능계열,일반전형,60,5,24,5.58
고려대(세종),경제통계학부,인문・사회계열,일반전형,76,26,26,5.5
고려대(세종),응용수리과학부,자연과학계열,일반전형,66,25,18,3.56
고려대(세종),자유전공학부(문화스포츠),인문・사회계열,일반전형,66,8,10,5.9
고려대(세종),자유전공학부(공공정책),인문・사회계열,일반전형,74,19,13,7.15
고려대(세종),반도체물리학부,자연과학계열,일반전형,63,34,32,2.78
고려대(세종),첨단융합신약학과,자연과학계열,일반전형,77,19,17,4.18
고려대(세종),디지털헬스케어공학과,공학계열,일반전형,72,10,14,6.71
고려대(세종),글로벌학부,인문・사회계열,일반전형,71,43,49,4.9
고려대(세종),신소재화학과,자연과학계열,일반전형,68,36,25,3.24
고려대(세종),인공지능사이버보안학과,공학계열,일반전형,61,19,34,2.71
고려대(세종),문화창의학부,인문・사회계열,일반전형,68,15,17,7
고려대(세종),문화유산융합학부,인문・사회계열,일반전형,68,21,19,8.37
고려대(세종),전자및정보공학과,공학계열,일반전형,72,132,72,3.6
고려대(세종),컴퓨터소프트웨어학과,공학계열,일반전형,63,63,45,3.31
고려대(세종),자유전공학부(글로벌비즈니스),인문・사회계열,일반전형,71,62,18,9.72
고려대(세종),식품생명공학과,공학계열,일반전형,66,50,30,4.53
고려대(세종),환경시스템공학과,공학계열,일반전형,62,47,33,3.18
고려대(세종),빅데이터사이언스학부,자연과학계열,일반전형,71,54,18,7.83
고려대(세종),전자·기계융합공학과,공학계열,일반전형,66,53,35,3.43
고려대(세종),생명정보공학과,공학계열,일반전형,59,47,31,2.87
고려대(세종),정부행정학부,인문・사회계열,일반전형,74,49,16,9.63
고려대(세종),공공사회·통일외교학부,인문・사회계열,일반전형,72,47,21,8.62
고려대(세종),융합경영학부,인문・사회계열,농어촌,67,1,4,5
고려대(세종),글로벌학부,인문・사회계열,농어촌,66,2,4,5.5
고려대(세종),전자및정보공학과,공학계열,농어촌,63,3,4,2
고려대(세종),약학과,자연과학계열,지역인재,95,4,6,7
고신대,간호학과,자연과학계열,일반전형,73,34,10,12.6
고신대,의예과,자연과학계열,일반전형,98,106,12,28.25
고신대,의예과,자연과학계열,지역인재,96,52,8,19.25
광운대,AI로봇전공,공학계열,일반전형,83,35,29,4.76
광운대,전자공학과,공학계열,일반전형,87,22,18,6.61
광운대,전기공학과,공학계열,일반전형,84,17,10,6.4
광운대,환경공학과,공학계열,일반전형,84,4,8,9
광운대,화학과,자연과학계열,일반전형,81,6,8,7.25
광운대,화학공학과,공학계열,일반전형,87,10,11,6.18
광운대,정보융합학부,공학계열,일반전형,82,6,13,5.77
광운대,건축학과,공학계열,일반전형,83,15,12,7.08
광운대,건축공학과,공학계열,일반전형,85,7,8,8.75
광운대,전자융합공학과,공학계열,일반전형,81,8,9,6.67
광운대,전자바이오물리학과,자연과학계열,일반전형,83,5,7,12.14
광운대,반도체시스템공학부,공학계열,일반전형,84,25,22,5.45
광운대,수학과,자연과학계열,일반전형,83,7,7,12
광운대,전자재료공학과,공학계열,일반전형,86,7,10,6.9
광운대,컴퓨터정보공학부,공학계열,일반전형,83,11,12,9.5
광운대,전자통신공학과,공학계열,일반전형,84,12,9,6.56
광운대,소프트웨어학부,공학계열,일반전형,84,10,14,6
광운대,미디어커뮤니케이션학부,인문・사회계열,일반전형,80,10,14,5.64
광운대,경영학부 경영학전공,인문・사회계열,일반전형,85,10,21,5.48
광운대,산업심리학과,인문・사회계열,일반전형,82,3,10,7
광운대,국어국문학과,인문・사회계열,일반전형,79,1,6,6.83
광운대,경영학부 빅데이터경영전공,인문・사회계열,일반전형,80,3,15,5.73
광운대,국제통상학부,인문・사회계열,일반전형,79,6,11,6.09
광운대,동북아문화산업학부,인문・사회계열,일반전형,81,4,10,6.2
광운대,법학부,인문・사회계열,일반전형,81,11,15,6.07
광운대,국제학부,인문・사회계열,일반전형,82,1,6,6.67
광운대,행정학과,인문・사회계열,일반전형,81,2,8,5.63
광운대,영어산업학과,인문・사회계열,일반전형,79,2,8,6
광운대,자율전공학부(인문),공학계열,일반전형,82,118,146,7.34
광운대,자율전공학부(자연),공학계열,일반전형,82,182,257,6.5
광운대,스포츠융합과학과,예체능계열,일반전형,55,11,21,7.81
광운대,전기공학과,공학계열,기회균형,76,2,3,7.33
광운대,환경공학과,공학계열,기회균형,70,2,2,7
광운대,화학과,자연과학계열,기회균형,70,4,2,8
광운대,화학공학과,공학계열,기회균형,75,3,3,7
광운대,전자공학과,공학계열,기회균형,82,,6,10.17
광운대,정보융합학부,공학계열,기회균형,79,,4,6.75
광운대,건축학과,공학계열,기회균형,76,2,2,6.5
광운대,건축공학과,공학계열,기회균형,78,,2,7
광운대,전자융합공학과,공학계열,기회균형,79,,3,8
광운대,AI로봇전공,공학계열,기회균형,76,3,4,6.75
광운대,반도체시스템공학부,공학계열,기회균형,75,3,4,6.75
광운대,수학과,자연과학계열,기회균형,76,2,2,8
광운대,전자재료공학과,공학계열,기회균형,84,2,3,6.33
광운대,컴퓨터정보공학부,공학계열,기회균형,75,5,4,7.5
광운대,전자바이오물리학과,자연과학계열,기회균형,75,,2,8
광운대,전자통신공학과,공학계열,기회균형,78,1,3,8
광운대,소프트웨어학부,공학계열,기회균형,76,3,4,7.25
광운대,미디어커뮤니케이션학부,인문・사회계열,기회균형,82,4,3,9.67
광운대,경영학부 경영학전공,인문・사회계열,기회균형,77,3,5,8.4
광운대,산업심리학과,인문・사회계열,기회균형,75,,2,10.5
광운대,국어국문학과,인문・사회계열,기회균형,79,,2,9.5
광운대,경영학부 빅데이터경영전공,인문・사회계열,기회균형,72,1,2,7.5
광운대,국제통상학부,인문・사회계열,기회균형,78,1,2,10.5
광운대,동북아문화산업학부,인문・사회계열,기회균형,76,,2,13
광운대,법학부,인문・사회계열,기회균형,76,2,4,7.5
광운대,국제학부,인문・사회계열,기회균형,69,2,2,9.5
광운대,행정학과,인문・사회계열,기회균형,77,1,2,8.5
광운대,영어산업학과,인문・사회계열,기회균형,73,,2,10
국민대,자유전공(B),인문・사회계열,일반학생전형,83,104,121,4.63
국민대,교육학과,인문・사회계열,일반학생전형,83,11,12,5.91
국민대,인공지능학부,공학계열,일반학생전형,88,23,11,6.54
국민대,스포츠교육학과,예체능계열,일반학생전형,57,2,20,23.55
국민대,스포츠산업레저학과,예체능계열,일반학생전형,74,4,21,8.95
국민대,나노소재전공,자연과학계열,일반학생전형,87,3,5,13.6
국민대,자동차•운송디자인학과,예체능계열,일반학생전형,93,1,18,4.94
국민대,경영학전공,인문・사회계열,일반학생전형,87,25,28,5.25
국민대,정보보안암호수학과,자연과학계열,일반학생전형,85,2,4,12.75
국민대,회화전공,예체능계열,일반학생전형,42,1,21,4.23
국민대,융합바이오공학과,자연과학계열,일반학생전형,86,10,5,6.8
국민대,공간디자인학과,예체능계열,일반학생전형,84,0,24,4.83
국민대,도자공예학과,예체능계열,일반학생전형,73,0,15,7.33
국민대,금속공예학과,예체능계열,일반학생전형,86,1,16,6.25
국민대,영상디자인학과,예체능계열,일반학생전형,75,1,20,4.45
국민대,공업디자인학과,예체능계열,일반학생전형,89,2,21,4.9
국민대,의상디자인학과,예체능계열,일반학생전형,75,0,22,5.18
국민대,시각디자인학과,예체능계열,일반학생전형,91,3,9,3.55
국민대,AI디자인학과,예체능계열,일반학생전형,79,0,12,6.5
국민대,자유전공(A),인문・사회계열,일반학생전형,78,121,120,5.75
국민대,미래융합전공(A),인문・사회계열,일반학생전형,86,104,151,4.62
국민대,미래융합전공(B),인문・사회계열,일반학생전형,83,103,177,4.16
국민대,미래융합전공(C),인문・사회계열,일반학생전형,78,25,65,7.38
국민대,행정학과,인문・사회계열,일반학생전형,83,8,9,10.66
국민대,정치외교학과,인문・사회계열,일반학생전형,84,7,9,6.77
국민대,러시아・유라시아학과,인문・사회계열,일반학생전형,86,2,6,5
국민대,국제통상학과,인문・사회계열,일반학생전형,85,14,14,8.35
국민대,지능형반도체융합전자전공,공학계열,일반학생전형,85,24,8,13.12
국민대,소프트웨어학부,공학계열,일반학생전형,82,21,15,7.4
국민대,AI빅데이터융합경영학과,인문・사회계열,일반학생전형,84,16,8,13.87
국민대,AI빅데이터융합경영학과(자연),인문・사회계열,일반학생전형,87,5,5,13.2
국민대,나노전자물리학과,자연과학계열,일반학생전형,89,7,4,24.25
국민대,KMU International Business school,인문・사회계열,일반학생전형,86,19,15,11.46
국민대,한국역사학과,인문・사회계열,일반학생전형,87,15,5,16.4
국민대,경영정보학부,인문・사회계열,일반학생전형,86,10,5,12
국민대,기계공학부,공학계열,일반학생전형,86,19,10,17.9
국민대,경제학과,인문・사회계열,일반학생전형,90,14,10,15.7
국민대,동아시아국제학부,인문・사회계열,일반학생전형,88,1,4,15.25
국민대,법학부,인문・사회계열,일반학생전형,87,25,13,11.61
단국대,상담학과,인문・사회계열,일반전형,83,3,9,4.56
단국대,화학공학과,공학계열,일반전형,82,24,22,4.41
단국대,공연영화학부 영화전공,예체능계열,일반전형,81,8,15,4.67
단국대,공연영화학부 연극전공,예체능계열,일반전형,82,1,5,4.8
단국대,기계공학과,공학계열,일반전형,82,15,15,4.33
단국대,전자전기공학과,공학계열,일반전형,89,21,17,4.88
단국대,국제경영학과,인문・사회계열,일반전형,84,16,16,6.38
단국대,건축학부 건축공학전공,공학계열,일반전형,84,13,13,4.15
단국대,고분자시스템공학부 고분자공학전공,공학계열,일반전형,82,10,12,4.83
단국대,인프라건설공학과,공학계열,일반전형,81,10,23,4.3
단국대,고분자시스템공학부 융합소재공학전공,공학계열,일반전형,83,12,10,4
단국대,융합반도체공학과,공학계열,일반전형,86,21,13,4.54
단국대,미디어커뮤니케이션학부,인문・사회계열,일반전형,85,6,15,5.47
단국대,영미인문학과,인문・사회계열,일반전형,81,6,13,6.15
단국대,사학과,인문・사회계열,일반전형,82,5,14,5.14
단국대,건축학부 건축학전공(5년제),공학계열,일반전형,83,12,16,4.13
단국대,철학과,인문・사회계열,일반전형,82,4,8,6.13
단국대,경영학부,인문・사회계열,일반전형,82,20,57,4.16
단국대,국어국문학과,인문・사회계열,일반전형,80,3,11,5.09
단국대,행정학과,인문・사회계열,일반전형,84,2,10,5
단국대,법학과,인문・사회계열,일반전형,84,6,20,4.85
단국대,사이버보안학과,공학계열,일반전형,82,9,15,4.6
단국대,소프트웨어학과,공학계열,일반전형,84,7,10,6.9
단국대,컴퓨터공학과,공학계열,일반전형,85,13,12,4.92
단국대,인공지능학과,공학계열,일반전형,79,18,19,5.79
단국대,도시계획・부동산학부,인문・사회계열,일반전형,83,9,13,5
단국대,경제학과,인문・사회계열,일반전형,86,3,13,4.23
단국대,정치외교학과,인문・사회계열,일반전형,84,1,11,5.73
단국대,통계데이터사이언스학과,인문・사회계열,일반전형,82,5,15,4.73
단국대,무역학과,인문・사회계열,일반전형,83,9,12,5.75
단국대,특수교육과,인문・사회계열,일반전형,82,21,18,8.17
단국대,한문교육과,인문・사회계열,일반전형,81,6,9,9.33
단국대,과학교육과,자연과학계열,일반전형,82,25,12,8.5
단국대,수학교육과,자연과학계열,일반전형,87,11,9,8.44
단국대,퇴계혁신칼리지,인문・사회계열,일반전형,81,146,256,4.75
단국대,체육교육과,예체능계열,일반전형,74,21,30,7.33
단국대,모바일시스템공학과,공학계열,일반전형,82,23,17,6.12
단국대(천안),약학과,자연과학계열,지역인재,93,13,6,7
단국대(천안),치의예과,자연과학계열,지역인재,94,8,13,4.31
단국대(천안),의예과,자연과학계열,지역인재,96,16,8,10.5
단국대(천안),약학과,자연과학계열,일반전형,96,6,5,8.4
단국대(천안),간호학과,자연과학계열,일반전형,81,22,51,3.69
단국대(천안),치의예과,자연과학계열,일반전형,96,6,12,5.08
단국대(천안),의예과,자연과학계열,일반전형,97,72,7,25
대구가톨릭대,의예과,자연과학계열,농어촌,97,1,1,23
대구가톨릭대,간호학과,자연과학계열,일반전형,77,30,44,5.18
대구가톨릭대,약학부,자연과학계열,일반전형,92,5,10,9.1
대구가톨릭대,의예과,자연과학계열,일반전형,95,44,10,19.4
대구가톨릭대,약학부,자연과학계열,지역인재,94,6,8,7
대구가톨릭대,의예과,자연과학계열,지역기회균형,88,0,1,12
대구한의대,간호학과,자연과학계열,일반전형,65,4,16,5.7
대구한의대,한의예과(자연),자연과학계열,일반전형,96,2,15,5.5
대구한의대,한의예과(인문),자연과학계열,일반전형,97,9,7,12
대전대,한의예과,자연과학계열,일반전형,1,11,8,12.43
대전대,간호학과,자연과학계열,일반전형,80,12,9,8.67
대전대,한의예과,자연과학계열,지역인재,94,6,6,7.17
대전대,간호학과,자연과학계열,지역인재,80,2,4,7.33
덕성여대,가상현실융합학과,공학계열,수능100%전형,79,12,16,4.63
덕성여대,데이터사이언스학과,공학계열,수능100%전형,79,8,16,5.5
덕성여대,자유전공학부,공학계열,수능100%전형,77,99,109,6.72
덕성여대,AI신약학과,자연과학계열,수능100%전형,81,9,16,4.19
덕성여대,약학과(6년제),자연과학계열,수능100%전형,96,34,30,5.63
덕성여대,과학기술대학,공학계열,수능100%전형,79,46,88,3.92
덕성여대,유아교육과,인문・사회계열,수능100%전형,78,12,15,5.8
덕성여대,글로벌융합대학,인문・사회계열,수능100%전형,76,108,173,4.54
동국대,경영대학(광역화 모집단위),인문・사회계열,농어촌,81,41,9,14.89
동국대,경영대학(광역화 모집단위),인문・사회계열,일반전형,85,346,102,9.25
동국대,물리학과,자연과학계열,일반전형,88,12,8,8.38
동국대,바이오시스템대학(광역화 모집단위),자연과학계열,일반전형,88,42,25,7
동국대,지능형네트워크융합학과,공학계열,일반전형,89,11,9,10.67
동국대,의료인공지능공학과,공학계열,일반전형,90,38,15,8.8
동국대,열린전공학부(자연),인문・사회계열,일반전형,89,181,61,7.47
동국대,열린전공학부(인문),인문・사회계열,일반전형,87,191,70,8.33
동국대,경찰행정학부,인문・사회계열,일반전형,88,69,22,7.68
동국대,시스템반도체학부,공학계열,일반전형,87,59,23,8.17
동국대,경영대학(광역화 모집단위),인문・사회계열,저소득층,78,44,4,25.5
동국대,체육교육과,예체능계열,일반전형,63,0,11,8.09
동국대,컴퓨터・AI학부,공학계열,농어촌,82,1,5,3.6
동국대,법학과,인문・사회계열,농어촌,82,1,4,5.25
동국대,정치행정학부 북한학 전공,인문・사회계열,일반전형,89,1,4,6.5
동국대,화학과,자연과학계열,일반전형,89,15,12,4.17
동국대,전자전기공학부,공학계열,일반전형,89,47,66,4.3
동국대,기계로봇에너지공학과,공학계열,일반전형,89,40,37,3.97
동국대,경제학과,인문・사회계열,일반전형,88,40,39,3.97
동국대,국제통상학과,인문・사회계열,일반전형,86,21,26,3.85
동국대,사회복지학과,인문・사회계열,일반전형,86,7,4,7.75
동국대,건축공학부,공학계열,일반전형,87,26,20,4.33
동국대,수학교육과,자연과학계열,일반전형,90,8,12,4.64
동국대,가정교육과,자연과학계열,일반전형,89,10,11,5.45
동국대,지리교육과,인문・사회계열,일반전형,86,3,10,4.8
동국대,역사교육과,인문・사회계열,일반전형,86,4,10,7.5
동국대,국어교육과,인문・사회계열,일반전형,87,8,12,4.75
동국대,정치행정학부 행정학전공,인문・사회계열,일반전형,87,14,15,8
동국대,생명과학과,자연과학계열,일반전형,87,19,8,4.5
동국대,교육학과,인문・사회계열,일반전형,89,11,12,4.82
동국대,영화영상학과,예체능계열,일반전형,89,7,14,4.86
동국대,융합환경과학과,자연과학계열,일반전형,88,10,16,5.5
동국대,사회언론정보학부 미디어커뮤니케이션학전공,인문・사회계열,일반전형,89,17,19,4.05
동국대,식품산업관리학과,인문・사회계열,일반전형,88,11,10,5.5
동국대,문화재학과,인문・사회계열,일반전형,86,3,6,19.5
동국대,에너지신소재공학과,공학계열,일반전형,89,18,29,5.29
동국대,산업시스템공학과,공학계열,일반전형,88,27,27,4.41
동국대,중어중문학과,인문・사회계열,일반전형,89,7,14,7.79
동국대,전자전기공학부,공학계열,농어촌,84,2,5,3.4
동국대,기계로봇에너지공학과,공학계열,농어촌,83,2,4,3.75
동국대,컴퓨터・AI학부,공학계열,일반전형,88,79,74,4.11
동국대,컴퓨터・AI학부(인문),공학계열,일반전형,90,3,7,6.86
동국대,식품바이오융합공학과,공학계열,일반전형,88,8,14,5.14
동국대,불교학부,인문・사회계열,일반전형,90,12,28,6.16
동국대,건설환경공학과,공학계열,일반전형,88,12,14,4.79
동국대,사학과,인문・사회계열,일반전형,85,7,10,5.5
동국대,일본학과,인문・사회계열,일반전형,85,7,10,5.3
동국대,영어영문학부,인문・사회계열,일반전형,84,21,37,4.73
동국대,철학과,인문・사회계열,일반전형,91,2,4,10.25
동국대,수학과,자연과학계열,일반전형,89,3,11,7.1
동국대,화공생물공학과,공학계열,일반전형,90,23,24,4.13
동국대,정보통신공학과,공학계열,일반전형,88,26,32,4.9
동국대,국어국문문예창작학부,인문・사회계열,일반전형,87,8,12,5.75
동국대,약학과,자연과학계열,일반전형,97,4,10,6.1
동국대,통계학과,자연과학계열,일반전형,88,15,14,5.71
동국대,의생명공학과,공학계열,일반전형,90,6,9,5.44
동국대,정치행정학부 정치외교학 전공,인문・사회계열,일반전형,86,9,13,10.77
동국대,사회언론정보학부 사회학전공,인문・사회계열,일반전형,84,4,8,7.13
동국대,법학과,인문・사회계열,일반전형,86,29,48,4
동국대,광고홍보학과,인문・사회계열,일반전형,89,20,18,3.94
동국대(WISE),한의예과(자연),자연과학계열,일반전형,97,31,11,17.82
동국대(WISE),한의예과(인문),자연과학계열,일반전형,98,43,3,58.67
동국대(WISE),간호학과,자연과학계열,일반전형,70,38,15,7.73
동국대(WISE),의예과,자연과학계열,일반전형,97,20,9,17.67
동덕여대,약학과,자연과학계열,기회균등,85,3,4,8.25
동덕여대,경영융합학부,인문・사회계열,기회균등,62,2,4,6.5
동덕여대,약학과,자연과학계열,수능우수자,96,21,20,6.55
동덕여대,문화지식융합학부 데이터사이언스전공,자연과학계열,수능우수자,72,24,31,5.97
동덕여대,자율전공학부,예체능계열,수능우수자,71,58,93,5.97
동덕여대,앙트러프러너리얼리더십학부 앙트러프러너십전공,예체능계열,수능우수자,71,7,5,15.6
동덕여대,미술학부 큐레이터학전공,예체능계열,수능우수자,72,6,13,7.77
동덕여대,인문사회문화학부,예체능계열,수능우수자,76,94,125,5.38
동덕여대,자연정보융합학부,자연과학계열,수능우수자,78,38,43,5.44
동덕여대,경영융합학부,인문・사회계열,농어촌,69,1,7,3.71
동신대,간호학과,자연과학계열,저소득층,45,0,5,1.4
동신대,한의예과,자연과학계열,일반전형,93,5,10,12.3
동신대,간호학과,자연과학계열,일반전형,60,6,7,7
동아대,의예과,자연과학계열,지역인재,99,8,20,4.5
동아대,간호학과,자연과학계열,일반전형,75,16,57,4.62
동아대,의예과,자연과학계열,일반전형,98,17,20,8.8
동의대,한의예과(미적분/기하),자연과학계열,일반전형,95,10,11,6.18
동의대,간호학과,자연과학계열,일반전형,69,17,20,7
동의대,한의예과(확률과통계),자연과학계열,일반전형,96,2,3,12
명지대(서울),자율전공학부(인문),자연과학계열,일반전형,82,78,140,4.99
명지대(서울),미디어・휴먼라이프대학,인문・사회계열,일반전형,82,12,23,4.74
명지대(서울),인문대학,인문・사회계열,일반전형,81,31,85,4.06
명지대(서울),사회과학대학,인문・사회계열,일반전형,82,42,89,4.47
명지대(서울),경영대학,인문・사회계열,일반전형,86,62,58,7.97
명지대(서울),인공지능・소프트웨어융합대학,공학계열,일반전형,83,35,26,8.19
명지대(서울),미술사・역사학전공,인문・사회계열,농어촌,80,,1,8
명지대(용인),스마트시스템공과대학,공학계열,일반전형,82,36,107,4.37
명지대(용인),반도체・ICT대학,공학계열,일반전형,82,55,138,3.43
명지대(용인),화학・생명과학대학,자연과학계열,일반전형,79,39,42,5.81
명지대(용인),건축대학,공학계열,일반전형,87,4,9,4.67
명지대(용인),자율전공학부(자연),자연과학계열,일반전형,83,78,73,5.95
목포대,약학과,자연과학계열,일반전형,1,9,8,14.75
목포대,간호학과,자연과학계열,일반전형,1,4,10,5
목포대,약학과,자연과학계열,지역인재,1,7,5,10
부산대,학석사통합과정(한의학과),의학계열,일반전형,97,17,5,10.6
부산대,건축학과,공학계열,일반전형,83,9,12,6.6
부산대,건축공학과,공학계열,일반전형,77,10,15,3.7
부산대,화학교육과,자연과학계열,일반전형,76,1,6,3.5
부산대,지구과학교육과,자연과학계열,일반전형,79,3,9,3.7
부산대,수학교육과,자연과학계열,일반전형,84,3,6,3.5
부산대,생물교육과,자연과학계열,일반전형,80,3,5,4
부산대,물리교육과,자연과학계열,일반전형,71,9,6,3.5
부산대,지리교육과,인문・사회계열,일반전형,82,4,6,6
부산대,일반사회교육과,인문・사회계열,일반전형,84,2,7,5.3
부산대,역사교육과,인문・사회계열,일반전형,84,2,5,5.6
부산대,윤리교육과,인문・사회계열,일반전형,82,2,5,5.8
부산대,영어교육과,인문・사회계열,일반전형,82,4,7,6.9
부산대,국어교육과,인문・사회계열,일반전형,84,3,8,4.4
부산대,특수교육과,인문・사회계열,일반전형,78,5,6,7
부산대,유아교육과,인문・사회계열,일반전형,78,8,6,10.5
부산대,교육학과,인문・사회계열,일반전형,83,3,4,7
부산대,공공정책학부,인문・사회계열,일반전형,85,4,13,4.3
부산대,미디어커뮤니케이션학과,인문・사회계열,일반전형,83,4,12,4.9
부산대,국제학부,인문・사회계열,일반전형,84,3,5,5.6
부산대,사회복지학과,인문・사회계열,일반전형,80,9,15,7.1
부산대,관광컨벤션학과,인문・사회계열,일반전형,81,4,8,7.1
부산대,바이오산업기계공학과,공학계열,일반전형,63,8,10,4.5
부산대,전기전자공학부 전기공학전공,공학계열,일반전형,84,16,25,3
부산대,조경학과,공학계열,일반전형,77,1,5,8.6
부산대,도시공학과,공학계열,일반전형,83,4,13,5.4
부산대,응용생명융합학부,자연과학계열,일반전형,71,29,53,3.1
부산대,정보컴퓨터공학부(디자인테크놀로지전공),자연과학계열,일반전형,81,,6,6.3
부산대,의류학과(인문),자연과학계열,일반전형,80,6,11,5.6
부산대,디자인학과(애니메이션전공),예체능계열,일반전형,48,1,7,3.4
부산대,디자인학과(시각디자인전공),예체능계열,일반전형,52,2,19,3.1
부산대,일어일문학과,인문・사회계열,일반전형,81,3,8,6.3
부산대,언어정보학과,인문・사회계열,일반전형,79,1,10,6.6
부산대,고고학과,인문・사회계열,일반전형,80,8,8,5.6
부산대,문헌정보학과,인문・사회계열,일반전형,80,4,11,5.1
부산대,불어불문학과,인문・사회계열,일반전형,79,4,11,6.3
부산대,노어노문학과,인문・사회계열,일반전형,79,3,8,6.4
부산대,독어독문학과,인문・사회계열,일반전형,79,7,11,6.1
부산대,중어중문학과,인문・사회계열,일반전형,80,4,9,7.7
부산대,조형학과 도예전공,예체능계열,일반전형,46,,4,7.5
부산대,경영학과,인문・사회계열,일반전형,85,36,86,3.3
부산대,자유전공학부,인문・사회계열,일반전형,86,26,41,5.2
부산대,환경공학과,공학계열,일반전형,77,8,14,3.5
부산대,통계학과,자연과학계열,일반전형,84,3,12,6.1
부산대,사회기반시스템공학과,공학계열,일반전형,76,21,33,3.6
부산대,전기전자공학부 반도체공학전공,공학계열,일반전형,84,13,16,3.8
부산대,유기소재시스템공학과,공학계열,일반전형,78,33,22,5.1
부산대,바이오환경에너지학과,공학계열,일반전형,73,5,6,9.8
부산대,식품영양학과,자연과학계열,일반전형,76,4,11,2.9
부산대,물리학과,자연과학계열,일반전형,78,16,24,3.9
부산대,대기환경과학과,자연과학계열,일반전형,75,11,13,4
부산대,음악학과 성악전공,예체능계열,일반전형,14,1,17,2.2
부산대,스포츠과학과,예체능계열,일반전형,59,2,10,5
부산대,산업공학과,공학계열,일반전형,84,14,12,7.9
부산대,화공생명공학과,공학계열,일반전형,87,16,22,3.2
부산대,약학부,자연과학계열,일반전형,96,16,10,5.9
부산대,원예생명과학과,자연과학계열,일반전형,68,7,7,5.3
부산대,조형학과 가구목조형전공,예체능계열,일반전형,50,2,4,6.5
부산대,바이오소재과학과,자연과학계열,일반전형,66,9,13,4.3
부산대,미생물학과,자연과학계열,일반전형,78,6,12,3
부산대,정보컴퓨터공학부 인공지능전공,공학계열,일반전형,78,18,23,3.2
부산대,분자생물학과,자연과학계열,일반전형,78,14,12,3.4
부산대,정보컴퓨터공학부 컴퓨터공학전공,공학계열,일반전형,79,17,28,2.6
부산대,간호학과,자연과학계열,일반전형,77,8,17,3.2
부산대,한문학과,인문・사회계열,일반전형,79,7,9,6.8
부산대,의예과,자연과학계열,일반전형,98,11,20,3.8
부산대,영어영문학과,인문・사회계열,일반전형,82,6,18,6
부산대,지질환경과학과,자연과학계열,일반전형,76,20,14,4.9
부산대,화학과,자연과학계열,일반전형,77,17,23,2.9
부산대,심리학과,인문・사회계열,일반전형,83,7,15,6
부산대,사학과,인문・사회계열,일반전형,79,7,11,6.7
부산대,전기전자공학부 전자공학전공,공학계열,일반전형,87,16,31,2.9
부산대,국어국문학과,인문・사회계열,일반전형,81,8,11,6.1
부산대,실내환경디자인학과(인문),자연과학계열,일반전형,81,1,5,5.6
부산대,첨단융합학부,자연과학계열,일반전형,79,14,52,3.1
부산대,첨단IT자율전공,공학계열,일반전형,82,18,35,3.3
부산대,미래도시건축환경융합전공,공학계열,일반전형,85,3,4,10
부산대,치의예과,자연과학계열,일반전형,97,3,18,4.7
부산대,생명환경화학과,자연과학계열,일반전형,64,23,13,4.6
부산대,식품자원경제학과,인문・사회계열,일반전형,76,7,9,6.2
부산대,의생명융합공학부,공학계열,일반전형,74,18,42,3.2
부산대,기계공학부,공학계열,일반전형,84,43,62,3.2
부산대,경제학부,인문・사회계열,일반전형,84,39,30,5.2
부산대,무역학부,인문・사회계열,일반전형,84,18,29,4.8
부산대,생명과학과,자연과학계열,일반전형,80,11,13,2.5
부산대,사회학과,인문・사회계열,일반전형,82,3,15,5
부산대,정치외교학과,인문・사회계열,일반전형,81,9,11,5.9
부산대,고분자공학과,공학계열,일반전형,73,9,14,4.1
부산대,행정학과,인문・사회계열,일반전형,83,14,17,4.1
부산대,IT응용공학과,공학계열,일반전형,78,10,8,6.5
부산대,재료공학부,공학계열,일반전형,80,9,36,2.8
부산대,수학과,자연과학계열,일반전형,77,18,19,4.9
부산대,식품공학과,자연과학계열,일반전형,67,11,9,4.1
부산대,아동가족학과,인문・사회계열,일반전형,80,4,11,7
부산대,예술문화영상학과,예체능계열,일반전형,82,3,8,6.5
부산대,항공우주공학과,공학계열,일반전형,79,8,15,3.1
부산대,해양학과,자연과학계열,일반전형,74,8,13,3.2
부산대,조선·해양공학과,공학계열,일반전형,78,12,29,3.4
부산대,철학과,인문・사회계열,일반전형,80,1,9,7.6
부산대,첨단소재자율전공,공학계열,일반전형,85,28,7,26.6
부산대,첨단모빌리티자율전공,공학계열,일반전형,85,90,15,19.2
부산대,첨단융합학부 스마트시티전공,공학계열,일반전형,86,51,10,30
부산대,경영학과,인문・사회계열,지역인재,83,3,20,4.1
부산대,약학부,자연과학계열,지역인재,96,14,18,5
부산대,간호학과,자연과학계열,지역인재,77,5,17,2.2
부산대,의예과,자연과학계열,지역인재,98,5,20,2.6
부산대,첨단융합학부,자연과학계열,지역인재,77,5,15,4.5
부산대,기계공학부,공학계열,지역인재,85,8,15,3.4
부산대,치의예과,자연과학계열,지역인재,95,26,20,3.6
삼육대,체육학과,예체능계열,일반전형,92,2,16,6.5
삼육대,건축학과(5년제),공학계열,일반전형,77,7,11,6.27
삼육대,영어영문학과,인문・사회계열,일반전형,78,3,2,17.5
삼육대,창의융합자유전공학부,인문・사회계열,일반전형,79,75,90,7.18
삼육대,데이터클라우드공학과,공학계열,일반전형,81,10,10,5.8
삼육대,아트앤디자인학과,예체능계열,일반전형,82,2,15,18
삼육대,상담심리학과,인문・사회계열,일반전형,77,4,2,20
삼육대,물리치료학과,자연과학계열,일반전형,83,7,12,5.33
삼육대,유아교육과,인문・사회계열,일반전형,76,5,7,13.43
삼육대,미래융합자유전공학부,공학계열,일반전형,78,99,148,4.82
삼육대,약학과,자연과학계열,일반전형,95,22,20,7.2
삼육대,컴퓨터공학부,공학계열,일반전형,71,3,1,15
삼육대,간호학과,자연과학계열,일반전형,89,46,28,6.11
삼육대,체육학과,예체능계열,농어촌,99,1,2,7.5
삼육대,건축학과(5년제),공학계열,농어촌,78,0,2,7.5
삼육대,물리치료학과,자연과학계열,농어촌,80,1,4,5.75
삼육대,창의융합자유전공학부,인문・사회계열,농어촌,74,8,9,9.33
삼육대,아트앤디자인학과,예체능계열,농어촌,60,0,3,5.67
삼육대,유아교육과,인문・사회계열,농어촌,73,3,2,7.5
삼육대,약학과,자연과학계열,농어촌,95,0,2,6.5
삼육대,미래융합자유전공학부,공학계열,농어촌,70,5,14,6.07
삼육대,간호학과,자연과학계열,농어촌,82,3,5,6.4
상명대,의류학과,자연과학계열,일반전형,81,9,7,4.57
상명대,글로벌경영학과,인문・사회계열,일반전형,82,26,20,3.9
상명대,경영학부,인문・사회계열,일반전형,84,34,18,4.5
상명대,수학교육과,자연과학계열,일반전형,85,27,17,2.71
상명대,영어교육과,인문・사회계열,일반전형,81,21,16,5.63
상명대,국어교육과,인문・사회계열,일반전형,82,25,21,4.43
상명대,교육학과,인문・사회계열,일반전형,81,19,13,3.54
상명대,행정학부,인문・사회계열,일반전형,81,18,15,10.6
상명대,가족복지학과,인문・사회계열,일반전형,82,10,8,13.63
상명대,자유전공(예체능계열),예체능계열,일반전형,82,16,11,3.45
상명대,자유전공(이공계열),공학계열,일반전형,85,105,56,3.98
상명대,자유전공(인문계열),인문・사회계열,일반전형,83,117,77,4.16
상명대,생명화학공학부 식품영양학전공,자연과학계열,일반전형,82,10,7,8.57
상명대,지능・데이터융합학부 휴먼AI공학전공,공학계열,일반전형,83,45,35,4.63
상명대,인문콘텐츠학부 한일문화콘텐츠전공,인문・사회계열,일반전형,79,10,9,5
상명대,경제금융학부,인문・사회계열,일반전형,83,25,19,3.74
상명대,인문콘텐츠학부 지적재산권전공,인문・사회계열,일반전형,80,13,9,5.78
상명대,인문콘텐츠학부 역사콘텐츠전공,인문・사회계열,일반전형,82,10,9,7.56
상명대,공간환경학부,인문・사회계열,일반전형,81,23,13,8.31
상명대,SW융합학부 전기공학전공,공학계열,일반전형,84,14,9,3.44
상명대,지능・데이터융합학부,공학계열,일반전형,80,42,22,4.64
상명대,인문콘텐츠학부 문헌정보학전공,인문・사회계열,일반전형,83,14,9,5.44
상명대,생명화학공학부 화공신소재전공,공학계열,일반전형,86,14,11,6.09
상명대,생명화학공학부 화학에너지공학전공,공학계열,일반전형,83,21,11,3.55
상명대,생명화학공학부 생명공학전공,공학계열,일반전형,84,24,12,5.75
상명대,SW융합학부 애니메이션전공,예체능계열,일반전형,83,10,9,3.44
상명대,SW융합학부 게임전공,자연과학계열,일반전형,78,14,9,3
상명대,SW융합학부 컴퓨터과학전공,자연과학계열,일반전형,85,53,31,5.52
상지대,한의예과B,자연과학계열,일반전형,97,53,9,37.44
상지대,한의예과A,자연과학계열,일반전형,66,14,15,18.8
상지대,간호학과,자연과학계열,일반전형,73,9,17,3.41
서강대,영문학부,인문・사회계열,일반전형,93,36,30,4.63
서강대,경영학부(경영학전공),인문・사회계열,일반전형,92,162,87,4.63
서강대,전자공학과,공학계열,일반전형,89,48,27,5.26
서강대,기계공학과,공학계열,일반전형,92,45,26,5.15
서강대,화학과,자연과학계열,일반전형,92,22,20,5.5
서강대,경제학과,인문・사회계열,일반전형,88,71,54,4.83
서강대,시스템반도체공학과,공학계열,일반전형,95,7,10,9
서강대,유럽문화학과,인문・사회계열,일반전형,91,24,18,5.11
서강대,인문학부,인문・사회계열,일반전형,91,61,45,4.31
서강대,지식융합미디어학부,인문・사회계열,일반전형,89,35,23,4.48
서강대,사회과학부,인문・사회계열,일반전형,84,56,29,5.66
서강대,수학과,자연과학계열,일반전형,86,18,17,6.29
서강대,물리학과,자연과학계열,일반전형,89,23,16,4
서강대,글로벌한국학부,인문・사회계열,일반전형,90,7,7,12.43
서강대,중국문화학과,인문・사회계열,일반전형,87,6,12,5.33
서강대,반도체공학과,공학계열,일반전형,95,26,13,7.08
서강대,생명과학과,자연과학계열,일반전형,89,25,17,5
서강대,화공생명공학과,공학계열,일반전형,94,61,34,6
서강대,컴퓨터공학과,공학계열,일반전형,95,40,33,5.39
서강대,인공지능학과,공학계열,일반전형,92,13,11,7.18
서강대,인문학기반자유전공학부,인문・사회계열,일반전형,93,439,48,22.15
서강대,SCIENCE기반자유전공학부,자연과학계열,일반전형,91,270,31,26.23
서강대,AI기반자유전공학부,공학계열,일반전형,90,300,35,28.57
서강대,인문/인문자연계열,인문・사회계열,농어촌,81.5,33,30,4.57
서강대,자연계열,자연과학계열,농어촌,91.67,29,18,5.33
서강대,인문/인문자연계열,인문・사회계열,저소득,80.5,26,15,5.93
서강대,자연계열,자연과학계열,저소득,85.5,17,9,6
서강대,인문/인문자연계열,인문・사회계열,장애인,71.33,0,9,1.22
서강대,자연계열,자연과학계열,장애인,74.83,0,6,1
서울과기대,스포츠과학과,예체능계열,일반전형,79,4,15,4.9
서울과기대,디자인학과(시각디자인전공),예체능계열,일반전형,68,29,32,3.9
서울과기대,금속공예디자인학과,예체능계열,일반전형,69,14,19,6.2
서울과기대,디자인학과(산업디자인전공),예체능계열,일반전형,73,18,26,4.1
서울과기대,조형예술학과,예체능계열,일반전형,65,11,14,5.1
서울과기대,도예학과,예체능계열,일반전형,68,11,21,6.3
서울과기대,바이오메디컬학과,자연과학계열,일반전형,87,5,7,6.6
서울과기대,정밀화학과,자연과학계열,일반전형,85,4,13,4
서울과기대,환경공학과,공학계열,일반전형,84,24,26,4.5
서울과기대,산업공학과 산업정보시스템전공(자연),공학계열,일반전형,88,4,6,4.5
서울과기대,자유전공학부(창의융합대학),공학계열,일반전형,85,13,22,4
서울과기대,산업공학과 ITM전공(자연),공학계열,일반전형,86,4,7,7
서울과기대,MSDE학과,공학계열,일반전형,90,4,14,3.6
서울과기대,전자공학과,공학계열,일반전형,86,12,20,4.7
서울과기대,안경광학과,자연과학계열,일반전형,82,8,12,5.2
서울과기대,행정학과,인문・사회계열,일반전형,86,4,10,5
서울과기대,영어영문학과,인문・사회계열,일반전형,83,2,5,5.4
서울과기대,스마트ICT융합공학과,공학계열,일반전형,89,8,11,5.3
서울과기대,자유전공학부(공과대학),공학계열,일반전형,88,56,69,4.9
서울과기대,화공생명공학과,공학계열,일반전형,86,11,21,4.3
서울과기대,경영학과(글로벌테크노경영전공)_인문,인문・사회계열,일반전형,85,8,9,4.8
서울과기대,전기정보공학과,공학계열,일반전형,88,20,31,3.8
서울과기대,경영학과(경영학전공),인문・사회계열,일반전형,86,5,11,7.2
서울과기대,식품생명공학과,자연과학계열,일반전형,87,8,8,9.3
서울과기대,컴퓨터공학과,공학계열,일반전형,88,21,31,3.4
서울과기대,기계시스템공학부 지능형로봇전공,공학계열,일반전형,83,19,26,3.4
서울과기대,건축학부건축학전공,공학계열,일반전형,83,7,14,4.5
서울과기대,건설시스템공학과,공학계열,일반전형,85,15,29,3.7
서울과기대,자유전공학부(기술경영융합대학),인문・사회계열,일반전형,88,5,14,4.5
서울과기대,자유전공학부(인문사회대학),인문・사회계열,일반전형,86,9,12,5.1
서울과기대,기계시스템공학부 미래자동차전공,공학계열,일반전형,86,5,17,4.4
서울과기대,자유전공학부(에너지바이오대학),자연과학계열,일반전형,86,16,23,4.3
서울과기대,자유전공학부(정보통신대학),공학계열,일반전형,83,13,28,3.5
서울과기대,건축학부건축공학전공,공학계열,일반전형,84,10,19,5.6
서울과기대,안전공학과,공학계열,일반전형,87,4,17,4.1
서울과기대,신소재공학과,공학계열,일반전형,88,25,23,4
서울과기대,디자인학과(산업디자인전공),예체능계열,일반전형,84,4,7,5
서울과기대,기계공학과,공학계열,일반전형,84,32,40,3.4
서울과기대,인공지능응용학과,공학계열,일반전형,86,17,21,6.5
서울과기대,ST자유전공학부,공학계열,일반전형,87,29,20,9.4
서울과기대,지능형반도체공학과,공학계열,일반전형,85,12,15,7.4
서울과기대,미래에너지융합학과,공학계열,일반전형,90,6,5,10.8
서울대,역사학부,인문・사회계열,일반전형,97,1,10,5.1
서울대,언론정보학과,인문・사회계열,일반전형,97,,7,4.86
서울대,정치외교학부,인문・사회계열,일반전형,96,2,16,4.56
서울대,국어교육과,인문・사회계열,일반전형,97,,10,3.4
서울대,영어교육과,인문・사회계열,일반전형,96,1,8,3.75
서울대,윤리교육과,인문・사회계열,일반전형,97,,5,6.6
서울대,사회학과,인문・사회계열,일반전형,95,,10,5.6
서울대,치의학대학원 치의학과,의학계열,일반전형,97,6,12,3.67
서울대,기계공학부,공학계열,일반전형,97,6,33,3.18
서울대,전기・정보공학부,공학계열,일반전형,97,15,53,3.06
서울대,원자핵공학과,공학계열,일반전형,97,2,6,5.33
서울대,에너지자원공학과,공학계열,일반전형,95,,5,8.2
서울대,경제학부,인문・사회계열,일반전형,98,5,54,3.43
서울대,농경제사회학부,인문・사회계열,일반전형,97,,15,4.07
서울대,사회교육과,인문・사회계열,일반전형,94,,6,5.67
서울대,조선해양공학과,공학계열,일반전형,97,2,17,4.35
서울대,인문계열,인문・사회계열,일반전형,96,5,67,3.06
서울대,자유전공학부,인문・사회계열,일반전형,98,5,49,3.2
서울대,경영대학,인문・사회계열,일반전형,97,7,54,2.96
서울대,심리학과,인문・사회계열,일반전형,96,2,9,5.44
서울대,스마트시스템과학과,자연과학계열,일반전형,97,3,10,5.5
서울대,항공우주공학과,공학계열,일반전형,97,2,12,3.42
서울대,역사교육과,인문・사회계열,일반전형,97,,6,5.33
서울대,지리교육과,인문・사회계열,일반전형,95,,6,5.33
서울대,물리교육과,자연과학계열,일반전형,93,1,10,4.5
서울대,생물교육과,자연과학계열,일반전형,93,1,11,3.73
서울대,수학교육과,자연과학계열,일반전형,96,4,10,5.6
서울대,지구과학교육과,자연과학계열,일반전형,95,2,8,3.5
서울대,화학교육과,자연과학계열,일반전형,96,4,7,4.29
서울대,체육교육과,예체능계열,일반전형,95,8,33,3.73
서울대,건축학과,공학계열,일반전형,97,7,15,3.13
서울대,물리·천문학부(물리학전공),자연과학계열,일반전형,96,6,12,5.5
서울대,소비자아동학부(소비자학전공),인문・사회계열,일반전형,98,,9,4.56
서울대,물리·천문학부(천문학전공),자연과학계열,일반전형,94,1,5,7.6
서울대,첨단융합학부,공학계열,일반전형,95,7,53,3.4
서울대,약학계열(6년제),자연과학계열,일반전형,95,7,14,2.57
서울대,통계학과,자연과학계열,일반전형,99,,7,6.71
서울대,지리학과,인문・사회계열,일반전형,97,2,8,5.38
서울대,의예과,자연과학계열,일반전형,100,,29,3.31
서울대,간호대학,자연과학계열,일반전형,93,14,29,4.03
서울대,소비자아동학부(아동가족학전공),인문・사회계열,일반전형,97,,6,5.17
서울대,생명과학부,자연과학계열,일반전형,97,4,22,3.32
서울대,식품・동물생명공학부,자연과학계열,일반전형,96,1,20,2.55
서울대,바이오시스템・소재학부,자연과학계열,일반전형,98,1,14,4.57
서울대,식물생산과학부,자연과학계열,일반전형,95,6,27,3.7
서울대,응용생물화학부,자연과학계열,일반전형,96,7,18,3.39
서울대,화학생물공학부,공학계열,일반전형,93,8,30,3.6
서울대,수의예과,자연과학계열,일반전형,97,1,15,3.6
서울대,화학부,자연과학계열,일반전형,96,2,14,3.5
서울대,지구환경과학부,자연과학계열,일반전형,96,2,9,4.44
서울대,산림과학부,자연과학계열,일반전형,94,11,18,3.83
서울대,건설환경도시공학부,공학계열,일반전형,97,8,19,3.63
서울대,조경・지역시스템공학부,자연과학계열,일반전형,95,1,16,4.13
서울대,식품영양학과,자연과학계열,일반전형,96,3,11,3.55
서울대,의류학과,자연과학계열,일반전형,97,1,10,4.4
서울대,수리과학부,자연과학계열,일반전형,97,5,9,3.89
서울대,재료공학부,공학계열,일반전형,94,7,31,3.39
서울대,컴퓨터공학부,공학계열,일반전형,94,10,38,3.76
서울대,산업공학과,공학계열,일반전형,96,1,16,4
서울대,(학부대학)광역,인문・사회계열,일반전형,97,3,36,3.5
서울대,정치외교학부,인문・사회계열,지역균형,96,,10,3
서울대,치의학대학원 치의학과,의학계열,지역균형,99,1,10,1.7
서울대,경제학부,인문・사회계열,지역균형,98,2,20,2.05
서울대,사회복지학과,인문・사회계열,지역균형,96,,6,4.67
서울대,인문계열,인문・사회계열,지역균형,96,1,23,2.13
서울대,인류학과,인문・사회계열,지역균형,97,,7,3.29
서울대,공과대학 광역,공학계열,지역균형,96,5,36,2.25
서울대,첨단융합학부,공학계열,지역균형,97,9,20,2.15
서울대,약학계열(6년제),자연과학계열,지역균형,95,3,10,1.9
서울대,의예과,자연과학계열,지역균형,100,,10,2.4
서울대,전기・정보공학부,공학계열,농어촌,95,2,10,0
서울대,경제학부,인문・사회계열,농어촌,94,,5,0
서울대,인문계열,인문・사회계열,농어촌,96,1,6,2
서울대,첨단융합학부,공학계열,농어촌,94,,5,2
서울대,수의예과,자연과학계열,농어촌,95,1,4,2.5
서울대,전기・정보공학부,공학계열,저소득,91,,9,0
서울대,경제학부,인문・사회계열,저소득,95,,4,0
서울대,농경제사회학부,인문・사회계열,저소득,91,1,8,0
서울대,인문계열,인문・사회계열,저소득,93,,7,2.14
서울대,첨단융합학부,공학계열,저소득,89,1,5,2.6
서울대,약학계열(6년제),자연과학계열,저소득,95,,5,3.4
서울대,수의예과,자연과학계열,저소득,96,1,4,4.75
서울시립대,자유전공학부(자연),인문・사회계열,일반전형,92,47,46,4.37
서울시립대,자유전공학부(인문),인문・사회계열,일반전형,88,28,47,4.06
서울시립대,인공지능학과,공학계열,일반전형,90,25,18,7.17
서울시립대,도시행정학과,인문・사회계열,일반전형,91,12,14,5.64
서울시립대,건축학부 건축공학전공,공학계열,일반전형,89,12,12,7.58
서울시립대,건축학부 건축학전공(5년제),공학계열,일반전형,90,8,10,4.3
서울시립대,조경학과,공학계열,일반전형,91,1,8,5.75
서울시립대,국제관계학과,인문・사회계열,일반전형,90,5,14,5.79
서울시립대,도시사회학과,인문・사회계열,일반전형,88,10,15,4.47
서울시립대,행정학과,인문・사회계열,일반전형,87,37,29,5.48
서울시립대,토목공학과,공학계열,일반전형,91,4,12,4.92
서울시립대,중국어문화학과,인문・사회계열,일반전형,89,5,7,5.71
서울시립대,영어영문학과,인문・사회계열,일반전형,89,1,8,5
서울시립대,국사학과,인문・사회계열,일반전형,93,7,9,6
서울시립대,국어국문학과,인문・사회계열,일반전형,87,6,10,4.6
서울시립대,경영학부,인문・사회계열,일반전형,86,55,68,3.12
서울시립대,도시공학과,공학계열,일반전형,91,6,8,6.5
서울시립대,교통공학과,공학계열,일반전형,90,3,6,5.83
서울시립대,철학과,인문・사회계열,일반전형,87,17,9,5.22
서울시립대,사회복지학과,인문・사회계열,일반전형,87,8,14,4.43
서울시립대,신소재공학과,공학계열,일반전형,93,17,23,3.61
서울시립대,컴퓨터과학부,공학계열,일반전형,92,23,21,3.9
서울시립대,화학공학과,공학계열,일반전형,91,13,16,4.06
서울시립대,수학과,자연과학계열,일반전형,90,4,12,3.42
서울시립대,통계학과,자연과학계열,일반전형,89,14,10,5.2
서울시립대,물리학과,자연과학계열,일반전형,92,6,10,3.5
서울시립대,공간정보공학과,공학계열,일반전형,91,3,8,4.75
서울시립대,스포츠과학과,예체능계열,일반전형,85,8,30,4.83
서울시립대,환경원예학과,자연과학계열,일반전형,89,5,10,3.8
서울시립대,전자전기컴퓨터공학부,공학계열,일반전형,90,61,54,4.26
서울시립대,경제학부,인문・사회계열,일반전형,88,22,37,3.3
서울시립대,세무학과,인문・사회계열,일반전형,86,21,38,3
서울시립대,생명과학과,자연과학계열,일반전형,91,8,11,4.09
서울시립대,환경공학부,공학계열,일반전형,89,20,28,3.86
서울시립대,기계정보공학과,공학계열,일반전형,89,7,13,4.85
서울시립대,융합응용화학과,자연과학계열,일반전형,91,35,9,13.33
서울시립대,첨단융합학부 지능형반도체전공,공학계열,일반전형,91,123,22,14.55
서울여대,패션산업학과,자연과학계열,일반전형,78,5,13,6
서울여대,데이터사이언스학과,자연과학계열,일반전형,78,14,16,5.3
서울여대,경영학과,인문・사회계열,일반전형,80,25,28,6.2
서울여대,소프트웨어학과,자연과학계열,일반전형,81,4,12,6.3
서울여대,사회복지학과,인문・사회계열,일반전형,75,14,16,7
서울여대,아동학과,인문・사회계열,일반전형,74,21,23,7.4
서울여대,디지털미디어학과,자연과학계열,일반전형,78,12,20,4.9
서울여대,식품영양학과,자연과학계열,일반전형,75,9,17,6.2
서울여대,심리・인지과학학부,인문・사회계열,일반전형,82,16,16,6.5
서울여대,공예_컬렉터블디자인전공,예체능계열,일반전형,74,2,13,9.3
서울여대,지능정보보호학부,자연과학계열,일반전형,81,8,19,6.9
서울여대,산업디자인학과,예체능계열,일반전형,81,4,15,4.5
서울여대,언론영상학부,인문・사회계열,일반전형,77,13,25,5.4
서울여대,식품생명공학과,자연과학계열,일반전형,78,10,17,7
서울여대,스포츠운동과학과,예체능계열,일반전형,81,6,14,4.1
서울여대,시각디자인전공,예체능계열,일반전형,81,9,16,6.3
서울여대,과학기술융합자유전공,자연과학계열,일반전형,81,34,33,5.9
서울여대,미래산업융합자유전공,자연과학계열,일반전형,80,22,27,5.4
서울여대,사회과학자유전공,인문・사회계열,일반전형,78,31,40,4.6
서울여대,인문자유전공,인문・사회계열,일반전형,77,24,29,6.1
서울여대,현대미술전공,예체능계열,일반전형,70,19,15,7.4
서울여대,자유전공학부,자연과학계열,일반전형,77,22,16,9.9
서울여대,중어중문학과,인문・사회계열,일반전형,78,24,12,20.3
서울여대,영어영문학과,인문・사회계열,일반전형,83,44,20,9.1
서울여대,문헌정보학과,인문・사회계열,일반전형,77,15,12,12.3
서울여대,사학과,인문・사회계열,일반전형,83,30,12,9.8
서울여대,기독교학과,인문・사회계열,일반전형,81,26,6,18.2
서울여대,국어국문학과,인문・사회계열,일반전형,76,37,18,10.6
서울여대,일어일문학과,인문・사회계열,일반전형,76,38,18,10.8
서울여대,메타버스융합콘텐츠전공,공학계열,일반전형,81,25,12,11.1
서울여대,프랑스문화콘텐츠전공,인문・사회계열,일반전형,78,30,12,11.5
서울여대,독일문화콘텐츠전공,인문・사회계열,일반전형,77,37,13,13.5
서울여대,첨단미디어디자인전공,예체능계열,일반전형,79,16,10,8.3
서울여대,수학과,자연과학계열,일반전형,78,18,10,15
서울여대,원예생명조경학과,자연과학계열,일반전형,82,39,20,8.5
서울여대,생명환경공학과,자연과학계열,일반전형,83,11,12,8.9
서울여대,화학과,자연과학계열,일반전형,79,38,16,7.9
서울여대,바이오헬스융합학과,자연과학계열,일반전형,81,23,17,7.7
서울여대,행정학과,인문・사회계열,일반전형,82,26,18,11.2
서울여대,경제학과,인문・사회계열,일반전형,80,37,19,10
성균관대,건설환경공학부,공학계열,일반전형,94,15,20,4.3
성균관대,인문과학계열,인문・사회계열,일반전형,93,84,188,3.65
성균관대,경영학과,인문・사회계열,일반전형,95,127,90,4.51
성균관대,전자전기공학부,공학계열,일반전형,95,104,83,4.17
성균관대,소프트웨어학과,공학계열,일반전형,95,26,27,5.11
성균관대,공학계열,공학계열,일반전형,94,236,295,3.97
성균관대,바이오신약・규제과학과,자연과학계열,일반전형,95,30,16,7
성균관대,글로벌리더학부,인문・사회계열,일반전형,94,52,23,6.78
성균관대,영상학과,예체능계열,일반전형,93,4,16,4.63
성균관대,양자정보공학과,공학계열,일반전형,93,59,10,28.7
성균관대,글로벌바이오메디컬공학과,공학계열,일반전형,98,107,11,27.4
성균관대,글로벌경영학과,인문・사회계열,일반전형,97,517,45,28.2
성균관대,에너지학과,공학계열,일반전형,97,60,10,31.9
성균관대,반도체융합공학과,공학계열,일반전형,97,274,30,26.2
성균관대,동양화,예체능계열,일반전형,79,2,18,3.06
성균관대,사회과학계열,인문・사회계열,일반전형,93,113,212,3.26
성균관대,글로벌경제학과,인문・사회계열,일반전형,94,13,30,3.2
성균관대,자유전공계열,인문・사회계열,일반전형,94,38,127,3.04
성균관대,글로벌융합학부,인문・사회계열,일반전형,93,4,10,5.5
성균관대,의상학과,예체능계열,일반전형,91,4,15,3.87
성균관대,서양화,예체능계열,일반전형,84,3,19,4.58
성균관대,스포츠과학과,예체능계열,일반전형,89,2,28,12.86
성균관대,디자인학과,예체능계열,일반전형,84,2,38,4.34
성균관대,자연과학계열,자연과학계열,일반전형,93,88,147,3.61
성균관대,약학과,자연과학계열,일반전형,97,38,30,5.13
성균관대,의예과,자연과학계열,일반전형,99,9,15,4.87
성균관대,반도체시스템공학과,공학계열,계약학과,96,13,15,5.33
성균관대,지능형소프트웨어학과,공학계열,계약학과,98,12,16,6.25
성균관대,교육학과,인문・사회계열,사범계열,94,11,15,3.93
성균관대,한문교육과,인문・사회계열,사범계열,93,6,15,11.3
성균관대,컴퓨터교육과,인문・사회계열,사범계열,94,4,15,3.8
성균관대,수학교육과,인문・사회계열,사범계열,94,2,16,3.63
성신여대,첨단,공학계열,농어촌,75.67,4,16,3.94
성신여대,간호,자연과학계열,농어촌,77.17,1,4,3.25
성신여대,사범,인문・사회계열,농어촌,73.17,4,5,5.8
성신여대,첨단,공학계열,저소득층,70.83,1,4,5.5
성신여대,간호,자연과학계열,저소득층,65.17,0,2,6
성신여대,자연,자연과학계열,농어촌,74,8,8,4
성신여대,인문·사회,인문・사회계열,농어촌,72.17,13,35,4.34
성신여대,자연,자연과학계열,저소득층,73.17,2,3,8
성신여대,인문·사회,인문・사회계열,저소득층,71.5,4,6,10.17
성신여대,"수리통계데이터사이언스학부(수학,핀테크)",자연과학계열,일반전형,79,6,9,5.56
성신여대,창의융합학부(자유전공),인문・사회계열,일반전형,80,93,211,3.64
성신여대,간호학과(자연),자연과학계열,일반전형,86,8,16,2.63
성신여대,간호학과(인문),자연과학계열,일반전형,86,13,11,6.27
성신여대,AI융합학부,공학계열,일반전형,82,9,27,5.33
성신여대,교육학과,인문・사회계열,일반전형,80,2,6,5.33
성신여대,유아교육과,인문・사회계열,일반전형,81,4,7,5.29
성신여대,한문교육과,인문・사회계열,일반전형,82,1,6,6.67
성신여대,윤리교육과,인문・사회계열,일반전형,85,5,6,5
성신여대,사회교육과,인문・사회계열,일반전형,86,6,6,6.67
성신여대,스포츠과학부(스포츠레저),예체능계열,일반전형,51,2,21,7.14
성신여대,스포츠과학부(운동재활),예체능계열,일반전형,59,4,21,5.9
성신여대,화학・에너지융합학부,자연과학계열,일반전형,81,7,5,6.8
성신여대,바이오헬스융합학부,자연과학계열,일반전형,85,4,7,5
성신여대,바이오신약의과학부,자연과학계열,일반전형,84,10,8,5.25
성신여대,"수리통계데이터사이언스학부(통계학,빅데이터사이언스)",자연과학계열,일반전형,82,9,8,6.75
성신여대,국어국문학과,인문・사회계열,일반전형,81,2,6,11
성신여대,소비자산업학과,인문・사회계열,일반전형,80,5,6,4.83
성신여대,사학과,인문・사회계열,일반전형,81,1,4,7.5
성신여대,심리학과,인문・사회계열,일반전형,87,1,6,7.83
성신여대,융합보안공학과,공학계열,일반전형,83,10,12,4.92
성신여대,청정신소재공학과,공학계열,일반전형,83,5,6,7.33
성신여대,서비스디자인공학과,공학계열,일반전형,83,3,8,7.25
성신여대,창의융합학부(첨단분야전공),자연과학계열,일반전형,81,28,53,3.68
성신여대,중국어문·문화학과,인문・사회계열,일반전형,83,3,6,6.5
성신여대,일본어문·문화학과,인문・사회계열,일반전형,80,1,6,5.17
성신여대,프랑스어문·문화학과,인문・사회계열,일반전형,84,1,4,11
성신여대,독일어문·문화학과,인문・사회계열,일반전형,81,3,4,11.75
성신여대,문화예술경영학과,인문・사회계열,일반전형,82,1,4,9
성신여대,경제학과,인문・사회계열,일반전형,83,3,8,8.88
성신여대,컴퓨터공학과,공학계열,일반전형,85,6,6,5.17
성신여대,의류산업학과,자연과학계열,일반전형,85,0,7,6
성신여대,바이오식품공학과,공학계열,일반전형,83,3,4,6.75
성신여대,지리학과,인문・사회계열,일반전형,86,3,4,5
성신여대,법학부,인문・사회계열,일반전형,84,3,15,4.53
성신여대,영어영문학과,인문・사회계열,일반전형,82,3,8,4.5
성신여대,경영학과,인문・사회계열,일반전형,83,9,17,5.18
성신여대,정치외교학과,인문・사회계열,일반전형,84,1,5,5.8
성신여대,미디어커뮤니케이션학과,인문・사회계열,일반전형,84,6,7,4.29
성신여대,사회복지학과,인문・사회계열,일반전형,84,1,6,6.33
성신여대,디자인과,예체능계열,일반전형,58,42,42,14.14
세명대,한의예과,자연과학계열,일반전형,96,8,18,6.61
세명대,간호학과,자연과학계열,일반전형,78,19,17,4.53
세종대,교육학과,인문・사회계열,일반전형,86,1,2,8
세종대,경상호텔관광계열,인문・사회계열,일반전형,87,41,119,5.61
세종대,우주항공시스템공학부(지능형드론융합전공),공학계열,일반전형,85,34,31,6.71
세종대,IT계열,공학계열,일반전형,82,105,104,4.64
세종대,무용과,예체능계열,일반전형,28,,15,3.87
세종대,영화예술학과,예체능계열,일반전형,83,2,17,17.47
세종대,스마트생명산업융합학과,공학계열,일반전형,84,15,8,12.25
세종대,AI로봇학과,공학계열,일반전형,84,13,11,6.91
세종대,창의소프트학부(디자인이노베이션전공),공학계열,일반전형,80,,2,15.5
세종대,창의소프트학부(만화애니메이션텍전공),공학계열,일반전형,87,,2,8.5
세종대,지능정보융합학과,공학계열,일반전형,84,12,9,7
세종대,콘텐츠소프트웨어학과,공학계열,일반전형,86,8,7,8.43
세종대,공과계열,공학계열,일반전형,85,123,170,4.03
세종대,자연생명계열,자연과학계열,일반전형,83,83,113,4.96
세종대,양자지능정보학과,공학계열,일반전형,85,16,16,8.63
세종대,음악과,예체능계열,일반전형,62,6,14,11.86
세종대,체육학과,예체능계열,일반전형,57,13,25,10.68
세종대,패션디자인학과,예체능계열,일반전형,77,3,14,10.21
세종대,반도체시스템공학과,공학계열,일반전형,84,,1,22
세종대,인공지능데이터사이언스학과,공학계열,일반전형,86,5,6,7
세종대,인문사회계열,인문・사회계열,일반전형,84,79,100,5.9
세종대,회화과,예체능계열,일반전형,67,7,14,8.57
세종대,첨단융합계열,공학계열,일반전형,84,235,185,7.58
세종대,자유전공학부,공학계열,일반전형,81,89,44,14.5
세종대,국방AI융합시스템공학과,공학계열,일반전형,84,,8,4.63
세종대,사이버국방학과,공학계열,일반전형,83,3,5,4.6
세종대,우주항공시스템공학부(항공시스템공학전공),공학계열,일반전형,86,3,4,3.25
세종대,국방AI로봇융합공학과,공학계열,일반전형,79,2,6,4.17
세종대,IT계열,공학계열,농어촌,79,9,10,4.5
세종대,경상호텔관광계열,인문・사회계열,농어촌,80,12,11,7.91
세종대,우주항공시스템공학부(지능형드론융합전공),공학계열,농어촌,81,1,4,4
세종대,스마트생명산업융합학과,공학계열,농어촌,69,1,2,4
세종대,생명시스템학부,공학계열,농어촌,76,3,2,5.5
세종대,AI융합전자공학과,공학계열,농어촌,76,1,2,5
세종대,공과계열,공학계열,농어촌,78,14,17,4.18
세종대,자연생명계열,자연과학계열,농어촌,75,13,11,4.45
세종대,양자지능정보학과,공학계열,농어촌,76,3,4,5.25
세종대,경영학부,인문・사회계열,농어촌,78,6,2,8.5
세종대,컴퓨터공학과,공학계열,농어촌,79,,2,4.5
세종대,인공지능데이터사이언스학과,공학계열,농어촌,79,1,4,3.5
세종대,AI로봇학과,공학계열,농어촌,77,3,4,4.25
세종대,인문사회계열,인문・사회계열,농어촌,79,11,10,7.1
세종대,첨단융합계열,공학계열,농어촌,78,18,16,7.13
숙명여대,인공지능공학부,공학계열,일반전형,81,3,12,7.33
숙명여대,경영학부,인문・사회계열,일반전형,84,21,39,3.68
숙명여대,르꼬르동블루외식경영전공,인문・사회계열,일반전형,84,1,10,5.78
숙명여대,중어중문학부,인문・사회계열,일반전형,84,7,20,4.7
숙명여대,영어영문학전공,인문・사회계열,일반전형,83,9,19,4.89
숙명여대,데이터사이언스전공,공학계열,일반전형,83,2,9,6.5
숙명여대,일본학과,인문・사회계열,일반전형,85,0,4,7.5
숙명여대,미디어학부,인문・사회계열,일반전형,85,3,16,4.38
숙명여대,정치외교학과,인문・사회계열,일반전형,83,5,10,8.3
숙명여대,행정학과,인문・사회계열,일반전형,79,1,8,5
숙명여대,교육학부,인문・사회계열,일반전형,86,4,23,5.13
숙명여대,한국어문학부,인문・사회계열,일반전형,81,18,18,4.72
숙명여대,기계시스템학부,공학계열,일반전형,83,4,13,7.17
숙명여대,지능형전자시스템학부,공학계열,일반전형,92,3,7,7.86
숙명여대,신소재물리학부,공학계열,일반전형,90,4,7,5.33
숙명여대,역사문화학과,인문・사회계열,일반전형,83,4,9,6.33
숙명여대,독일언어・문화학과,인문・사회계열,일반전형,84,2,6,5
숙명여대,프랑스언어・문화학과,인문・사회계열,일반전형,82,1,5,7.2
숙명여대,문헌정보학과,인문・사회계열,일반전형,85,4,11,5.9
숙명여대,사회심리학과,인문・사회계열,일반전형,86,5,8,6.25
숙명여대,앙트러프러너십전공,인문・사회계열,일반전형,83,2,5,6.8
숙명여대,글로벌협력전공,인문・사회계열,일반전형,84,1,6,4.67
숙명여대,식품영양학과,자연과학계열,일반전형,84,1,10,3.8
숙명여대,의류학과,자연과학계열,일반전형,88,3,8,4.13
숙명여대,수학과,자연과학계열,일반전형,85,13,11,4.5
숙명여대,컴퓨터과학전공,공학계열,일반전형,86,10,11,6.7
숙명여대,소비자경제학과,인문・사회계열,일반전형,87,0,7,5.86
숙명여대,통계학과,자연과학계열,일반전형,88,9,10,5.1
숙명여대,생명시스템학부,자연과학계열,일반전형,85,11,13,6.46
숙명여대,문화관광학전공,인문・사회계열,일반전형,81,1,9,4.67
숙명여대,홍보광고학과,인문・사회계열,일반전형,83,2,12,4.55
숙명여대,법학부,인문・사회계열,일반전형,84,6,28,4.25
숙명여대,아동복지학부,인문・사회계열,일반전형,83,3,14,4.43
숙명여대,경제학부,인문・사회계열,일반전형,84,13,26,4.19
숙명여대,화공생명공학부,공학계열,일반전형,88,10,17,5.52
숙명여대,가족자원경영학과,인문・사회계열,일반전형,81,7,8,5.62
숙명여대,화학과,자연과학계열,일반전형,87,3,11,4.72
숙명여대,체육교육과,예체능계열,일반전형,91,2,20,5.3
숙명여대,첨단공학부,공학계열,일반전형,87,31,78,3.17
숙명여대,약학부,자연과학계열,일반전형,97,16,51,3.59
숙명여대,자유전공학부,인문・사회계열,일반전형,81,132,294,3.18
숙명여대,약학부,자연과학계열,저소득층,89,1,6,6.83
순천향대,의예과,자연과학계열,일반전형,98,236,30,23.9
순천향대,간호학과,자연과학계열,일반전형,79,40,20,7.7
숭실대,AI소프트웨어학부,공학계열,일반전형,88,71,74,4.08
숭실대,행정학부,인문・사회계열,일반전형,81,15,34,4.85
숭실대,정치외교학과,인문・사회계열,일반전형,80,8,13,4.54
숭실대,정보사회학과,인문・사회계열,일반전형,80,3,10,4.8
숭실대,법학과,인문・사회계열,일반전형,84,10,22,5.41
숭실대,국제법무학과,인문・사회계열,일반전형,84,6,16,5.13
숭실대,글로벌통상학과,인문・사회계열,일반전형,88,10,24,3.79
숭실대,금융학부,인문・사회계열,일반전형,87,8,18,4.89
숭실대,회계학과,인문・사회계열,일반전형,86,9,21,4.14
숭실대,언론홍보학과,인문・사회계열,일반전형,79,12,12,6.17
숭실대,경제학과,인문・사회계열,일반전형,86,15,34,4.38
숭실대,평생교육학과,인문・사회계열,일반전형,87,3,8,6.75
숭실대,건축학부 건축학·건축공학전공,공학계열,일반전형,85,21,14,5.21
숭실대,일어일문학과,인문・사회계열,일반전형,84,4,9,6
숭실대,국어국문학과,인문・사회계열,일반전형,83,7,8,7.63
숭실대,사학과,인문・사회계열,일반전형,80,4,9,8.33
숭실대,불어불문학과,인문・사회계열,일반전형,87,2,6,7.5
숭실대,중어중문학과,인문・사회계열,일반전형,82,2,11,6.55
숭실대,경영학부,인문・사회계열,일반전형,87,31,42,4.33
숭실대,건축학부 실내건축전공,공학계열,일반전형,86,8,6,6
숭실대,산업정보시스템공학과,공학계열,일반전형,86,38,25,5.28
숭실대,벤처중소기업학과,인문・사회계열,일반전형,86,8,25,3.76
숭실대,자유전공학부(자연),자연과학계열,일반전형,85,152,192,3.69
숭실대,전자정보공학부 IT융합전공,공학계열,일반전형,87,23,28,3.82
숭실대,독어독문학과,인문・사회계열,일반전형,83,18,9,10.78
숭실대,영어영문학과,인문・사회계열,일반전형,81,36,20,6.85
숭실대,신소재공학과,공학계열,일반전형,84,31,28,5.89
숭실대,자유전공학부(인문),인문・사회계열,일반전형,84,174,165,6.49
숭실대,수학과,자연과학계열,일반전형,85,14,8,11.38
숭실대,전자정보공학부 전자공학전공,공학계열,일반전형,84,29,29,5.66
숭실대,물리학과,자연과학계열,일반전형,85,10,13,7.54
숭실대,정보통계・보험수리학과,자연과학계열,일반전형,90,9,11,7.36
숭실대,기계공학부,공학계열,일반전형,88,32,32,6.75
숭실대,화학과,자연과학계열,일반전형,88,22,17,6.88
숭실대,의생명시스템학부,자연과학계열,일반전형,88,39,20,6.9
숭실대,화학공학과,공학계열,일반전형,86,19,25,5.88
숭실대,사회복지학부,인문・사회계열,일반전형,82,58,15,13.67
숭실대,전기공학부,공학계열,일반전형,88,41,41,5.49
숭실대,정보보호학과,공학계열,일반전형,92,26,12,8.75
숭실대,글로벌미디어학부,공학계열,일반전형,86,26,23,7.26
숭실대,컴퓨터학부,공학계열,일반전형,90,22,20,5.45
숭실대,정치외교학과,인문・사회계열,농어촌,77,,2,6
숭실대,법학과,인문・사회계열,농어촌,77,1,4,4.5
숭실대,국제법무학과,인문・사회계열,농어촌,75,,2,10
숭실대,회계학과,인문・사회계열,농어촌,79,3,2,6
숭실대,행정학부,인문・사회계열,농어촌,77,1,3,4.33
숭실대,평생교육학과,인문・사회계열,농어촌,78,,2,5.5
숭실대,건축학부 건축학·건축공학전공,공학계열,농어촌,74,,2,8
숭실대,일어일문학과,인문・사회계열,농어촌,78,1,2,6
숭실대,기독교학과,인문・사회계열,농어촌,80,,2,9.5
숭실대,사학과,인문・사회계열,농어촌,79,4,2,5.5
숭실대,불어불문학과,인문・사회계열,농어촌,81,1,2,6.5
숭실대,경영학부,인문・사회계열,농어촌,77,6,5,6.6
숭실대,철학과,인문・사회계열,농어촌,82,,2,6.5
숭실대,벤처중소기업학과,인문・사회계열,농어촌,78,2,2,6
숭실대,AI소프트웨어학부,공학계열,농어촌,78,6,6,3.33
숭실대,전자정보공학부 IT융합전공,공학계열,농어촌,83,1,3,5.33
숭실대,독어독문학과,인문・사회계열,농어촌,81,1,2,7
숭실대,영어영문학과,인문・사회계열,농어촌,75,1,2,6.5
숭실대,수학과,자연과학계열,농어촌,74,2,3,8.33
숭실대,전자정보공학부 전자공학전공,공학계열,농어촌,82,5,3,8.67
숭실대,물리학과,자연과학계열,농어촌,84,4,3,8.33
숭실대,정보통계・보험수리학과,자연과학계열,농어촌,82,6,3,8.33
숭실대,신소재공학과,공학계열,농어촌,79,5,2,9
숭실대,기계공학부,공학계열,농어촌,83,2,2,6.5
숭실대,화학과,자연과학계열,농어촌,83,3,2,10.5
숭실대,의생명시스템학부,자연과학계열,농어촌,86,4,2,7.5
숭실대,화학공학과,공학계열,농어촌,80,5,4,8
숭실대,사회복지학부,인문・사회계열,농어촌,77,6,2,25
숭실대,전기공학부,공학계열,농어촌,83,2,5,7.6
숭실대,글로벌미디어학부,공학계열,농어촌,83,3,2,8.5
숭실대,컴퓨터학부,공학계열,농어촌,80,4,3,7
숭실대,글로벌통상학과,인문・사회계열,저소득층,77,4,5,6.8
숭실대,경제학과,인문・사회계열,저소득층,74,5,3,7.33
숭실대,건축학부 실내건축전공,공학계열,저소득층,69,,2,8
숭실대,건축학부 건축학·건축공학전공,공학계열,저소득층,75,,3,5.33
숭실대,산업정보시스템공학과,공학계열,저소득층,79,3,5,5.2
숭실대,기계공학부,공학계열,저소득층,77,12,6,12.33
숭실대,신소재공학과,공학계열,저소득층,82,17,5,13
숭실대,화학공학과,공학계열,저소득층,78,7,3,13.67
숭실대,전기공학부,공학계열,저소득층,82,7,4,11
아주대,간호학과,자연과학계열,일반전형4,88,17,12,7.4
아주대,행정학과,인문・사회계열,일반전형3,83,15,10,13.3
아주대,경영학과,인문・사회계열,일반전형3,86,23,24,6.4
아주대,디지털미디어학과,공학계열,일반전형3,82,10,10,6.1
아주대,건설시스템공학과,공학계열,일반전형3,85,7,8,5.9
아주대,건축학과,공학계열,일반전형3,86,15,12,5.5
아주대,영어영문학과,인문・사회계열,일반전형3,85,11,9,7.4
아주대,경제정치사회융합학부,인문・사회계열,일반전형3,82,34,29,6.1
아주대,프런티어과학학부,자연과학계열,일반전형3,86,29,31,4.3
아주대,첨단바이오융합대학,공학계열,일반전형3,84,25,32,5.2
아주대,국어국문학과,인문・사회계열,일반전형3,83,1,4,8.8
아주대,사학과,인문・사회계열,일반전형3,83,2,3,9.3
아주대,심리학과,인문・사회계열,일반전형3,85,12,11,8.3
아주대,문화콘텐츠학과,인문・사회계열,일반전형3,83,6,6,8.3
아주대,미래모빌리티공학과,공학계열,일반전형3,86,23,47,5
아주대,불어불문학과,인문・사회계열,일반전형3,82,1,3,9.7
아주대,전자공학과,공학계열,일반전형3,86,34,32,4.1
아주대,소프트웨어학과,공학계열,일반전형3,87,10,12,6.9
아주대,수학과,자연과학계열,일반전형3,82,1,3,8.7
아주대,환경안전공학과,공학계열,일반전형3,81,6,11,7.4
아주대,교통시스템공학과,공학계열,일반전형3,83,6,7,7
아주대,금융공학과,인문・사회계열,일반전형3,86,8,10,7
아주대,간호학과,자연과학계열,일반전형3,87,17,22,6.7
아주대,첨단신소재공학과,공학계열,일반전형3,91,13,22,5.5
아주대,경영인텔리전스학과,인문・사회계열,일반전형3,85,6,10,9.2
아주대,기계공학과,공학계열,일반전형3,86,34,35,4.7
아주대,응용화학과,공학계열,일반전형3,86,1,6,8.5
아주대,지능형반도체공학과,공학계열,일반전형3,90,16,27,4.7
아주대,화학공학과,공학계열,일반전형3,85,9,8,5.9
아주대,산업공학과,공학계열,일반전형3,86,9,21,6
아주대,사이버보안학과,공학계열,일반전형3,90,5,7,5.6
아주대,자유전공학부(인문),인문・사회계열,일반전형2,89,20,48,4.1
아주대,약학과,자연과학계열,일반전형2,95,11,10,5.7
아주대,자유전공학부(자연),자연과학계열,일반전형2,86,58,88,3.4
아주대,의학과(예과),자연과학계열,일반전형1,99,,10,3.7
아주대,약학과,자연과학계열,농어촌,93,4,3,5.7
아주대,경제정치사회융합학부,인문・사회계열,농어촌,79,9,6,7.5
아주대,프런티어과학학부,자연과학계열,농어촌,78,9,5,6.6
아주대,첨단바이오융합대학,공학계열,농어촌,82,3,3,7.3
아주대,간호학과,자연과학계열,농어촌,81,2,3,4.3
아주대,기계공학과,공학계열,농어촌,80,10,3,8.7
아주대,약학과,자연과학계열,저소득층,87,,3,6.7
아주대,국방디지털융합학과,공학계열,국방IT,84,3,9,2
연세대,스포츠응용산업학과,예체능계열,일반전형,86,2,26,4.58
연세대,체육교육학과,예체능계열,일반전형,88,4,28,4.61
연세대,경영학과,인문・사회계열,농어촌,87,,0,0
연세대,첨단컴퓨팅학부,공학계열,농어촌,91,,0,0
연세대,기계공학부,공학계열,농어촌,93,,0,0
연세대,전기전자공학부,공학계열,농어촌,91,,0,0
연세대,경제학부,인문・사회계열,농어촌,93,,0,0
연세대,디스플레이융합공학과,공학계열,일반전형,96,7,7,7
연세대,실내건축학과,자연과학계열,일반전형,91,3,11,4.36
연세대,도시공학과,공학계열,일반전형,94,1,14,3.64
연세대,철학과,인문・사회계열,일반전형,93,,14,3.64
연세대,경영학과,인문・사회계열,일반전형,92,97,118,3.91
연세대,중어중문학과,인문・사회계열,일반전형,92,2,15,3.6
연세대,영어영문학과,인문・사회계열,일반전형,91,2,31,3.35
연세대,사회복지학과,인문・사회계열,일반전형,92,,14,4.21
연세대,사회학과,인문・사회계열,일반전형,91,2,13,3.77
연세대,정치외교학과,인문・사회계열,일반전형,91,11,30,4.33
연세대,행정학과,인문・사회계열,일반전형,92,2,29,3.07
연세대,교육학부,인문・사회계열,일반전형,92,1,26,2.81
연세대,건축공학과,공학계열,일반전형,93,3,28,3.86
연세대,아동・가족학과,자연과학계열,일반전형,90,2,10,3.9
연세대,신학과,인문・사회계열,일반전형,89,1,22,3
연세대,국어국문학과,인문・사회계열,일반전형,92,1,20,2.85
연세대,시스템반도체공학과,공학계열,일반전형,95,68,32,5.84
연세대,지능형반도체전공,공학계열,일반전형,94,4,15,5.2
연세대,첨단컴퓨팅학부,공학계열,일반전형,94,40,70,4.63
연세대,모빌리티시스템전공,공학계열,일반전형,94,2,10,6.2
연세대,진리 자유학부(인문),인문・사회계열,일반전형,92,46,74,3.72
연세대,독어독문학과,인문・사회계열,일반전형,92,,17,11.59
연세대,노어노문학과,인문・사회계열,일반전형,91,1,13,3.38
연세대,불어불문학과,인문・사회계열,일반전형,90,,12,4.08
연세대,문헌정보학과,인문・사회계열,일반전형,92,1,13,3.69
연세대,문화인류학과,인문・사회계열,일반전형,92,,8,3.13
연세대,심리학과,인문・사회계열,일반전형,92,4,12,3.83
연세대,사학과,인문・사회계열,일반전형,91,1,19,3.47
연세대,상경계열,인문・사회계열,일반전형,91,16,70,3.9
연세대,치의예과,자연과학계열,일반전형,98,56,27,5.3
연세대,간호학과,자연과학계열,일반전형,92,14,36,3.11
연세대,약학과,자연과학계열,일반전형,98,40,14,8.07
연세대,식품영양학과,자연과학계열,일반전형,89,1,12,3
연세대,의류환경학과,자연과학계열,일반전형,91,2,9,3.56
연세대,수학과,자연과학계열,일반전형,92,10,13,4.62
연세대,신소재공학부,공학계열,일반전형,95,11,34,3.94
연세대,통합디자인학과,자연과학계열,일반전형,92,3,9,4.11
연세대,응용통계학과,인문・사회계열,일반전형,94,7,15,4.73
연세대,물리학과,자연과학계열,일반전형,93,7,13,3.69
연세대,대기과학과,자연과학계열,일반전형,94,2,11,3.91
연세대,천문우주학과,자연과학계열,일반전형,93,5,11,6.64
연세대,지구시스템과학과,자연과학계열,일반전형,94,2,13,3.77
연세대,의예과,자연과학계열,일반전형,99,19,48,3.92
연세대,기계공학부,공학계열,일반전형,94,21,42,2.95
연세대,전기전자공학부,공학계열,일반전형,95,97,69,4.48
연세대,경제학부,인문・사회계열,일반전형,93,22,41,3.44
연세대,IT융합공학전공,공학계열,일반전형,95,,7,7.57
연세대,언론홍보영상학부,인문・사회계열,일반전형,92,1,17,3.41
연세대,사회환경시스템공학부,공학계열,일반전형,94,4,29,3.72
연세대,산업공학과,공학계열,일반전형,95,4,13,4.54
연세대,화공생명공학부,공학계열,일반전형,93,30,30,4.4
연세대,생명공학과,공학계열,일반전형,94,11,19,4.47
연세대,생명과학부,자연과학계열,일반전형,94,5,14,5.07
연세대,생화학과,자연과학계열,일반전형,97,,4,11
연세대,시스템생물학과,자연과학계열,일반전형,98,,4,8.75
연세대,화학과,자연과학계열,일반전형,94,5,18,3.17
연세대,진리 자유학부(자연),인문・사회계열,일반전형,93,42,83,4.17
연세대,언더우드학부,인문・사회계열,일반전형,90,7,15,3.33
연세대,융합과학공학부,공학계열,일반전형,91,6,26,3.69
연세대,융합인문사회과학부,인문・사회계열,일반전형,90,4,58,3.31
연세대,경영학과,인문・사회계열,저소득층,91,,0,0
연세대,첨단컴퓨팅학부,공학계열,저소득층,85,,0,0
연세대,신소재공학부,공학계열,저소득층,93,,0,0
연세대,기계공학부,공학계열,저소득층,92,,0,0
연세대,전기전자공학부,공학계열,저소득층,90,,0,0
연세대,경제학부,인문・사회계열,저소득층,91,,0,0
연세대(미래),데이터사이언스학부,자연과학계열,일반전형,67,23,13,10.15
연세대(미래),디지털헬스케어학부,공학계열,일반전형,66,8,11,7.64
연세대(미래),소프트웨어학부,공학계열,일반전형,65,41,29,4.55
연세대(미래),작업치료학과,자연과학계열,일반전형,76,4,5,10.8
연세대(미래),물리치료학과,자연과학계열,일반전형,78,8,6,9
연세대(미래),임상병리학과,자연과학계열,일반전형,77,11,11,4
연세대(미래),방사선학과,자연과학계열,일반전형,85,2,5,4.6
연세대(미래),간호학과,자연과학계열,일반전형,84,11,10,6.8
연세대(미래),치위생학과,자연과학계열,일반전형,75,5,5,6.4
연세대(미래),AI보건정보관리학과,자연과학계열,일반전형,74,8,7,7
연세대(미래),AI반도체학부,공학계열,일반전형,69,23,13,5
연세대(미래),의예과,자연과학계열,일반전형,98,30,21,4.38
연세대(미래),자율융합계열,인문・사회계열,일반전형,69,176,152,6.03
연세대(미래),동아시아국제학부,인문・사회계열,일반전형,63,5,1,0
연세대(미래),의예과,자연과학계열,지역인재,97,,3,0
영남대,약학부,자연과학계열,지역인재,96,4,15,3.9
영남대,의예과,자연과학계열,지역인재,98,7,15,4.6
영남대,약학부,자연과학계열,일반전형,97,16,16,5.4
영남대,의예과,자연과학계열,일반전형,98,8,12,4.1
우석대,한의예과,자연과학계열,일반전형,97,10,7,9.29
우석대,한약학과,자연과학계열,일반전형,91,11,11,6.27
우석대,약학과,자연과학계열,일반전형,95,37,21,7.48
우석대,간호학과,자연과학계열,일반전형,74,26,31,6.97
울산대,의예과,자연과학계열,일반전형,99,1,6,4.33
울산대,간호학과,자연과학계열,일반전형,82,7,41,2.46
원광대,간호학과,자연과학계열,일반전형,71,15,37,5.89
원광대,약학과,자연과학계열,일반전형,95,2,5,10.6
원광대,한의예과,자연과학계열,일반전형,96,1,5,11.4
원광대,치의예과,자연과학계열,일반전형,97,3,12,5.58
원광대,의예과,자연과학계열,일반전형,98,14,13,6.08
을지대,의예과,자연과학계열,일반전형,98,9,10,5.5
이화여대,수학교육과,자연과학계열,일반전형,89,14,13,5.77
이화여대,초등교육과,인문・사회계열,일반전형,92,24,17,5.29
이화여대,국어교육과,인문・사회계열,일반전형,89,9,12,5.25
이화여대,영어교육과,인문・사회계열,일반전형,88,15,18,5.06
이화여대,교육공학과,인문・사회계열,일반전형,91,18,13,4.85
이화여대,유아교육과,인문・사회계열,일반전형,90,11,15,5.87
이화여대,특수교육과,인문・사회계열,일반전형,88,11,15,4.2
이화여대,교육학과,인문・사회계열,일반전형,91,7,12,5
이화여대,미래산업약학전공,자연과학계열,일반전형,95,2,20,4.85
이화여대,사회과교육과,인문・사회계열,일반전형,92,21,35,4.03
이화여대,의예과(자연),자연과학계열,일반전형,98,3,45,2.69
이화여대,의예과(인문),자연과학계열,일반전형,98,0,8,4.38
이화여대,과학교육과,자연과학계열,일반전형,89,23,42,3.38
이화여대,인문계열,인문・사회계열,일반전형,91,73,192,2.95
이화여대,뇌인지과학부(자연),자연과학계열,일반전형,92,7,15,5.33
이화여대,뇌인지과학부(인문),자연과학계열,일반전형,91,2,5,8.8
이화여대,지능형반도체공학전공,공학계열,일반전형,87,8,36,3.78
이화여대,자연계열,자연과학계열,일반전형,90,58,151,3.13
이화여대,약학전공,자연과학계열,일반전형,96,43,70,4
이화여대,인공지능데이터사이언스학부(자연),공학계열,일반전형,89,146,50,10.8
이화여대,간호학부,자연과학계열,일반전형,93,66,30,8.37
이화여대,인공지능데이터사이언스학부(인문),공학계열,일반전형,87,149,22,15.77
인제대,약학과,자연과학계열,저소득층,87,0,3,7
인제대,의예과,자연과학계열,일반전형,100,2,13,6.25
인제대,간호학과,자연과학계열,일반전형,81,17,23,3.78
인제대,약학과,자연과학계열,일반전형,97,8,6,9.33
인제대,의예과,자연과학계열,지역인재,97,24,36,2.72
인제대,약학과,자연과학계열,지역인재,94,7,6,6
인하대,체육교육과,인문・사회계열,일반전형,88,16,12,5
인하대,스포츠과학과,예체능계열,일반전형,81,26,21,9.9
인하대,디자인테크놀로지학과,예체능계열,일반전형,69,11,20,9.7
인하대,자유전공융합학부(자연),인문・사회계열,일반전형,86,95,154,3.9
인하대,인문융합학부,인문・사회계열,일반전형,82,6,34,3.8
인하대,반도체시스템공학과,공학계열,일반전형,86,29,33,4.1
인하대,의예과,자연과학계열,일반전형,99,45,16,10.3
인하대,자유전공융합학부(인문),인문・사회계열,일반전형,86,33,103,3.4
인하대,자연과학융합학부,자연과학계열,일반전형,83,50,36,4.1
인하대,사회과학융합학부,인문・사회계열,일반전형,82,45,42,4.3
인하대,파이낸스경영학과,인문・사회계열,일반전형,83,8,16,6.5
인하대,에너지자원공학과,공학계열,일반전형,83,11,8,6.4
인하대,문화콘텐츠문화경영학과,인문・사회계열,일반전형,83,,3,10
인하대,사회교육과,인문・사회계열,일반전형,85,4,11,3.8
인하대,기계공학과,공학계열,일반전형,87,25,21,5.3
인하대,공학융합학부,공학계열,일반전형,84,81,131,3.3
인하대,사학과,인문・사회계열,일반전형,80,,3,14
인하대,환경공학과,공학계열,일반전형,87,4,7,6.7
인하대,국어교육과,인문・사회계열,일반전형,86,12,13,8.4
인하대,영어교육과,인문・사회계열,일반전형,79,5,13,8.7
인하대,정치외교학과,인문・사회계열,일반전형,83,2,3,9
인하대,중국학과,인문・사회계열,일반전형,82,,3,6.3
인하대,사회복지학과,인문・사회계열,일반전형,80,4,4,6
인하대,아태물류학부,인문・사회계열,일반전형,83,6,14,4.2
인하대,철학과,인문・사회계열,일반전형,78,,3,12.7
인하대,경영학과,인문・사회계열,일반전형,82,9,16,4.2
인하대,경제학과,인문・사회계열,일반전형,81,1,4,5.8
인하대,한국어문학과,인문・사회계열,일반전형,80,1,3,10.7
인하대,식품영양학과,자연과학계열,일반전형,85,1,3,8.3
인하대,바이오식품공학과,공학계열,일반전형,83,6,9,5.7
인하대,사회인프라공학과,공학계열,일반전형,83,5,12,4.6
인하대,간호학과,자연과학계열,일반전형,85,19,42,2.7
인하대,항공우주공학과,공학계열,일반전형,88,1,10,5.2
인하대,경영융합학부,인문・사회계열,일반전형,84,11,45,4
인하대,이차전지융합학과,공학계열,일반전형,82,12,16,5.6
인하대,첨단바이오의약학과,자연과학계열,일반전형,89,2,9,4.6
인하대,수학교육과,인문・사회계열,일반전형,85,3,12,5
인하대,생명공학과,공학계열,일반전형,85,17,17,4
인하대,화학공학과,공학계열,일반전형,83,12,15,6.5
인하대,고분자공학과,공학계열,일반전형,83,2,7,9.4
인하대,산업경영공학과,공학계열,일반전형,85,12,9,8.2
인하대,컴퓨터공학과,공학계열,일반전형,81,31,63,3.7
인하대,조선해양공학과,공학계열,일반전형,83,14,11,8.2
인하대,해양과학과,자연과학계열,일반전형,83,,3,15.3
인하대,일본언어문화학과,인문・사회계열,일반전형,78,,3,20.7
인하대,데이터사이언스학과,공학계열,일반전형,87,27,20,7.4
인하대,아동심리학과,인문・사회계열,일반전형,80,5,3,15.7
인하대,생명과학과,자연과학계열,일반전형,83,14,13,8.2
인하대,신소재공학과,공학계열,일반전형,86,19,17,6.9
인하대,수학과,자연과학계열,일반전형,84,,2,23
인하대,소비자학과,인문・사회계열,일반전형,81,5,3,12.3
인하대,공간정보공학과,공학계열,일반전형,84,7,8,11.1
인하대,물리학과,자연과학계열,일반전형,84,4,3,12.3
인하대,통계학과,자연과학계열,일반전형,85,1,2,29
인하대,스마트모빌리티공학과,공학계열,일반전형,85,23,16,9.3
인하대,인공지능공학과,공학계열,일반전형,84,70,42,5.8
인하대,건축학부,공학계열,일반전형,84,17,17,7.9
인하대,교육학과,인문・사회계열,일반전형,79,37,13,9
인하대,행정학과,인문・사회계열,일반전형,87,5,3,18.7
인하대,미디어커뮤니케이션학과,인문・사회계열,일반전형,83,6,2,34.5
인하대,전기전자공학부,공학계열,일반전형,89,34,38,4.8
인하대,화학과,자연과학계열,일반전형,86,7,3,16
인하대,국제통상학과,인문・사회계열,일반전형,86,20,12,8.4
전남대,간호학과,자연과학계열,지역인재,81,9,16,2.31
전남대,치의학과,의학계열,지역인재,98,2,8,4.5
전남대,의학과,의학계열,지역인재,98,8,18,3.94
전남대,약학부,자연과학계열,지역인재,95,8,9,7
전남대,융합바이오시스템기계공학과,공학계열,일반전형,74,11,13,4.77
전남대,행정학과,인문・사회계열,일반전형,76,5,14,4.93
전남대,미디어커뮤니케이션학과,인문・사회계열,일반전형,75,3,9,4.67
전남대,사회학과,인문・사회계열,일반전형,77,1,4,8.25
전남대,농업경제학과,인문・사회계열,일반전형,77,1,4,10.5
전남대,에너지자원공학과,공학계열,일반전형,68,3,8,3
전남대,전자컴퓨터공학부,공학계열,일반전형,69,16,55,2
전남대,전기공학과,공학계열,일반전형,88,14,15,4.07
전남대,기계공학부,공학계열,일반전형,75,14,28,2.43
전남대,화학과,자연과학계열,일반전형,79,2,8,4.25
전남대,인공지능학부,공학계열,일반전형,70,12,30,2.8
전남대,산림자원학과,자연과학계열,일반전형,79,3,4,5.75
전남대,생물공학과,공학계열,일반전형,79,1,7,3.14
전남대,분자생명공학과,자연과학계열,일반전형,81,1,4,4.25
전남대,교육학과,인문・사회계열,일반전형,71,3,5,4.8
전남대,독일언어문학과,인문・사회계열,일반전형,72,5,10,5.9
전남대,영어영문학과,인문・사회계열,일반전형,73,7,12,4.83
전남대,중어중문학과,인문・사회계열,일반전형,74,3,12,4.42
전남대,경영학부,인문・사회계열,일반전형,75,21,58,3.24
전남대,철학과,인문・사회계열,일반전형,76,3,5,5.4
전남대,건축학부,공학계열,일반전형,79,6,8,3.13
전남대,농생명화학과,자연과학계열,일반전형,74,4,6,6
전남대,지구과학교육과,자연과학계열,일반전형,58,2,4,3.5
전남대,수학교육과,자연과학계열,일반전형,81,3,9,3.78
전남대,지리교육과,인문・사회계열,일반전형,76,1,4,8
전남대,국어교육과,인문・사회계열,일반전형,84,2,7,3.57
전남대,특수교육학부,인문・사회계열,일반전형,72,3,11,3.36
전남대,생명과학기술학부,자연과학계열,일반전형,74,7,13,4.54
전남대,의류학과,자연과학계열,일반전형,76,1,6,4.83
전남대,식품공학과,자연과학계열,일반전형,77,4,6,5.17
전남대,생활복지학과,자연과학계열,일반전형,76,1,7,6.57
전남대,고분자융합소재공학부,공학계열,일반전형,70,24,25,3.04
전남대,문화인류고고학과,인문・사회계열,일반전형,75,4,4,8.5
전남대,자율전공학부(4년),인문・사회계열,일반전형,76,9,17,4
전남대,자율전공학부(1년),인문・사회계열,일반전형,84,4,12,5
전남대,간호학과,자연과학계열,일반전형,80,12,24,2.96
전남대,치의학과,의학계열,일반전형,98,13,4,11.5
전남대,의학과,의학계열,일반전형,97,43,15,8.87
전남대,통계학과,자연과학계열,일반전형,82,3,5,5
전남대,신소재공학부,공학계열,일반전형,72,5,15,3.2
전남대,임산공학과,자연과학계열,일반전형,80,4,5,7
전남대,지구환경과학부,자연과학계열,일반전형,72,7,11,5.64
전남대,토목공학과,공학계열,일반전형,74,7,7,3.86
전남대,조경학과,자연과학계열,일반전형,74,3,7,7.29
전남대,생물학과,자연과학계열,일반전형,75,4,6,7.33
전남대,화학교육과,자연과학계열,일반전형,68,1,5,2.8
전남대,응용생물학과,자연과학계열,일반전형,76,5,6,4.83
전남대,지역 ・ 바이오시스템공학과,자연과학계열,일반전형,77,2,6,5.5
전남대,일어일문학과,인문・사회계열,일반전형,72,1,12,5.92
전남대,국어국문학과,인문・사회계열,일반전형,72,17,15,4.87
전남대,사학과,인문・사회계열,일반전형,70,9,8,8.5
전남대,심리학과,인문・사회계열,일반전형,81,5,6,7.33
전남대,문헌정보학과,인문・사회계열,일반전형,72,6,6,8.67
전남대,불어불문학과,인문・사회계열,일반전형,71,6,11,6.09
전남대,원예생명공학과,자연과학계열,일반전형,78,2,6,6
전남대,물리학과,자연과학계열,일반전형,72,10,11,4.91
전남대,지리학과,인문・사회계열,일반전형,75,4,6,5.83
전남대,약학부,자연과학계열,일반전형,94,3,12,5.92
전남대,생물교육과,자연과학계열,일반전형,81,7,5,4.8
전남대,동물자원학부,자연과학계열,일반전형,73,6,12,5.75
전남대,화학공학부,공학계열,일반전형,73,23,34,2.91
전남대,경제학부,인문・사회계열,일반전형,78,18,17,6.18
전남대,환경에너지공학과,공학계열,일반전형,71,10,8,4.63
전남대,산업공학과,공학계열,일반전형,83,4,6,5.83
전남대,빅데이터융합학과,자연과학계열,일반전형,68,13,13,3.62
전남대,수학과,자연과학계열,일반전형,74,13,13,4.77
전남대,수의예과,자연과학계열,일반전형,94,18,17,6
전남대,정치외교학과,인문・사회계열,일반전형,79,11,8,6.25
전남대,식품영양과학부,자연과학계열,일반전형,71,13,13,5
전남대,역사교육과,인문・사회계열,일반전형,74,1,6,5.83
전남대,영어교육과,인문・사회계열,일반전형,78,2,11,4.36
전남대,미래모빌리티학과,공학계열,일반전형,65,17,15,3.6
전남대,유아교육과,인문・사회계열,일반전형,75,2,6,5.33
전남대,응용식물학과,자연과학계열,일반전형,77,,7,7.86
전북대,스포츠과학과,자연과학계열,일반전형,69,2,13,5.2
전북대,체육교육과,예체능계열,일반전형,67,3,19,3.2
전북대,영어교육과,인문・사회계열,일반전형,78,4,6,7.5
전북대,교육학과,인문・사회계열,일반전형,74,2,5,7.6
전북대,국어교육과,인문・사회계열,일반전형,75,10,6,5.7
전북대,사회과교육학부,인문・사회계열,일반전형,72,3,13,5.4
전북대,과학교육학부,자연과학계열,일반전형,71,11,18,3.7
전북대,수학교육과,자연과학계열,일반전형,77,8,7,6
전북대,농업생명과학계열,자연과학계열,일반전형,74,51,120,6.5
전북대,인문계열,인문・사회계열,일반전형,71,30,90,5.9
전북대,경상계열,인문・사회계열,일반전형,75,46,92,4.7
전북대,스마트팜학과,자연과학계열,일반전형,70,5,9,6.9
전북대,치의예과,자연과학계열,일반전형,95,24,6,10.5
전북대,자연과학계열 2,자연과학계열,일반전형,72,44,46,5.7
전북대,생활과학계열,자연과학계열,일반전형,69,14,32,5.8
전북대,자연과학계열 1,자연과학계열,일반전형,68,49,58,5
전북대,공학계열 1,공학계열,일반전형,71,140,265,0
전북대,융합자율전공학부 2,공학계열,일반전형,69,6,8,0
전북대,첨단방위산업학과,공학계열,일반전형,79,1,4,0
전북대,공학계열 2,공학계열,일반전형,73,74,146,0
전북대,융합자율전공학부 1,공학계열,일반전형,77,19,37,0
전북대,환경생명자원계열,자연과학계열,일반전형,67,6,23,0
전북대,의예과,자연과학계열,일반전형,97,17,29,0
전북대,간호학과,자연과학계열,일반전형,81,26,38,0
전북대,약학과,자연과학계열,일반전형,95,4,9,0
전북대,수의예과,자연과학계열,일반전형,94,5,16,0
전북대,사회과학계열,인문・사회계열,일반전형,70,41,64,0
전북대,이차전지공학과,공학계열,일반전형,76,1,6,0
전북대,치의예과,자연과학계열,지역인재,95,12,5,9.4
제주대,바이오메디컬정보학과,자연과학계열,일반전형,59,5,10,5.3
제주대,해양산업경찰학과,자연과학계열,일반전형,53,7,10,5.7
제주대,행정학과,인문・사회계열,일반전형,66,10,14,4.29
제주대,산업응용경제학과,인문・사회계열,일반전형,54,6,7,7.86
제주대,경제학과,인문・사회계열,일반전형,64,9,13,4.92
제주대,기계시스템공학과,공학계열,일반전형,60,10,18,4.28
제주대,환경공학과,공학계열,일반전형,56,7,9,7.22
제주대,식물자원환경전공,자연과학계열,일반전형,59,11,6,6.83
제주대,생물학과,자연과학계열,일반전형,54,11,13,4.31
제주대,윤리교육과,인문・사회계열,일반전형,67,5,4,4
제주대,생물교육전공,자연과학계열,일반전형,64,3,4,3
제주대,화공그린에너지학과,공학계열,일반전형,65,4,7,6.86
제주대,초등교육학부,인문・사회계열,일반전형,72,14,44,4.41
제주대,데이터사이언스학과,자연과학계열,일반전형,56,5,14,5
제주대,사학과,인문・사회계열,일반전형,58,5,11,3.18
제주대,영어영문학과,인문・사회계열,일반전형,61,8,9,4.33
제주대,중어중문학과,인문・사회계열,일반전형,55,5,9,7.89
제주대,관광경영학과,인문・사회계열,일반전형,59,9,18,5.11
제주대,경영학과(야),인문・사회계열,일반전형,48,5,8,7.38
제주대,경영정보학과,인문・사회계열,일반전형,62,,8,4.5
제주대,철학과,인문・사회계열,일반전형,61,5,7,7.29
제주대,건축학과,공학계열,일반전형,71,1,6,4.67
제주대,의예과,자연과학계열,일반전형,97,1,11,5.45
제주대,스포츠과학과,예체능계열,일반전형,44,4,15,3.73
제주대,패션의류학과,자연과학계열,일반전형,55,3,11,7.64
제주대,수학과,자연과학계열,일반전형,59,1,11,4.45
제주대,인공지능학과,공학계열,일반전형,65,9,12,3.83
제주대,통신공학과,공학계열,일반전형,55,5,12,5.17
제주대,해양생명과학과,자연과학계열,일반전형,54,5,8,8.13
제주대,화학·코스메틱스학과,자연과학계열,일반전형,58,9,9,4.89
제주대,해양시스템공학과,공학계열,일반전형,58,5,8,7.5
제주대,원예과학전공,자연과학계열,일반전형,55,4,8,5.25
제주대,토목공학과,공학계열,일반전형,59,9,12,4.58
제주대,식품생명공학과,공학계열,일반전형,63,8,8,5.25
제주대,건축공학과,공학계열,일반전형,61,4,6,4.5
제주대,체육교육과,예체능계열,일반전형,63,1,5,6
제주대,수학교육과,자연과학계열,일반전형,76,6,7,5.29
제주대,물리교육전공,자연과학계열,일반전형,58,6,5,4
제주대,경영학과,인문・사회계열,일반전형,69,16,17,4.65
제주대,물리학과,자연과학계열,일반전형,60,6,8,6.13
제주대,지구해양과학과,자연과학계열,일반전형,60,3,7,8.43
제주대,일어일문학과,인문・사회계열,일반전형,58,15,10,6.8
제주대,국어국문학과,인문・사회계열,일반전형,61,4,10,5
제주대,독일학과,인문・사회계열,일반전형,56,2,6,8.5
제주대,수의예과,자연과학계열,일반전형,95,77,15,27.4
제주대,간호학과,자연과학계열,일반전형,73,22,25,5.92
제주대,약학과,자연과학계열,일반전형,95,121,9,52.89
제주대,컴퓨터교육과,자연과학계열,일반전형,72,1,5,6
제주대,언론홍보학과,인문・사회계열,일반전형,62,9,11,4.55
제주대,관광개발학과,인문・사회계열,일반전형,63,12,11,10.27
제주대,생명공학부,자연과학계열,일반전형,59,32,25,4.96
제주대,컴퓨터공학과,공학계열,일반전형,69,9,11,3.73
제주대,원자력공학과,공학계열,일반전형,57,15,15,5.27
제주대,전자공학과,공학계열,일반전형,68,15,13,4.08
제주대,전기공학과,공학계열,일반전형,65,17,10,4.4
제주대,회계학과,인문・사회계열,일반전형,64,16,17,4.29
제주대,사회교육과,인문・사회계열,일반전형,73,8,4,7.75
제주대,식품영양학과,자연과학계열,일반전형,60,6,9,4.56
제주대,영어교육과,인문・사회계열,일반전형,70,9,8,6.88
제주대,수산생명의학과,자연과학계열,일반전형,60,7,11,4.64
제주대,행정학과(야),인문・사회계열,일반전형,49,11,11,5.45
제주대,정치외교학과,인문・사회계열,일반전형,58,17,13,4.46
제주대,사회학과,인문・사회계열,일반전형,62,10,12,4.58
제주대,생활환경복지학과,자연과학계열,일반전형,53,2,9,5
제주대,무역학과,인문・사회계열,일반전형,63,8,11,5.45
제주대,의예과,자연과학계열,지역인재,96,,7,2.57
조선대,의예과,자연과학계열,일반전형,97,12,8,9.13
조선대,치의예과,자연과학계열,일반전형,97,11,5,11
조선대,약학과,자연과학계열,일반전형,94,9,6,8.83
조선대,의예과,자연과학계열,지역인재,95,6,18,4
조선대,치의예과,자연과학계열,지역인재,92,1,12,3.83
조선대,간호학과,자연과학계열,지역인재,65,6,16,3.69
조선대,약학과,자연과학계열,지역인재,94,4,9,6.11
중앙대,화학공학과,공학계열,일반전형,93,31,35,3.91
중앙대,수학과,자연과학계열,일반전형,91,10,17,4.29
중앙대,유아교육과,인문・사회계열,일반전형,90,,10,7.3
중앙대,생명과학과,자연과학계열,일반전형,91,20,20,5.45
중앙대,영어영문학과,인문・사회계열,일반전형,85,13,33,4.12
중앙대,AI학과,공학계열,일반전형,91,16,22,4.59
중앙대,기계공학부,공학계열,일반전형,92,70,68,4.38
중앙대,철학과,인문・사회계열,일반전형,92,6,10,4.8
중앙대,경영학부(글로벌금융전공),인문・사회계열,일반전형,91,25,26,4.04
중앙대,문헌정보학과,인문・사회계열,일반전형,92,17,15,4.8
중앙대,응용통계학과,인문・사회계열,일반전형,93,20,18,4.11
중앙대,국제물류학과,인문・사회계열,일반전형,91,6,15,4.73
중앙대,도시계획부동산학과,인문・사회계열,일반전형,91,18,18,4.44
중앙대,약학부,자연과학계열,일반전형,97,79,49,4.73
중앙대,역사학과,인문・사회계열,일반전형,87,3,11,5.27
중앙대,미디어커뮤니케이션학부,인문・사회계열,일반전형,93,13,24,3.58
중앙대,공공인재학부,인문・사회계열,일반전형,91,18,54,4.39
중앙대,사회학과,인문・사회계열,일반전형,93,19,22,4.95
중앙대,영어교육과,인문・사회계열,일반전형,91,15,20,4.95
중앙대,체육교육과,예체능계열,일반전형,85,7,15,3.87
중앙대,교육학과,인문・사회계열,일반전형,92,8,10,3.8
중앙대,정치국제학과,인문・사회계열,일반전형,90,42,25,4.32
중앙대,건축학부,공학계열,일반전형,91,30,32,3.59
중앙대,사회기반시스템공학부(도시시스템공학전공),공학계열,일반전형,91,14,11,9.18
중앙대,아시아문화학부(중국어문학전공),인문・사회계열,일반전형,90,3,11,7.36
중앙대,산업보안학과(자연),인문・사회계열,일반전형,92,13,16,4.69
중앙대,심리학과,인문・사회계열,일반전형,93,31,21,5.05
중앙대,아시아문화학부(일본어문학전공),인문・사회계열,일반전형,88,10,10,5.6
중앙대,간호학과(인문),자연과학계열,일반전형,91,33,51,2.69
중앙대,간호학과(자연),자연과학계열,일반전형,91,31,40,3.18
중앙대,광고홍보학부(광고홍보학전공),인문・사회계열,일반전형,92,19,19,6.37
중앙대,국어국문학부(국어국문학전공),인문・사회계열,일반전형,86,13,15,3.6
중앙대,물리학과,자연과학계열,일반전형,91,20,17,4.65
중앙대,의학부(의예),자연과학계열,일반전형,99,10,42,2.95
중앙대,공연영상창작학부(영화전공),예체능계열,일반전형,90,11,22,3.77
중앙대,사회기반시스템공학부(건설환경플랜트공학전공),공학계열,일반전형,91,23,19,4.58
중앙대,지능형반도체공학과,공학계열,일반전형,94,13,10,9.4
중앙대,화학과,자연과학계열,일반전형,93,23,16,5.81
중앙대,사회복지학부,인문・사회계열,일반전형,92,20,21,4.52
중앙대,경제학부,인문・사회계열,일반전형,92,57,52,4.35
중앙대,에너지시스템공학부,공학계열,일반전형,91,55,36,5.56
중앙대,창의ICT공과대학,공학계열,일반전형,92,578,152,10.03
중앙대,소프트웨어학부,공학계열,일반전형,93,292,82,12.04
중앙대,경영학부(경영학전공),인문・사회계열,일반전형,92,933,213,12.41
중앙대(다빈치),디자인학부(산업디자인전공),예체능계열,일반전형,78,3,8,4.63
중앙대(다빈치),생명자원공학부(식물생명공학전공),자연과학계열,일반전형,74,23,23,6.61
중앙대(다빈치),디자인학부(패션전공),예체능계열,일반전형,78,7,23,4.3
중앙대(다빈치),생명자원공학부(동물생명공학전공),자연과학계열,일반전형,78,23,25,7.16
중앙대(다빈치),식품공학부(식품영양전공),자연과학계열,일반전형,76,18,21,4.33
중앙대(다빈치),식품공학부(식품공학전공),자연과학계열,일반전형,77,28,36,4.33
중앙대(다빈치),시스템생명공학과,자연과학계열,일반전형,78,28,23,8.39
중앙대(다빈치),디자인학부(공예전공),예체능계열,일반전형,74,4,6,6.17
중앙대(다빈치),디자인학부(실내환경디자인전공),예체능계열,일반전형,76,5,10,4.8
중앙대(다빈치),디자인학부(시각디자인전공),예체능계열,일반전형,83,8,7,4
중앙대(다빈치),공연영상창작학부(사진전공),예체능계열,일반전형,76,12,23,3.35
중앙대(다빈치),첨단소재공학과,공학계열,일반전형,74,14,16,4.56
중앙대(다빈치),예술공학부,공학계열,일반전형,77,42,55,2.84
차의과학대,약학대학,자연과학계열,일반전형,90,12,13,6.23
차의과학대,간호대학,자연과학계열,일반전형,86,34,33,5.58
충남대,사회복지학과,인문・사회계열,일반전형,78,2,3,8.7
충남대,사회학과,인문・사회계열,일반전형,77,,2,10
충남대,언론정보학과,인문・사회계열,일반전형,80,1,4,7.5
충남대,정치외교학과,인문・사회계열,일반전형,76,3,5,16.4
충남대,행정학부,인문・사회계열,일반전형,78,7,10,6
충남대,교육학과,인문・사회계열,일반전형,81,9,7,5.3
충남대,국어교육과,인문・사회계열,일반전형,77,2,8,8.1
충남대,인문사회융합학부,인문・사회계열,일반전형,77,27,34,5.4
충남대,리더십과조직과학전공,인문・사회계열,일반전형,72,,3,11.3
충남대,미생물・분자생명과학과,자연과학계열,일반전형,76,3,6,5.8
충남대,기계공학부,공학계열,일반전형,78,12,19,5.1
충남대,전기공학과,공학계열,일반전형,87,6,7,5.1
충남대,전자공학과,공학계열,일반전형,85,2,9,5.4
충남대,에너지공학과,공학계열,일반전형,80,5,10,5.5
충남대,영어교육과,인문・사회계열,일반전형,77,4,6,10.2
충남대,문헌정보학과,인문・사회계열,일반전형,79,1,4,8.3
충남대,심리학과,인문・사회계열,일반전형,78,1,2,12
충남대,문화와사회융합전공,인문・사회계열,일반전형,77,,2,16
충남대,공공안전융합전공,인문・사회계열,일반전형,72,,2,8
충남대,자연과학융합학부,자연과학계열,일반전형,75,8,18,5.6
충남대,정보통신융합학부,공학계열,일반전형,79,4,21,4.5
충남대,자율전공융합학부,공학계열,일반전형,79,11,24,5.3
충남대,항공우주공학과,공학계열,일반전형,79,5,6,6.8
충남대,기계공학교육과,공학계열,일반전형,75,2,12,5.6
충남대,화학공학교육과,공학계열,일반전형,70,5,10,7.2
충남대,건설공학교육과,공학계열,일반전형,72,3,8,5.8
충남대,전기・전자・통신공학교육과,공학계열,일반전형,72,6,12,5.6
충남대,기술교육과,공학계열,일반전형,83,3,14,4
충남대,수학교육과,자연과학계열,일반전형,79,3,6,4.8
충남대,체육교육과,예체능계열,일반전형,76,2,16,4
충남대,건축학과(5),공학계열,일반전형,77,3,5,6.4
충남대,토목공학과,공학계열,일반전형,77,7,12,4.6
충남대,환경공학과,공학계열,일반전형,78,3,7,5.3
충남대,생명정보융합학과,자연과학계열,일반전형,77,2,7,5.7
충남대,유기재료공학과,공학계열,일반전형,76,8,17,4.6
충남대,도시・자치융합학과,인문・사회계열,일반전형,80,,4,6
충남대,의류학과,자연과학계열,일반전형,78,7,8,6.1
충남대,식품영양학과,자연과학계열,일반전형,75,1,5,5.2
충남대,소비자학과,자연과학계열,일반전형,74,4,4,6.3
충남대,컴퓨터인공지능학부,공학계열,일반전형,83,29,40,4.2
충남대,신소재공학과,공학계열,일반전형,79,10,14,7.5
충남대,약학과,자연과학계열,일반전형,96,18,12,7.8
충남대,스마트시티건축공학과,공학계열,일반전형,75,3,12,5.1
충남대,자율운항시스템공학과,공학계열,일반전형,80,1,11,4.6
충남대,생물과학과,자연과학계열,일반전형,77,4,7,7.1
충남대,메카트로닉스공학과,공학계열,일반전형,80,9,8,5
충남대,응용화학공학과,공학계열,일반전형,83,8,15,4.3
충남대,고고학과,인문・사회계열,일반전형,72,,5,6.8
충남대,불어불문학과,인문・사회계열,일반전형,77,3,5,6.2
충남대,독어독문학과,인문・사회계열,일반전형,76,3,7,7.3
충남대,영어영문학과,인문・사회계열,일반전형,80,6,13,6.6
충남대,한문학과,인문・사회계열,일반전형,75,2,5,7.4
충남대,중어중문학과,인문・사회계열,일반전형,72,3,7,5.1
충남대,국사학과,인문・사회계열,일반전형,76,,3,6.7
충남대,농생명융합학부,자연과학계열,일반전형,73,23,34,6.6
충남대,일어일문학과,인문・사회계열,일반전형,75,3,4,7.8
충남대,국어국문학과,인문・사회계열,일반전형,81,4,7,7.9
충남대,언어학과,인문・사회계열,일반전형,72,2,2,7.5
충남대,사학과,인문・사회계열,일반전형,85,1,5,8.2
충남대,경영학부,인문・사회계열,일반전형,85,23,45,3.9
충남대,국제학부,인문・사회계열,일반전형,80,2,2,8
충남대,수학과,자연과학계열,일반전형,74,10,10,5.9
충남대,무역학과,인문・사회계열,일반전형,77,4,12,5.3
충남대,경제학과,인문・사회계열,일반전형,80,2,9,5
충남대,생화학과,자연과학계열,일반전형,83,,5,11.2
충남대,수의예과,자연과학계열,일반전형,95,9,10,7.8
충남대,공학융합학부,공학계열,일반전형,83,24,18,6.6
충남대,화학과,자연과학계열,일반전형,84,15,16,8
충남대,해양환경과학과,자연과학계열,일반전형,73,4,4,10.3
충남대,스포츠과학과,예체능계열,일반전형,76,4,14,5.3
충남대,철학과,인문・사회계열,일반전형,75,4,6,10.2
충남대,정보통계학과,자연과학계열,일반전형,79,8,5,8
충남대,물리학과,자연과학계열,일반전형,80,14,13,5.8
충남대,천문우주과학과,자연과학계열,일반전형,75,6,4,14.3
충남대,지질환경과학과,자연과학계열,일반전형,72,3,9,7.8
충남대,의예과,자연과학계열,일반전형,94,11,13,4.5
충남대,간호학과,자연과학계열,일반전형,81,11,19,3.8
충남대,반도체융합학과,자연과학계열,일반전형,78,21,14,7.6
충남대,수의예과,자연과학계열,지역인재,95,,10,4.9
충남대,의예과,자연과학계열,지역인재,94,3,30,3.2
충남대,간호학과,자연과학계열,지역인재,81,2,8,4
충북대,반도체공학부,공학계열,일반전형,77,1,9,3.44
충북대,식물자원학과,자연과학계열,일반전형,72,1,6,9.5
충북대,특용식물학과,자연과학계열,일반전형,73,1,6,9.33
충북대,화학과,자연과학계열,일반전형,68,6,9,4.89
충북대,환경생명화학과,자연과학계열,일반전형,76,,5,9.2
충북대,지구환경과학과,자연과학계열,일반전형,67,6,6,6.67
충북대,전기공학부,공학계열,일반전형,74,3,12,3
충북대,수의예과,자연과학계열,일반전형,94,8,7,12.86
충북대,산림학과,자연과학계열,일반전형,70,4,6,9.67
충북대,목재・종이과학과,자연과학계열,일반전형,72,3,5,8.4
충북대,미생물학과,자연과학계열,일반전형,68,2,7,5.43
충북대,생물학과,자연과학계열,일반전형,70,8,9,5.44
충북대,생화학과,자연과학계열,일반전형,74,4,8,5.25
충북대,식물의학과,자연과학계열,일반전형,72,3,8,8
충북대,전자공학과,공학계열,일반전형,77,,8,3.75
충북대,영어영문학과,인문・사회계열,일반전형,76,3,7,7.57
충북대,독일언어문화학과,인문・사회계열,일반전형,75,,6,9.33
충북대,프랑스언어문화학과,인문・사회계열,일반전형,74,3,6,9.5
충북대,고고미술사학과,인문・사회계열,일반전형,75,6,6,8.67
충북대,사학과,인문・사회계열,일반전형,73,5,6,5.83
충북대,국어국문학과,인문・사회계열,일반전형,77,8,6,8
충북대,러시아언어문화학과,인문・사회계열,일반전형,65,3,6,8.17
충북대,전자정보자율전공학부,공학계열,일반전형,72,3,15,3.87
충북대,중어중문학과,인문・사회계열,일반전형,76,4,7,8.57
충북대,농업경제학과,인문・사회계열,일반전형,76,2,6,8.5
충북대,지역건설공학과,공학계열,일반전형,78,,5,9.6
충북대,철학과,인문・사회계열,일반전형,70,1,8,9
충북대,경영정보학과,인문・사회계열,일반전형,71,3,10,7.3
충북대,경영학부,인문・사회계열,일반전형,74,25,28,5.68
충북대,국제경영학과,인문・사회계열,일반전형,77,8,16,6.13
충북대,원예과학과,자연과학계열,일반전형,76,1,6,11
충북대,소프트웨어학부,공학계열,일반전형,73,13,13,5.46
충북대,지능로봇공학과,공학계열,일반전형,71,4,6,8.33
충북대,컴퓨터공학과,공학계열,일반전형,63,4,9,3.89
충북대,천문우주학과,자연과학계열,일반전형,71,9,9,5.22
충북대,수학과,자연과학계열,일반전형,69,10,8,4
충북대,식품생명공학과,자연과학계열,일반전형,76,1,8,9.25
충북대,정보통신공학부,공학계열,일반전형,72,5,18,3.67
충북대,물리학과,자연과학계열,일반전형,72,2,8,4.88
충북대,정보통계학과,자연과학계열,일반전형,70,4,7,6.57
충북대,바이오헬스학부,자연과학계열,일반전형,76,8,17,4.59
충북대,축산학과,자연과학계열,일반전형,70,2,7,9.57
충북대,바이오시스템공학과,공학계열,일반전형,77,7,8,13.88
충북대,토목공학부,공학계열,일반전형,72,10,19,4.53
충북대,도시공학과,공학계열,일반전형,71,9,7,6
충북대,건축학과,공학계열,일반전형,78,1,5,5.2
충북대,건축공학과,공학계열,일반전형,66,10,8,4.13
충북대,체육교육과,예체능계열,일반전형,78,9,18,7.89
충북대,수학교육과,자연과학계열,일반전형,71,3,6,5.5
충북대,공학자율전공학부,공학계열,일반전형,75,23,15,4.53
충북대,심리학과,인문・사회계열,일반전형,75,2,5,9.2
충북대,의예과,자연과학계열,일반전형,96,6,6,8.67
충북대,간호학과,자연과학계열,일반전형,84,6,11,7.45
충북대,경제학과,인문・사회계열,일반전형,73,8,11,9
충북대,식품영양학과,자연과학계열,일반전형,77,2,4,13
충북대,의류학과,자연과학계열,일반전형,77,1,5,9.8
충북대,기계공학부,공학계열,일반전형,77,19,12,5.5
충북대,환경공학과,공학계열,일반전형,72,5,6,8
충북대,신소재공학과,공학계열,일반전형,72,4,6,4.83
충북대,공업화학과,공학계열,일반전형,74,5,7,4.43
충북대,화학공학과,공학계열,일반전형,70,5,8,4.88
충북대,안전공학과,공학계열,일반전형,68,8,6,5.83
충북대,물리교육과,자연과학계열,일반전형,71,2,5,7.4
충북대,사회교육과,인문・사회계열,일반전형,75,,4,8
충북대,영어교육과,인문・사회계열,일반전형,80,8,5,6
충북대,국어교육과,인문・사회계열,일반전형,73,3,5,8.4
충북대,행정학과,인문・사회계열,일반전형,77,4,7,8.71
충북대,정치외교학과,인문・사회계열,일반전형,75,5,7,9.14
충북대,사회학과,인문・사회계열,일반전형,76,,7,8.14
충북대,아동복지학과,인문・사회계열,일반전형,70,4,4,9.75
충북대,자율전공학부(인문사회자율전공계열),인문・사회계열,일반전형,74,76,14,24.64
충북대,자율전공학부(자연과학자율전공계열),자연과학계열,일반전형,79,101,43,17.19
충북대,수의예과,자연과학계열,지역인재,94,13,7,7.71
충북대,의예과,자연과학계열,지역인재,96,5,18,3.33
충북대,간호학과,자연과학계열,지역인재,76,2,6,4.33
충북대,약학과,자연과학계열,지역인재,96,1,4,6.25
충북대,제약학과,자연과학계열,지역인재,93,,4,6
한국외대,중앙아시아학과,인문・사회계열,일반전형,79,9,6,9.67
한국외대,ELLT학과,인문・사회계열,일반전형,89,5,11,5.27
한국외대,태국학과,인문・사회계열,일반전형,87,,5,9.6
한국외대,말레이인도네시아어과,인문・사회계열,일반전형,84,3,5,7.6
한국외대,한국학과,인문・사회계열,일반전형,75,5,5,7
한국외대,튀르키예・아제르바이잔학과,인문・사회계열,일반전형,88,7,5,9.4
한국외대,디지털콘텐츠학부,인문・사회계열,일반전형,76,14,9,7.33
한국외대,한국어교육과,인문・사회계열,일반전형,90,3,9,3.22
한국외대,영어교육과,인문・사회계열,일반전형,90,6,9,3.89
한국외대,그리스・불가리아학과,인문・사회계열,일반전형,76,3,6,14.17
한국외대,몽골어과,인문・사회계열,일반전형,85,2,7,5.43
한국외대,베트남어과,인문・사회계열,일반전형,86,5,5,13.6
한국외대,아랍어과,인문・사회계열,일반전형,89,9,14,4.46
한국외대,아프리카학부,인문・사회계열,일반전형,76,14,13,6.75
한국외대,바이오메디컬공학부,공학계열,일반전형,82,6,10,6.8
한국외대,Language & Trade학부,인문・사회계열,일반전형,90,4,8,4.13
한국외대,기후변화융합학부,자연과학계열,일반전형,77,13,18,5
한국외대,AI데이터융합학부,자연과학계열,일반전형,79,12,12,7.27
한국외대,반도체전자공학부(반도체공학전공),공학계열,일반전형,80,5,10,4.7
한국외대,인도어과,인문・사회계열,일반전형,89,1,5,9.4
한국외대,페르시아어・이란학과,인문・사회계열,일반전형,87,1,5,12
한국외대,국제학부,인문・사회계열,일반전형,91,13,8,5.75
한국외대,Social Science & AI융합학부,인문・사회계열,일반전형,89,14,19,6.11
한국외대,특수외국어(중동지역)계열,인문・사회계열,일반전형,89,7,21,4.86
한국외대,특수외국어(인도・아세안지역)계열,인문・사회계열,일반전형,89,17,24,5.46
한국외대,일본언어문화학부,인문・사회계열,일반전형,89,15,11,5.27
한국외대,중국언어문화학부,인문・사회계열,일반전형,90,6,13,4.85
한국외대,영어통번역학과,인문・사회계열,일반전형,85,4,11,3.91
한국외대,철학과,인문・사회계열,일반전형,78,7,8,6.86
한국외대,행정학과,인문・사회계열,일반전형,88,8,11,5.18
한국외대,정치외교학과,인문・사회계열,일반전형,91,10,10,4.4
한국외대,독일어과,인문・사회계열,일반전형,90,4,22,5.09
한국외대,특수외국어(유럽지역)계열,인문・사회계열,일반전형,91,13,24,4.42
한국외대,핵심외국어계열,인문・사회계열,일반전형,88,23,54,3.78
한국외대,영어대학[통합모집],인문・사회계열,일반전형,90,16,37,4.3
한국외대,언어인지과학과,인문・사회계열,일반전형,81,3,6,6
한국외대,사학과,인문・사회계열,일반전형,75,3,6,15.67
한국외대,포르투갈어과,인문・사회계열,일반전형,88,,5,8.2
한국외대,이탈리아어과,인문・사회계열,일반전형,91,1,5,11
한국외대,스칸디나비아어과,인문・사회계열,일반전형,86,1,5,8.2
한국외대,네덜란드어과,인문・사회계열,일반전형,87,1,6,14.17
한국외대,스페인어과,인문・사회계열,일반전형,89,13,23,4.26
한국외대,노어과,인문・사회계열,일반전형,89,3,12,5.17
한국외대,국제통상학과,인문・사회계열,일반전형,90,11,10,5.9
한국외대,영미문학.문화학과,인문・사회계열,일반전형,89,2,11,4.55
한국외대,융합일본지역학부,인문・사회계열,일반전형,86,1,8,11.88
한국외대,중국외교통상학부,인문・사회계열,일반전형,86,7,11,4.55
한국외대,Language & Diplomacy학부,인문・사회계열,일반전형,91,13,14,5.64
한국외대,헝가리학과,인문・사회계열,일반전형,78,,7,5.86
한국외대,세르비아・크로아티아학과,인문・사회계열,일반전형,77,2,7,7.29
한국외대,우크라이나학과,인문・사회계열,일반전형,76,4,8,6
한국외대,국가전략언어계열,인문・사회계열,일반전형,75,33,52,4.88
한국외대,프랑스어학부,인문・사회계열,일반전형,90,3,14,5.21
한국외대,미디어커뮤니케이션학부,인문・사회계열,일반전형,90,10,12,5.92
한국외대,반도체전자공학부(전자공학전공),공학계열,일반전형,77,6,14,3.62
한국외대,공과계열,공학계열,일반전형,80,23,67,3.64
한국외대,체코・슬로바키아학과,인문・사회계열,일반전형,76,8,7,7.71
한국외대,경제학부,인문・사회계열,일반전형,91,17,20,4.84
한국외대,중국학대학[통합모집],인문・사회계열,일반전형,90,2,21,3.86
한국외대,일본학대학[통합모집],인문・사회계열,일반전형,86,5,16,4.13
한국외대,사회과학대학[통합모집],인문・사회계열,일반전형,91,26,31,5.23
한국외대,산업경영공학과,공학계열,일반전형,76,11,14,4.62
한국외대,정보통신공학과,공학계열,일반전형,76,5,16,3.87
한국외대,루마니아학과,인문・사회계열,일반전형,74,1,7,11.29
한국외대,폴란드학과,인문・사회계열,일반전형,79,2,7,7
한국외대,인문대학[통합모집],인문・사회계열,일반전형,76,23,21,5.81
한국외대,상경대학[통합모집],인문・사회계열,일반전형,89,20,26,4.15
한국외대,컴퓨터공학부,공학계열,일반전형,75,10,33,4.03
한국외대,자유전공학부(글로벌),인문・사회계열,일반전형,79,91,66,7.06
한국외대,AI융합대학[통합모집],자연과학계열,일반전형,77,13,20,6.25
한국외대,경상대학[통합모집],인문・사회계열,일반전형,80,17,19,12.68
한국외대,Culture & Technology융합대학[통합모집],인문・사회계열,일반전형,77,20,30,7.43
한국외대,자연과학대학[통합모집],자연과학계열,일반전형,78,81,48,6.27
한국외대,자유전공학부(서울),인문・사회계열,일반전형,88,212,30,19.14
한국외대,Global Business & Technology학부,인문・사회계열,일반전형,83,7,15,7.8
한국외대,국제금융학과,인문・사회계열,일반전형,83,3,5,34
한국외대,전자물리학과,자연과학계열,일반전형,77,14,10,7.78
한국외대,통계학과,자연과학계열,일반전형,79,16,9,9.67
한국외대,투어리즘 & 웰니스학부,인문・사회계열,일반전형,76,3,9,8.22
한국외대,Language & AI융합학부,공학계열,일반전형,92,55,19,10.94
한국외대,융합인재학부,인문・사회계열,일반전형,78,56,42,6.21
한국외대,경영학부,인문・사회계열,일반전형,91,204,52,10.98
한국외대,Finance & AI융합학부,인문・사회계열,일반전형,77,17,10,7.5
한국외대,글로벌스포츠산업학부,인문・사회계열,일반전형,82,6,10,6.5
한국외대,화학과,자연과학계열,일반전형,76,16,14,10.23
한국외대,생명공학과,자연과학계열,일반전형,79,17,15,7.21
한국외대,수학과,자연과학계열,일반전형,79,7,11,7
한국외대,환경학과,자연과학계열,일반전형,74,15,15,5.5
한국항공대,공과대학,공학계열,농어촌,82,,0,0
한국항공대,AI융합대학,공학계열,농어촌,80,,0,0
한국항공대,공과대학,공학계열,일반전형,85,,0,0
한국항공대,항공・경영대학(사회적성),자연과학계열,일반전형,87,,0,0
한국항공대,항공・경영대학(이학적성),자연과학계열,일반전형,86,,0,0
한국항공대,AI융합대학,공학계열,일반전형,87,,0,0
한국항공대,스마트드론공학과,공학계열,일반전형,87,,0,0
한국항공대,자유전공학부(이학적성),공학계열,일반전형,83,,0,0
한국항공대,자유전공학부(공학적성),공학계열,일반전형,88,,0,0
한국항공대,항공운항학과,자연과학계열,일반전형,96,,0,0
한국항공대,AI자율주행시스템공학과,공학계열,일반전형,86,,0,0
한국항공대,자유전공학부(사회적성),공학계열,일반전형,78,,0,0
한림대,의학과,의학계열,일반전형,98,2,28,3.75
한림대,간호학과,자연과학계열,일반전형,88,21,38,3.76
한성대,IT 공과대학,공학계열,일반전형,72,141,101,5.1
한성대,글로벌패션산업학부,예체능계열,일반전형,72,22,15,5.5
한성대,사회과학부,인문・사회계열,일반전형,71,57,40,6
한성대,ICT디자인학부,예체능계열,일반전형,70,7,4,7
한성대,크리에이티브인문학부,인문・사회계열,일반전형,69,65,42,5.8
한성대,상상력인재학부,인문・사회계열,일반전형,66,113,85,5
한성대,AI응용학과(야),공학계열,일반전형,71,14,10,5.2
한성대,AI응용학과,공학계열,일반전형,73,34,20,4.9
한성대,융합보안학과,공학계열,일반전형,72,41,20,5
한성대,미래모빌리티학과,공학계열,일반전형,71,21,15,4
한성대,IT 공과대학(야),공학계열,일반전형,69,108,66,5.2
한성대,사회과학부(야),인문・사회계열,일반전형,68,71,45,5.9
한성대,글로벌패션산업학부(야),예체능계열,일반전형,70,30,17,6.1
한성대,크리에이티브인문학부(야),인문・사회계열,일반전형,67,47,34,6.1
한양대,한양인터칼리지학부,공학계열,일반전형,92,788,60,26.2
한양대,컴퓨터소프트웨어학부,공학계열,일반전형,93,68,69,4.7
한양대,경영학부,인문・사회계열,일반전형,92,143,72,5.3
한양대,행정학과,인문・사회계열,일반전형,92,30,17,6
한양대,생명공학과,공학계열,일반전형,94,28,11,7.9
한양대,화학공학과,공학계열,일반전형,96,46,25,5.6
한양대,정보시스템학과,공학계열,일반전형,91,36,17,7.8
한양대,신소재공학부,공학계열,일반전형,92,63,42,6.3
한양대,반도체공학과,공학계열,일반전형,98,18,10,11.8
한양대,수학과,자연과학계열,일반전형,93,23,15,4.8
한양대,의예과,자연과학계열,일반전형,98,69,44,4.4
한양대,데이터사이언스학부,공학계열,일반전형,92,45,30,6
한양대,스포츠사이언스전공,예체능계열,일반전형,89,10,18,8.2
한양대,정책학과,인문・사회계열,일반전형,92,65,33,5.4
한양대,미디어커뮤니케이션학과,인문・사회계열,일반전형,92,12,16,8.8
한양대,관광학부,인문・사회계열,일반전형,93,17,14,8.2
한양대,파이낸스경영학과,인문・사회계열,일반전형,90,50,22,6.1
한양대,에너지공학과,공학계열,일반전형,94,16,14,9.9
한양대,융합전자공학부,공학계열,일반전형,94,120,79,5.5
한양대,전기공학전공,공학계열,일반전형,91,29,28,5.2
한양대,미래자동차공학과,공학계열,일반전형,94,54,29,6.7
한양대,생명과학과,자연과학계열,일반전형,92,32,17,8.5
한양대,연극영화학과(영화전공),예체능계열,일반전형,89,2,10,3.3
한양대,원자력공학과,공학계열,일반전형,92,5,17,4.9
한양대,건설환경공학과,공학계열,일반전형,94,17,23,6.3
한양대,도시공학과,공학계열,일반전형,91,25,16,6.7
한양대,기계공학부,공학계열,일반전형,95,55,65,4
한양대,화학과,자연과학계열,일반전형,93,16,20,4.9
한양대,자원환경공학과,공학계열,일반전형,90,9,14,3.9
한양대,철학과,인문・사회계열,일반전형,92,5,7,5.4
한양대,교육공학과,인문・사회계열,일반전형,89,4,9,3.9
한양대,국어교육과,인문・사회계열,일반전형,93,1,11,3.4
한양대,영어교육과,인문・사회계열,일반전형,90,5,12,10.5
한양대,정치외교학과,인문・사회계열,일반전형,92,8,14,3.8
한양대,수학교육과,인문・사회계열,일반전형,93,10,8,6
한양대,건축공학부,공학계열,일반전형,93,11,16,4.7
한양대,사회학과,인문・사회계열,일반전형,93,6,13,4.4
한양대,스포츠매니지먼트전공,예체능계열,일반전형,96,12,17,3.8
한양대,국제학부,인문・사회계열,일반전형,89,8,9,4.1
한양대,건축학부,공학계열,일반전형,90,7,18,3.9
한양대,경제금융학부,인문・사회계열,일반전형,93,52,53,4.3
한양대,교육학과,인문・사회계열,일반전형,94,4,9,5.1
한양대,의류학과,예체능계열,일반전형,93,3,8,6.5
한양대,식품영양학과,자연과학계열,일반전형,92,7,8,3.9
한양대,바이오메디컬공학전공,공학계열,일반전형,93,15,15,5.6
한양대,실내건축디자인학과,예체능계열,일반전형,92,9,8,4.1
한양대,간호학과,자연과학계열,일반전형,94,5,13,3.3
한양대,연극영화학과(연기),예체능계열,일반전형,77,,14,31
한양대,유기나노공학과,공학계열,일반전형,88,12,14,7.3
한양대,연극영화학과(연출및스탭),예체능계열,일반전형,96,,7,15.9
한양대,물리학과,자연과학계열,일반전형,92,14,14,5.2
한양대,중어중문학과,인문・사회계열,일반전형,90,11,19,4.3
한양대,산업공학과,공학계열,일반전형,91,13,20,4.5
한양대,영어영문학과,인문・사회계열,일반전형,93,11,25,4.8
한양대,사학과,인문・사회계열,일반전형,87,3,10,5.3
한양대,국어국문학과,인문・사회계열,일반전형,92,7,12,3.8
한양대,기계공학부,공학계열,농어촌,89,3,6,3.2
한양대,경제금융학부,인문・사회계열,농어촌,86,1,4,3
한양대,신소재공학부,공학계열,농어촌,87,8,4,5.3
한양대(ERICA),스포츠과학부,예체능계열,일반전형,56,10,30,0
한양대(ERICA),수리데이터사이언스학과,자연과학계열,일반전형,82,9,11,0
한양대(ERICA),교통물류공학과,공학계열,일반전형,81,2,13,0
한양대(ERICA),건설환경공학과,공학계열,일반전형,82,6,13,0
한양대(ERICA),건축학전공,공학계열,일반전형,82,6,13,0
한양대(ERICA),건축공학전공,공학계열,일반전형,81,3,12,0
한양대(ERICA),광고홍보학과,인문・사회계열,일반전형,80,8,23,0
한양대(ERICA),지능형클라우드전공,공학계열,일반전형,83,7,6,0
한양대(ERICA),글로벌문화통상학부,인문・사회계열,일반전형,79,12,36,0
한양대(ERICA),지능정보양자공학전공,공학계열,일반전형,81,8,23,0
한양대(ERICA),바이오나노공학전공,공학계열,일반전형,82,8,11,0
한양대(ERICA),분자의약전공,자연과학계열,일반전형,83,4,13,0
한양대(ERICA),차세대반도체융합공학부,공학계열,일반전형,80,23,19,0
한양대(ERICA),배터리소재화학공학과,공학계열,일반전형,82,20,34,0
한양대(ERICA),ICT융합학부,공학계열,일반전형,82,8,20,0
한양대(ERICA),경제학부,인문・사회계열,일반전형,82,13,25,0
한양대(ERICA),컴퓨터전공,공학계열,일반전형,82,11,28,0
한양대(ERICA),보험계리학과,인문・사회계열,일반전형,81,2,11,0
한양대(ERICA),산업경영공학과,공학계열,일반전형,83,4,13,0
한양대(ERICA),전자공학부,공학계열,일반전형,83,35,52,0
한양대(ERICA),기계공학과,공학계열,일반전형,82,21,35,0
한양대(ERICA),약학과,자연과학계열,일반전형,97,7,11,0
한양대(ERICA),신소재・반도체공학전공,공학계열,일반전형,83,27,20,0
한양대(ERICA),반도체・디스플레이공학전공,공학계열,일반전형,83,13,15,0
한양대(ERICA),미디어학과,인문・사회계열,일반전형,80,16,26,0
한양대(ERICA),에너지바이오학과,공학계열,일반전형,81,13,20,0
한양대(ERICA),바이오신약융합학부,공학계열,일반전형,82,19,25,0
한양대(ERICA),로봇공학과,공학계열,일반전형,82,21,25,0
한양대(ERICA),컴퓨터학부,공학계열,일반전형,82,11,13,0
한양대(ERICA),경영학부,인문・사회계열,일반전형,81,21,39,0
한양대(ERICA),문화인류학과,인문・사회계열,일반전형,79,7,16,0
한양대(ERICA),문화콘텐츠학과,인문・사회계열,일반전형,81,5,11,0
한양대(ERICA),해양융합공학과,공학계열,일반전형,81,9,11,0
한양대(ERICA),인공지능학과,공학계열,일반전형,83,12,21,0
한양대(ERICA),LIONS자율전공학부(전계열),공학계열,일반전형,83,42,99,0
홍익대,회화과,예체능계열,일반전형,68,2,10,4.9
홍익대,자율전공(미술대),예체능계열,일반전형,64,2,18,3.56
홍익대,판화과,예체능계열,일반전형,59,0,5,5.6
홍익대,조소과,예체능계열,일반전형,67,0,5,5.8
홍익대,섬유미술ㆍ패션디자인과,예체능계열,일반전형,80,0,4,4.25
홍익대,동양화과,예체능계열,일반전형,65,0,5,4.2
홍익대,예술학과,예체능계열,일반전형,78,3,6,4.83
홍익대,디자인학부,예체능계열,일반전형,82,1,18,4
홍익대,금속조형디자인과,예체능계열,일반전형,68,0,4,5.5
홍익대,도예ㆍ유리과,예체능계열,일반전형,85,0,4,4
홍익대,목조형가구학과,예체능계열,일반전형,69,1,4,3.5
홍익대,도시공학과,공학계열,일반전형,86,20,20,11.15
홍익대,건설환경공학과,공학계열,일반전형,89,20,21,7.81
홍익대,건축학부 실내건축학전공,공학계열,일반전형,90,10,9,20
홍익대,건축학부 건축학전공(5년제),공학계열,일반전형,90,22,19,9
홍익대,경영학부,인문・사회계열,일반전형,89,261,122,10.68
홍익대,서울캠퍼스자율전공(인문·예능),공학계열,일반전형,90,137,87,8.66
홍익대,산업・데이터공학과,공학계열,일반전형,86,28,35,6.66
홍익대,국어국문학과,인문・사회계열,일반전형,84,19,9,12.44
홍익대,불어불문학과,인문・사회계열,일반전형,88,8,9,11.89
홍익대,독어독문학과,인문・사회계열,일반전형,86,9,10,18.1
홍익대,영어영문학과,인문・사회계열,일반전형,87,19,13,10.46
홍익대,수학교육과,자연과학계열,일반전형,88,28,15,14.87
홍익대,컴퓨터공학과,공학계열,일반전형,91,63,62,7.52
홍익대,신소재・화공시스템공학부,공학계열,일반전형,90,79,56,8.05
홍익대,전자·전기공학부,공학계열,일반전형,86,158,91,7.36
홍익대,기계ㆍ시스템디자인공학과,공학계열,일반전형,88,62,66,6.94
홍익대,역사교육과,인문・사회계열,일반전형,88,21,13,14
홍익대,영어교육과,인문・사회계열,일반전형,89,23,14,11
홍익대,국어교육과,인문・사회계열,일반전형,87,44,14,19.64
홍익대,교육학과,인문・사회계열,일반전형,86,19,13,11.15
홍익대,법학부,인문・사회계열,일반전형,88,103,56,10.48
홍익대,경제학부,인문・사회계열,일반전형,89,51,18,10.06
홍익대,서울캠퍼스자율전공(자연·예능),공학계열,일반전형,88,131,110,7.31
홍익대(세종),디자인컨버전스학부,예체능계열,일반전형,57,20,44,4
홍익대(세종),영상ㆍ애니메이션학부,예체능계열,일반전형,61,3,24,2.8
홍익대(세종),게임학부 게임그래픽디자인전공(미술계),예체능계열,일반전형,35,,13,2.9
홍익대(세종),소프트웨어융합학과,공학계열,일반전형,70,30,31,7.7
홍익대(세종),세종캠퍼스자율전공(인문·예능),공학계열,일반전형,69,111,59,7.5
홍익대(세종),세종캠퍼스자율전공(자연·예능),공학계열,일반전형,73,58,56,9.2
홍익대(세종),AID융합과학기술대학 자율전공,공학계열,일반전형,69,29,16,9.3
홍익대(세종),AI기계융합공학과,공학계열,일반전형,67,25,19,9.9
홍익대(세종),조선해양모빌리티공학과,공학계열,일반전형,75,24,13,9.6
홍익대(세종),바이오화학융합공학과,공학계열,일반전형,71,35,19,13.2
홍익대(세종),전자전기융합공학과,공학계열,일반전형,73,41,21,7.5
홍익대(세종),게임학부 게임소프트웨어전공(공학계),공학계열,일반전형,66,18,13,12.1
홍익대(세종),나노반도체공학과,공학계열,일반전형,69,25,17,8.5
홍익대(세종),광고홍보학부,인문・사회계열,일반전형,65,62,33,6.5
홍익대(세종),상경학부,인문・사회계열,일반전형,65,71,61,6.6
홍익대(세종),건축공학부,공학계열,일반전형,71,27,20,8
홍익대(세종),상경학부,인문・사회계열,농어촌,1,3,4,12.5
