code,eng1,eng2,eng3,eng4,eng5,eng6,eng7,eng8,eng9,area1,area2,area3,area4,ratio1,ratio2,ratio3,ratio4
가야대1,,,,,,,,,,국수영_1,국수영_2,탐(1),,44.44,44.44,11.11,
가천대1,98,95,92,86,80,60,50,40,30,국,수,영,탐(2),25,30,20,25
가천대2,98,95,92,86,80,60,50,40,30,국수영_1,국수영_2,국수영_3,탐(1),35,25,20,20
가천대3,98,95,92,86,80,60,50,40,30,국,영,,,50,50,,
가천대4,,,,,,,,,,국수영탐(1)_1,국수영탐(1)_2,국수영탐(1)_3,,50,30,20,
가톨릭관동대1,,,,,,,,,,국수탐(2)_1,국수탐(2)_2,영,,50,50,,
가톨릭관동대2,,,,,,,,,,국,수,영,탐(2),25,37.5,,37.5
가톨릭관동대3,,,,,,,,,,국,수,영,탐(2),28.57,42.86,,28.57
가톨릭관동대4,,,,,,,,,,국수탐(2)_1,국수탐(2)_2,영,,50,50,,
가톨릭관동대5,,,,,,,,,,국수탐(2)_1,국수탐(2)_2,영,,50,50,,
가톨릭꽃동네대1,95,84.5,74.5,64.5,54.5,44.5,34.5,24.5,9.5,국수_1,영,탐(2),,30,30,40,
가톨릭대1,,,,,,,,,,국,수,탐(2),,30,40,30,
가톨릭대2,,,,,,,,,,국,수,탐(2),,30,40,30,
가톨릭대3,,,,,,,,,,국,수,탐(2),,30,40,30,
가톨릭대4,100,97.5,95,92.5,90,87.5,85,80,70,국,수,영,탐(1),30,30,20,20
가톨릭대5,,,,,,,,,,국수_1,탐(1),,,50,50,,
감리교신학대1,95,85,75,65,55,45,35,25,15,국,영,탐(1),,40,40,20,
강남대1,100,95,90,80,70,50,30,10,0,국,수,영,탐(1),35,25,20,20
강남대2,100,95,90,80,70,50,30,10,0,국,수,영,탐(1),25,35,20,20
강남대3,100,95,90,80,70,50,30,10,0,국수_1,국수_2,영,탐(1),40,20,20,20
강릉원주대1,100,95,90,85,77.5,70,62.5,55,40,국,수,영,탐(2),20,35,20,25
강릉원주대2,100,97,94,91,81,78,75,72,0,국수영탐(1)_1,국수영탐(1)_2,국수영탐(1)_3,,33.33,33.33,33.33,
강릉원주대3,100,97,94,91,81,78,75,72,0,국수영탐(1)_1,국수영탐(1)_2,국수영탐(1)_3,,33.33,33.33,33.33,
강서대1,,,,,,,,,,국,수,탐(1),,40,30,30,
강서대2,,,,,,,,,,국,수,탐(1),,30,40,30,
강서대3,,,,,,,,,,국,수,탐(1),,30,40,30,
강원대(삼척)1,100,97,94,91,81,78,75,72,0,국수영탐(2)_1,국수영탐(2)_2,,,50,50,,
강원대(삼척)2,100,97,94,91,81,78,75,72,0,국수영탐(2)_1,국수영탐(2)_2,,,50,50,,
강원대1,100,97,94,91,81,78,75,72,0,국,수,영,탐(2),30,20,30,20
강원대2,100,97,94,91,81,78,75,72,0,국,수,영,탐(2),20,30,20,30
강원대3,100,97,94,91,81,78,75,72,0,국,수,영,탐(2),20,30,20,30
강원대4,100,97,94,91,81,78,75,72,0,수영_1,국,탐(2),,33.33,33.33,33.33,
강원대5,100,97,94,91,81,78,75,72,0,수영_1,국,,,50,50,,
건국대(글로컬)1,,,,,,,,,,국,수,영,탐(2),25,37.5,,37.5
건국대(글로컬)2,95,90,85,80,75,40,30,20,0,국수영탐(1)_1,국수영탐(1)_2,,,50,50,,
건국대(글로컬)3,95,90,85,80,75,40,30,20,0,국수영탐(1)_1,국수영탐(1)_2,,,50,50,,
건국대1,,,,,,,,,,국,수,영,탐(2),44.44,33.33,,22.22
건국대2,,,,,,,,,,국,수,영,탐(2),33.33,44.44,,22.22
건국대3,,,,,,,,,,수탐(2)_1,국,영,,40,60,,
건양대1,100,98,96,94,92,90,88,86,84,국,수,영,탐(2),20,30,20,30
건양대2,100,98,96,94,92,90,88,86,84,국수영탐(1)_1,국수영탐(1)_2,국수영탐(1)_3,,33.33,33.33,33.33,
건양대3,100,98,96,94,92,90,88,86,84,국수영탐(1)_1,국수영탐(1)_2,,,50,50,,
건양대4,100,95,90,85,80,75,70,65,60,국수영탐(1)_1,국수영탐(1)_2,,,50,50,,
경기대1,100,98,94,86,70,50,30,10,0,국,수,영,탐(1),30,35,20,15
경기대2,100,98,94,86,70,50,30,10,0,국,수,영,탐(1),35,30,20,15
경기대3,100,98,94,86,70,50,30,10,0,국수탐(1)_1,국수탐(1)_2,영,,35,35,30,
경남대1,100,95,90,85,80,75,70,65,60,국수영탐(1)_1,국수영탐(1)_2,국수영탐(1)_3,,33.33,33.33,33.33,
경남대2,100,97,92,85,76,50,30,10,5,국,수,영,탐(1),25,25,25,25
경남대3,100,97,92,85,76,50,30,10,5,국,수,영,탐(1),25,25,25,25
경동대1,,,,,,,,,,국,수,영,탐(1),33.33,33.33,,33.33
경북대1,,,,,,,,,,국,수,영,탐(2),42.86,28.57,,28.57
경북대2,,,,,,,,,,국,수,영,탐(2),28.57,42.86,,28.57
경북대3,,,,,,,,,,국,영,탐(2),,50,,50,
경북대4,,,,,,,,,,국,영,탐(2),,50,,50,
경북대5,,,,,,,,,,국,수,영,탐(2),42.86,28.57,,28.57
경북대6,,,,,,,,,,국,영,탐(2),,50,,50,
경북대7,,,,,,,,,,국,수,영,탐(2),28.57,42.86,,28.57
경북대8,,,,,,,,,,국,수,영,탐(2),35.71,35.71,,28.57
경북대9,,,,,,,,,,수,영,탐(2),,66.67,,33.33,
경상국립대1,,,,,,,,,,국,수,영,탐(2),37.5,31.25,,31.25
경상국립대2,,,,,,,,,,국,수,영,탐(2),31.25,37.5,,31.25
경상국립대3,,,,,,,,,,국,영,탐(2),,57.14,,42.86,
경상국립대5,,,,,,,,,,국,영,탐(2),,57.14,,42.86,
경상국립대4,,,,,,,,,,국,영,탐(2),,57.14,,42.86,
경성대1,,,,,,,,,,국,수,영,탐(2),33.33,33.33,,33.33
경성대2,,,,,,,,,,국,수,영,탐(2),31.25,37.5,,31.25
경성대3,,,,,,,,,,국수영탐(2)_1,국수영탐(2)_2,,,50,50,,
경운대1,100,96,89,77,60,40,23,11,7,국수영탐(1)_1,국수영탐(1)_2,국수영탐(1)_3,,33.33,33.33,33.33,
경인교대1,100,95,90,0,0,0,0,0,0,국,수,영,탐(2),25,25,25,25
경일대1,100,95,90,86,82,78,75,72,69,국,수,영,탐(1),25,25,25,25
경일대2,100,95,90,86,82,78,75,72,69,국수영탐(1)_1,국수영탐(1)_2,국수영탐(1)_3,,33.33,33.33,33.33,
경희대1,,,,,,,,,,국,수,탐(2),,40,25,35,
경희대2,,,,,,,,,,국,수,탐(2),,35,35,30,
경희대3,,,,,,,,,,국,수,탐(2),,25,40,35,
경희대4,,,,,,,,,,국,수,탐(2),,25,40,35,
경희대5,,,,,,,,,,국,탐(1),,,60,40,,
경희대6,,,,,,,,,,국,탐(1),,,60,40,,
계명대1,100,98,94,90,86,82,78,74,60,국,수,영,탐(2),25,25,25,25
계명대2,100,98,94,90,86,82,78,74,60,국,수,영,탐(2),25,25,25,25
계명대3,100,98,94,90,86,82,78,74,60,국수_1,영,탐(2),,40,30,30,
계명대4,100,98,94,90,86,82,78,74,60,국,수,영,탐(2),25,30,20,25
고려대(세종)1,,,,,,,,,,국,수,영,탐(2),25,43.75,,31.25
고려대(세종)2,,,,,,,,,,국,수,영,탐(2),43.75,25,,31.25
고려대(세종)3,,,,,,,,,,국,수,영,탐(2),37.5,37.5,,25
고려대(세종)4,,,,,,,,,,국,수,영,탐(2),43.75,25,,31.25
고려대(세종)5,,,,,,,,,,국,수,영,탐(2),25,43.75,,31.25
고려대(세종)6,,,,,,,,,,국,수,영,탐(2),25,43.75,,31.25
고려대1,,,,,,,,,,국,수,탐(2),,31.25,37.5,31.25,
고려대2,,,,,,,,,,국,수,탐(2),,35.71,35.71,28.57,
고려대3,,,,,,,,,,국,수,탐(2),,35.71,35.71,28.57,
고려대4,,,,,,,,,,국,수,탐(2),,31.25,37.5,31.25,
고려대5,,,,,,,,,,국,탐(2),,,55.56,44.44,,
고려대6,,,,,,,,,,국,수,탐(2),,35.71,35.71,28.57,
고려대7,,,,,,,,,,국,수,탐(2),,31.25,37.5,31.25,
고려대8,,,,,,,,,,국,수,탐(2),,35.71,35.71,28.57,
고려대9,,,,,,,,,,국,수,탐(2),,35.71,35.71,28.57,
고신대1,,,,,,,,,,국,수,영,탐(1),33.33,33.33,,33.33
고신대2,,,,,,,,,,국,수,영,탐(1),33.33,33.33,,33.33
고신대3,,,,,,,,,,국,수,영,탐(1),33.33,33.33,,33.33
고신대4,,,,,,,,,,국,수,영,탐(2),28.57,42.86,,28.57
고신대5,,,,,,,,,,국,수,영,탐(1),33.33,33.33,,33.33
고신대6,,,,,,,,,,국,수,영,탐(1),33.33,33.33,,33.33
공주교대1,,,,,,,,,,국,수,영,탐(2),33.33,33.33,,33.33
공주대1,100,95,88,76,59,39,22,10,3,국수영탐(1)_1,국수영탐(1)_2,국수영탐(1)_3,,33.33,33.33,33.33,
공주대2,100,95,88,76,59,39,22,10,3,국영탐(1)_1,국영탐(1)_2,수,,33.33,33.33,33.33,
공주대3,100,95,88,76,59,39,22,10,3,국수영탐(1)_1,국수영탐(1)_2,국수영탐(1)_3,,33.33,33.33,33.33,
공주대4,100,95,88,76,59,39,22,10,3,국수영탐(1)_1,국수영탐(1)_2,국수영탐(1)_3,,33.33,33.33,33.33,
공주대5,100,95,88,76,59,39,22,10,3,국영탐(1)_1,국영탐(1)_2,수,,33.33,33.33,33.33,
광운대1,,,,,,,,,,국,수,영,탐(2),25,43.75,,31.25
광운대2,,,,,,,,,,국,수,영,탐(2),25,43.75,,31.25
광운대3,,,,,,,,,,국,영,탐(2),,57.14,,42.86,
광운대4,,,,,,,,,,국,수,영,탐(2),37.5,31.25,,31.25
광운대5,,,,,,,,,,국,수,영,탐(2),37.5,37.5,,25
광주교대1,,,,,,,,,,국,수,영,탐(2),33.33,33.33,,33.33
광주대1,100,95,90,85,80,75,70,65,60,국,수,영,탐(1),31.58,31.58,26.32,10.53
광주여대1,,,,,,,,,,국,수,영,탐(1),33.33,33.33,,33.33
국민대1,,,,,,,,,,국,수,영,탐(2),37.5,37.5,,25
국민대2,,,,,,,,,,국,수,영,탐(2),25,37.5,,37.5
국민대3,,,,,,,,,,국,수,영,탐(2),44.44,33.33,,22.22
국민대4,,,,,,,,,,국,수,영,탐(2),33.33,44.44,,22.22
국민대5,,,,,,,,,,수탐(2)_1,국,영,,50,50,,
국민대6,,,,,,,,,,국,영,탐(2),,50,,50,
국민대7,,,,,,,,,,국,영,,,100,,,
국민대8,,,,,,,,,,국,영,탐(2),,50,,50,
국민대9,,,,,,,,,,국,영,탐(2),,50,,50,
국민대10,,,,,,,,,,국,영,탐(2),,62.5,,37.5,
국민대11,,,,,,,,,,국,영,,,100,,,
국민대12,,,,,,,,,,국,영,탐(2),,60,,40,
군산대1,100,95,90,85,80,75,70,65,60,국수_1,영,탐(2),,40,40,20,
군산대2,100,95,90,85,80,75,70,65,60,국,수,영,탐(2),20,30,30,20
군산대3,100,95,90,85,80,75,70,65,60,국,수,영,탐(2),30,20,30,20
군산대4,100,95,90,85,80,75,70,65,60,국,수,영,탐(2),25,25,30,20
극동대1,100,93,81,64,44,27,15,8,4,국수영_1,국수영_2,탐(1),,35,35,30,
극동대2,100,93,81,64,44,27,15,8,4,국수영_1,국수영_2,탐(1),,35,35,30,
금강대1,100,96,90,86,84,70,56,40,0,국수영_1,국수영_2,탐(1),,35,35,30,
금오공대1,100,95,90,85,80,75,70,65,60,국수영탐(1)_1,국수영탐(1)_2,국수영탐(1)_3,,33.33,33.33,33.33,
금오공대2,100,95,90,85,80,75,70,65,60,국수영탐(1)_1,국수영탐(1)_2,국수영탐(1)_3,,33.33,33.33,33.33,
김천대1,100,95,90,80,70,60,50,30,10,국수_1,영,탐(1),,40,40,20,
나사렛대1,100,90,80,70,60,50,40,30,20,국수영_1,국수영_2,탐(1),,40,40,20,
나사렛대2,100,90,80,70,60,50,40,30,20,국수영_1,국수영_2,탐(1),,40,40,20,
남부대1,100,90,80,70,60,50,40,30,10,국,수,영,탐(1),31.58,31.58,26.32,10.53
남부대2,100,90,80,70,60,50,40,30,10,국,수,영,탐(1),31.58,31.58,31.58,5.26
남서울대1,100,85,70,50,30,10,5,3,0,국수영탐(1)_1,국수영탐(1)_2,,,50,50,,
단국대(천안)1,,,,,,,,,,국,수,영,탐(2),29.41,41.18,,29.41
단국대(천안)2,100,98,95,85,70,40,15,5,0,국,수,영,탐(1),30,30,20,20
단국대(천안)3,100,98,95,85,70,40,15,5,0,국,수,영,탐(1),20,35,20,25
단국대(천안)4,100,98,95,85,70,40,15,5,0,국,수,영,탐(1),35,20,20,25
단국대1,100,98,95,85,70,40,15,5,0,국,수,영,탐(2),35,25,20,20
단국대2,100,98,95,85,70,40,15,5,0,국,수,영,탐(2),25,35,20,20
단국대3,100,98,95,85,70,40,15,5,0,국,수,영,탐(2),20,35,15,30
단국대4,100,98,95,85,70,40,15,5,0,국,수,영,탐(2),40,10,20,30
단국대5,100,98,95,85,70,40,15,5,0,국,수,영,탐(2),30,30,20,20
대구가톨릭대1,,,,,,,,,,국,수,영,탐(2),33.33,33.33,,33.33
대구가톨릭대2,100,97,94,92,90,88,86,83,80,국수영탐(1)_1,국수영탐(1)_2,국수영탐(1)_3,,40,35,25,
대구가톨릭대3,100,97,94,92,90,88,86,83,80,국,수,영,탐(1),30,30,20,20
대구가톨릭대4,100,97,94,92,90,88,86,83,80,국수영탐(1)_1,국수영탐(1)_2,,,60,40,,
대구교대1,,,,,,,,,,국,수,영,탐(2),37.5,37.5,,25
대구대1,100,97,94,91,88,85,82,79,76,국,수,영,탐(1),20,30,30,20
대구대2,100,97,94,91,88,85,82,79,76,국,수,영,탐(1),30,20,30,20
대구대3,100,97,94,91,88,85,82,79,76,국,영,탐(1),,40,30,30,
대구한의대1,100,98,96,94,92,90,88,86,84,국,수,영,탐(1),30,30,20,20
대구한의대2,100,98,96,94,92,90,88,86,84,국,수,영,탐(2),25,25,25,25
대전가톨릭대1,,,,,,,,,,국,수,영,탐(2),53.84,30.77,,15.39
대전대1,100,90,80,70,60,45,30,15,0,국,수,영,탐(2),27,28,20,25
대전대2,100,90,80,70,60,45,30,15,0,국수영탐(1)_1,국수영탐(1)_2,국수영탐(1)_3,,33.33,33.33,33.33,
대전대3,100,95,90,85,80,75,70,65,60,국수영탐(1)_1,국수영탐(1)_2,국수영탐(1)_3,,33.33,33.33,33.33,
대전대4,100,90,80,70,60,45,30,15,0,국수영탐(1)_1,국수영탐(1)_2,,,50,50,,
대전신학대1,,,,,,,,,,국,영,,,100,,,
대진대1,90,85,80,68,55,40,30,20,0,국수영_1,남은+탐(1)_1,,,60,40,,
대진대2,90,85,80,68,55,40,30,20,0,국수영_1,남은+탐(1)_1,,,60,40,,
덕성여대1,100,98,96,80,70,60,50,40,0,국,수,영,탐(2),25,30,20,25
덕성여대2,100,98,96,80,70,60,50,40,0,국수영탐(1)_1,국수영탐(1)_2,국수영탐(1)_3,국수영탐(1)_4,35,35,20,10
동국대(WISE)1,100,95,90,85,80,75,70,65,60,국수탐(1)_1,국수탐(1)_2,,,50,50,,
동국대(WISE)2,100,95,90,85,80,75,70,65,60,국,수,영,탐(2),25,35,20,20
동국대(WISE)3,100,95,90,85,80,75,70,65,60,국,수,영,탐(2),25,35,20,20
동국대(WISE)4,100,95,90,85,80,75,70,65,60,국,수,영,탐(2),25,35,20,20
동국대1,,,,,,,,,,국,수,영,탐(2),41.18,29.41,,29.41
동국대2,,,,,,,,,,국,수,영,탐(2),41.18,29.41,,29.41
동국대3,,,,,,,,,,국,수,영,탐(2),29.41,41.18,,29.41
동국대4,,,,,,,,,,국,수,영,탐(2),29.41,41.18,,29.41
동국대5,,,,,,,,,,국,수,영,탐(2),29.41,41.18,,29.41
동국대6,,,,,,,,,,국,수,영,탐(2),29.41,41.18,,29.41
동국대7,,,,,,,,,,국,영,탐(2),,52.94,,47.06,
동덕여대1,100,99,96,85,70,55,40,20,0,국,수,영,탐(1),20,20,50,10
동덕여대2,100,99,96,85,70,55,40,20,0,국,수,영,탐(2),25,35,20,20
동덕여대3,100,99,96,85,70,55,40,20,0,국수_1,국수_2,영,탐(1),35,25,20,20
동덕여대4,100,99,96,85,70,55,40,20,0,국수_1,국수_2,영,탐(1),35,25,20,20
동덕여대5,100,99,96,85,70,55,40,20,0,국수_1,국수_2,영,탐(1),25,25,25,25
동덕여대6,100,99,96,85,70,55,40,20,0,국수_1,국수_2,영,탐(1),25,25,25,25
동덕여대7,100,99,96,85,70,55,40,20,0,국수_1,영,탐(1),,33.33,33.33,33.33,
동명대1,,,,,,,,,,국,수,영,탐(1),33.33,33.33,,33.33
동서대1,,,,,,,,,,국,수,영,탐(1),33.33,33.33,,33.33
동신대1,100,90,80,70,60,50,40,30,20,국,수,영,탐(1),27.78,27.78,22.22,22.22
동신대2,100,90,80,70,60,50,40,30,20,국,수,영,탐(1),27.78,27.78,22.22,22.22
동아대1,,,,,,,,,,국,수,영,탐(2),33.33,33.33,,33.33
동아대2,,,,,,,,,,국,수,영,탐(2),33.33,33.33,,33.33
동아대3,,,,,,,,,,국,수,영,탐(2),33.33,33.33,,33.33
동아대4,,,,,,,,,,국수탐(2)_1,국수탐(2)_2,영,,50,50,,
동양대1,100,100,95,90,85,80,60,40,20,국수영_1,국수영_2,탐(1),,35,35,30,
동의대1,,,,,,,,,,국,수,영,탐(2),33.33,33.33,,33.33
동의대2,,,,,,,,,,국,수,영,탐(2),33.33,33.33,,33.33
동의대3,,,,,,,,,,국,수,영,탐(2),33.33,33.33,,33.33
루터대1,,,,,,,,,,국,영,탐(1),,57.14,,42.86,
명지대1,100,98,96,90,80,60,40,20,0,국,수,영,탐(1),35,25,20,20
명지대2,100,98,96,90,80,60,40,20,0,국,수,영,탐(1),30,30,20,20
명지대3,100,98,96,90,80,60,40,20,0,국,수,영,탐(1),25,35,20,20
명지대4,100,98,96,90,80,60,40,20,0,수탐(1)_1,국,영,,30,35,35,
명지대5,100,98,96,90,80,60,40,20,0,국,영,,,50,50,,
목원대1,100,90,80,75,70,65,60,50,40,국수영탐탐한_1,국수영탐탐한_2,,,60,40,,
목포가톨릭대1,100,90,80,70,60,50,40,30,20,국수_1,영,탐(1),,40,40,20,
목포가톨릭대2,100,90,80,70,60,50,40,30,20,국수_1,영,탐(1),,40,40,20,
목포대1,100,95,90,85,80,75,70,65,0,국영_1,수,탐(2),,30,40,30,
목포대2,100,95,90,85,80,75,70,65,0,국탐(1)_1,수,영,,30,40,30,
목포대3,100,95,90,85,80,75,70,65,0,수탐(1)_1,국,영,,30,40,30,
목포해양대1,100,88,76,64,52,40,28,16,4,국,수,영,탐(2),20,20,40,20
목포해양대2,100,88,76,64,52,40,28,16,4,국,수,영,탐(2),20,30,30,20
목포해양대3,100,88,76,64,52,40,28,16,4,국,수,영,탐(2),20,20,30,30
목포해양대4,100,88,76,64,52,40,28,16,4,국,수,영,탐(2),30,20,20,30
배재대1,100,90,80,65,50,30,15,10,0,국수영탐(1)_1,국수영탐(1)_2,,,50,50,,
백석대1,100,95,90,80,60,50,40,30,20,국수영_1,국수영_2,탐(1),,40,40,20,
백석대2,100,95,90,80,60,50,40,30,20,국수영_1,국수영_2,탐(1),,40,40,20,
부경대1,,,,,,,,,,국,수,영,탐(2),37.5,31.25,,31.25
부경대2,,,,,,,,,,국,수,영,탐(2),31.25,37.5,,31.25
부경대3,,,,,,,,,,국,수,영,탐(2),31.25,37.5,,31.25
부경대4,,,,,,,,,,국,영,탐(2),,53.85,,46.15,
부경대5,,,,,,,,,,국,수,영,탐(2),37.5,37.5,,25
부산가톨릭대1,,,,,,,,,,국,수,영,탐(2),33.33,33.33,,33.33
부산교대1,,,,,,,,,,국,수,영,탐(2),33.33,33.33,,33.33
부산대1,,,,,,,,,,국,수,영,탐(2),37.5,31.25,,31.25
부산대2,,,,,,,,,,국,수,영,탐(2),25,37.5,,37.5
부산대3,,,,,,,,,,국,수,영,탐(2),25,37.5,,37.5
부산대4,,,,,,,,,,국,수,영,탐(2),25,37.5,,37.5
부산대5,,,,,,,,,,국,영,탐(2),,60,,40,
부산대6,,,,,,,,,,국,영,탐(2),,50,,50,
부산대7,,,,,,,,,,국,수,영,탐(2),37.5,37.5,,25
부산외대1,,,,,,,,,,국,수,영,탐(2),33.33,33.33,,33.33
삼육대1,,,,,,,,,,국수영탐(1)_1,국수영탐(1)_2,,,50,50,,
삼육대2,98,95,92,87,82,70,50,40,30,국수영탐(2)_1,국수영탐(2)_2,국수영탐(2)_3,국수영탐(2)_4,35,25,25,15
삼육대3,98,95,92,87,82,70,50,40,30,국수영탐(2)_1,국수영탐(2)_2,국수영탐(2)_3,국수영탐(2)_4,35,25,25,15
삼육대4,98,95,92,87,82,70,50,40,30,국수영탐(2)_1,국수영탐(2)_2,,,50,50,,
삼육대5,98,95,92,87,82,70,50,40,30,국,수,영,탐(2),25,30,25,20
상명대1,100,98,96,94,90,80,60,40,0,국,수,영,탐(1),25,35,20,20
상명대2,100,98,96,94,90,80,60,40,0,국,수,영,탐(1),25,35,20,20
상명대3,100,98,96,94,90,80,60,40,0,국,수,영,탐(1),35,25,20,20
상명대4,100,98,96,94,90,80,60,40,0,국,수,영,탐(1),35,25,20,20
상명대5,100,98,96,94,90,80,60,40,0,국수영_1,국수영_2,탐(1),,40,40,20,
상명대6,100,98,96,94,90,80,60,40,0,국영_1,수,탐(1),,40,40,20,
상지대1,100,90,75,60,55,50,35,20,10,국수영탐(2)_1,국수영탐(2)_2,,,80,20,,
상지대2,100,90,75,60,55,50,35,20,10,국,수,영,탐(1),25,35,20,20
상지대3,100,90,75,60,55,50,35,20,10,국,수,영,탐(2),20,40,20,20
서강대1,,,,,,,,,,국,수,탐(2),,36.67,43.33,20,
서강대2,,,,,,,,,,국,수,탐(2),,43.33,36.67,20,
서강대3,,,,,,,,,,국,수,탐(2),,36.67,43.33,20,
서강대4,,,,,,,,,,국,수,탐(2),,43.33,36.67,20,
서강대5,,,,,,,,,,국,수,탐(2),,36.67,43.33,20,
서강대6,,,,,,,,,,국,수,탐(2),,43.33,36.67,20,
서경대1,100,90,80,70,50,30,20,10,0,국수탐(2)_1,국수탐(2)_2,영,,40,40,20,
서경대2,100,90,80,70,50,30,20,10,0,국수탐(2)_1,국수탐(2)_2,영,,40,40,20,
서경대3,100,90,80,70,50,30,20,10,0,국수탐(2)_1,국수탐(2)_2,영,,40,40,20,
서울과기대1,,,,,,,,,,국,수,영,탐(2),25,43.75,,31.25
서울과기대2,,,,,,,,,,국,수,영,탐(2),37.5,31.25,,31.25
서울과기대3,,,,,,,,,,수탐(2)_1,국,영,,42.86,57.14,,
서울과기대4,,,,,,,,,,국,수,영,탐(2),40,33.33,,26.67
서울과기대5,,,,,,,,,,국,수,영,탐(2),40,26.67,,33.33
서울과기대6,,,,,,,,,,국,영,탐(2),,53.33,,46.67,
서울과기대7,,,,,,,,,,국,수,영,탐(2),31.25,37.5,,31.25
서울교대1,,,,,,,,,,국,수,탐(2),,33.33,33.33,33.33,
서울기독대1,,,,,,,,,,국,영,탐(1),,57.14,,42.86,
서울기독대2,,,,,,,,,,국,영,탐(1),,57.14,,42.86,
서울대1,,,,,,,,,,국,수,탐(2),,33.33,40,26.67,
서울대2,,,,,,,,,,국,수,탐(2),,33.33,40,26.67,
서울대3,,,,,,,,,,국,탐(2),,,50,50,,
서울대4,,,,,,,,,,국,수,탐(2),,33.33,33.33,33.33,
서울대5,,,,,,,,,,국,탐(2),,,50,50,,
서울대6,,,,,,,,,,국,탐(2),,,50,50,,
서울대7,,,,,,,,,,국,탐(2),,,50,50,,
서울시립대1,,,,,,,,,,국,수,영,탐(2),43.75,31.25,,25
서울시립대2,,,,,,,,,,국,수,영,탐(2),41.18,41.18,,17.65
서울시립대3,,,,,,,,,,국,수,영,탐(2),33.33,44.44,,22.22
서울시립대4,,,,,,,,,,국,수,영,탐(2),33.33,38.89,,27.78
서울시립대5,,,,,,,,,,국,영,탐(2),,71.43,,28.57,
서울시립대6,,,,,,,,,,국,영,탐(2),,66.67,,33.33,
서울시립대7,,,,,,,,,,국,수,영,,57.14,42.86,,
서울신학대1,100,98,94,88,80,70,50,30,0,국수탐(1)_1,국수탐(1)_2,영,,40,40,20,
서울신학대2,100,98,94,88,80,70,50,30,0,국수탐(1)_1,국수탐(1)_2,영,,40,40,20,
서울여대1,100,97,93,85,70,50,35,20,0,국수영탐(1)_1,국수영탐(1)_2,국수영탐(1)_3,,40,40,20,
서울여대2,100,97,93,85,70,50,35,20,0,국수영탐(1)_1,국수영탐(1)_2,국수영탐(1)_3,국수영탐(1)_4,35,30,20,15
서울여대3,100,97,93,85,70,50,35,20,0,국수영탐(1)_1,국수영탐(1)_2,국수영탐(1)_3,국수영탐(1)_4,35,30,20,15
서울장신대1,,,,,,,,,,국,영,탐(1),,57.14,,42.86,
서울한영대1,100,88,76,64,52,40,28,16,0,국,영,탐(1),,37.5,37.5,25,
서원대1,100,98,96,94,92,90,80,70,60,국수탐(1)_1,국수탐(1)_2,영,,40,40,20,
서원대2,100,98,96,94,92,90,80,70,60,국수탐(1)_1,국수탐(1)_2,영,,40,40,20,
선문대1,,,,,,,,,,국수영탐(1)_1,국수영탐(1)_2,,,50,50,,
선문대2,95,90,85,80,75,70,65,60,55,국수영탐(1)_1,국수영탐(1)_2,국수영탐(1)_3,,33.33,33.33,33.33,
성결대1,100,90,80,70,60,50,35,20,0,국수영_1,국수영_2,탐(1),,35,35,30,
성결대2,100,90,80,70,60,50,35,20,0,국수영_1,국수영_2,탐(1),,35,35,30,
성공회대1,100,97,93,86,77,66,53,38,21,국수_1,영,탐(1),,33.33,33.33,33.33,
성공회대2,100,97,93,86,77,66,53,38,21,국수_1,영,탐(1),,33.33,33.33,33.33,
성균관대1,,,,,,,,,,국,수,영,탐(2),44.44,33.33,,22.22
성균관대2,,,,,,,,,,국,수,영,탐(2),44.44,33.33,,22.22
성균관대3,100,100,99,95,79,60,45,37,33,국,수,영,탐(2),40,30,10,20
성균관대4,,,,,,,,,,국,수,영,탐(1),44.44,33.33,,22.22
성균관대5,,,,,,,,,,국,수,영,탐(2),33.33,44.44,,22.22
성균관대6,,,,,,,,,,국,수,영,탐(2),33.33,44.44,,22.22
성균관대7,100,100,99,95,79,60,45,37,33,국,수,영,탐(2),30,40,10,20
성균관대8,,,,,,,,,,국,수,영,탐(1),33.33,44.44,,22.22
성균관대9,,,,,,,,,,국,수,영,탐(2),22.22,44.44,,33.33
성균관대10,100,100,99,95,79,60,45,37,33,국,수,영,탐(2),20,40,10,30
성균관대11,,,,,,,,,,국,수,영,탐(1),22.22,44.44,,33.33
성균관대12,,,,,,,,,,국,수,영,탐(2),33.33,44.44,,22.22
성균관대13,100,100,99,95,79,60,45,37,33,국,수,영,탐(2),30,40,10,20
성균관대14,,,,,,,,,,국,수,영,탐(1),33.33,44.44,,22.22
성균관대15,100,100,99,95,79,60,45,37,33,국,수,영,탐(2),40,30,10,20
성균관대16,100,100,99,95,79,60,45,37,33,국,수,영,탐(2),30,40,10,20
성균관대17,100,100,99,95,79,60,45,37,33,국,수,영,탐(2),20,40,10,30
성균관대18,100,100,99,95,79,60,45,37,33,국,수,영,탐(2),30,40,10,20
성균관대19,,,,,,,,,,국,영,탐(2),,50,,50,
성균관대20,,,,,,,,,,국,수,영,탐(1),38.89,27.78,,33.33
성균관대21,,,,,,,,,,국,수,영,탐(2),22.22,44.44,,33.33
성균관대22,,,,,,,,,,국,수,영,탐(2),33.33,44.44,,22.22
성균관대23,,,,,,,,,,국,수,영,탐(2),22.22,44.44,,33.33
성균관대24,,,,,,,,,,국,수,영,탐(2),33.33,44.44,,22.22
성균관대25,100,100,99,95,79,60,45,37,33,국,수,영,탐(2),20,40,10,30
성균관대26,100,100,99,95,79,60,45,37,33,국,수,영,탐(2),30,40,10,20
성신여대1,100,97,94,85,60,40,25,10,0,국,수,영,탐(2),30,30,20,20
성신여대2,100,97,94,85,60,40,25,10,0,국,수,영,탐(2),20,30,20,30
성신여대3,100,97,94,85,60,40,25,10,0,국,수,영,탐(2),10,35,30,25
성신여대4,100,97,94,85,60,40,25,10,0,국,수,영,탐(2),20,30,20,30
성신여대5,100,97,94,85,60,40,25,10,0,국,수,영,탐(2),30,20,20,30
성신여대6,100,97,94,85,60,40,25,10,0,국수영탐(2)_1,국수영탐(2)_2,국수영탐(2)_3,,33.33,33.33,33.33,
성신여대7,100,97,94,85,60,40,25,10,0,국,수,영,탐(2),30,20,30,20
성신여대8,100,97,94,85,60,40,25,10,0,국,수,영,탐(2),30,25,20,25
성신여대9,100,97,94,85,60,40,25,10,0,국수영탐(2)_1,국수영탐(2)_2,국수영탐(2)_3,,33.33,33.33,33.33,
세명대1,100,90,80,70,60,50,40,30,20,국수탐(1)_1,국수탐(1)_2,영,,40,40,20,
세명대2,,,,,,,,,,국수탐탐_1,국수탐탐_2,,,50,50,,
세명대3,100,90,80,70,60,50,40,30,20,국,수,영,탐(2),30,30,10,30
세종대1,,,,,,,,,,국,수,영,탐(2),37.5,37.5,,25
세종대2,,,,,,,,,,국,수,영,탐(2),25,43.75,,31.25
세종대3,,,,,,,,,,국,수,영,탐(2),25,43.75,,31.25
세종대4,,,,,,,,,,국,수,영,탐(2),43.75,43.75,,12.5
세종대5,,,,,,,,,,국,수,영,탐(2),43.75,43.75,,12.5
세종대6,,,,,,,,,,국,영,,,100,,,
세종대7,,,,,,,,,,국,수,영,탐(2),25,43.75,,31.25
세종대8,,,,,,,,,,국,수,영,탐(2),25,43.75,,31.25
세종대9,,,,,,,,,,국,수,영,탐(2),25,43.75,,31.25
세한대1,,,,,,,,,,국,수,영,탐(1),33.33,33.33,,33.33
송원대1,,,,,,,,,,국,수,영,,57.14,42.86,,
송원대2,,,,,,,,,,국,수,영,탐(2),40,26.66,,33.34
수원가톨릭대1,,,,,,,,,,국,수,영,탐(2),47.37,31.58,,21.05
수원대1,100,97,94,91,88,81,71,56,41,국수영탐(1)_1,국수영탐(1)_2,국수영탐(1)_3,,45,35,20,
수원대2,100,97,94,91,88,81,71,56,41,국수영탐(1)_1,국수영탐(1)_2,국수영탐(1)_3,,45,35,20,
수원대3,100,97,94,91,88,81,71,56,41,국영탐(1)_1,국영탐(1)_2,국영탐(1)_3,수,30,30,25,15
수원대4,100,97,94,91,88,81,71,56,41,수영탐(1)_1,수영탐(1)_2,수영탐(1)_3,국,30,25,15,30
숙명여대1,,,,,,,,,,국,수,영,탐(2),41.18,29.41,,29.41
숙명여대2,,,,,,,,,,국,수,영,탐(2),29.41,41.18,,29.41
숙명여대3,,,,,,,,,,국,수,영,탐(2),35.29,35.29,,29.41
숙명여대4,,,,,,,,,,국,영,탐(1),,57.14,,42.86,
순천대1,100,95,90,85,80,75,70,65,60,수탐(2)_1,국,영,,33.33,33.33,33.33,
순천대2,100,95,90,85,80,75,70,65,60,국탐(2)_1,수,영,,33.33,33.33,33.33,
순천대3,100,95,90,85,80,75,70,65,60,국수탐(2)_1,국수탐(2)_2,영,,33.33,33.33,33.33,
순천대4,100,95,90,85,80,75,70,65,60,국영_1,수,탐(2),,33.33,33.33,33.33,
순천대5,100,95,90,85,80,75,70,65,60,국탐(2)_1,수,영,,33.33,33.33,33.33,
순천향대1,96,92,85,73,56,36,19,7,0,국수영_1,국수영_2,탐(1),,40,40,20,
순천향대2,96,92,85,73,56,36,19,7,0,국수영_1,국수영_2,탐(1),,40,40,20,
순천향대3,96,92,85,73,56,36,19,7,0,국,수,영,탐(2),20,30,30,20
숭실대1,,,,,,,,,,국,수,영,탐(2),43.75,25,,31.25
숭실대2,,,,,,,,,,국,수,영,탐(2),31.25,37.5,,31.25
숭실대3,,,,,,,,,,국,수,영,탐(2),25,43.75,,31.25
숭실대4,,,,,,,,,,국,수,영,탐(2),25,43.75,,31.25
숭실대5,,,,,,,,,,국,수,영,탐(2),37.5,31.25,,31.25
신경주대1,100,95,90,85,80,75,70,65,60,국,수,영,탐(1),25,25,25,25
신경주대2,100,95,90,85,80,75,70,65,60,국,영,탐(1),,40,30,30,
신라대1,,,,,,,,,,국,수,영,탐(1),33.33,33.33,,33.33
신한대1,100,96,92,88,84,80,76,72,68,국수_1,남은+영탐(1)_1,,,100,,,
신한대2,100,96,92,88,84,80,76,72,68,국수영탐(1)_1,국수영탐(1)_2,국수영탐(1)_3,,50,35,15,
신한대3,100,96,92,88,84,80,76,72,68,국수_1,국수_2,남은+영탐(1)_1,,25,25,50,
아주대1,,,,,,,,,,국,수,영,탐(2),23.53,41.18,,35.29
아주대2,,,,,,,,,,국,수,영,탐(2),22.22,44.44,,33.33
아주대3,,,,,,,,,,국,수,영,탐(2),22.22,44.44,,33.33
아주대4,,,,,,,,,,국,수,영,탐(2),29.41,47.06,,23.53
아주대5,,,,,,,,,,국,수,영,탐(2),41.18,29.41,,29.41
경국대1,100,97,94,92,90,88,85,82,79,국수영탐(1)_1,국수영탐(1)_2,,,50,50,,
안양대1,100,95,90,85,80,65,50,30,0,국,영,탐(1),,40,30,30,
안양대2,100,95,90,85,80,65,50,30,0,수,영,탐(1),,40,30,30,
안양대3,100,95,90,85,80,65,50,30,0,국수영탐(1)_1,국수영탐(1)_2,국수영탐(1)_3,,33.33,33.33,33.33,
연세대(미래)1,,,,,,,,,,국,수,영,탐(1),33.33,33.33,,33.33
연세대(미래)2,,,,,,,,,,국,수,영,탐(1),33.33,33.33,,33.33
연세대(미래)3,,,,,,,,,,국,수,영,탐(1),28.57,42.86,,28.57
연세대(미래)4,,,,,,,,,,국,수,영,탐(2),25,37.5,,37.5
연세대1,,,,,,,,,,국,수,영,탐(2),42.86,28.57,,28.57
연세대2,,,,,,,,,,국,수,영,탐(2),25,37.5,,37.5
연세대3,,,,,,,,,,국,수,영,탐(2),25,37.5,,37.5
연세대4,,,,,,,,,,국,수,영,탐(2),40,40,,20
연세대5,,,,,,,,,,국,수,영,탐(2),40,40,,20
연세대6,,,,,,,,,,국,수,영,탐(2),40,40,,20
영남대1,100,95,90,85,80,75,70,65,60,국수영탐(2)_1,국수영탐(2)_2,국수영탐(2)_3,,33.33,33.33,33.33,
영남대2,100,95,90,85,80,75,70,65,60,국수영탐(2)_1,국수영탐(2)_2,국수영탐(2)_3,,33.33,33.33,33.33,
영남대3,100,95,90,85,80,75,70,65,60,국,수,영,탐(2),25,25,25,25
영남대4,100,95,90,85,80,75,70,65,60,국,수,영,탐(2),20,30,25,25
영남대5,100,95,90,85,80,75,70,65,60,국,수,영,탐(2),25,35,10,30
영남대6,100,95,90,85,80,75,70,65,60,국,수,영,탐(2),30,25,25,20
영남대7,100,95,90,85,80,75,70,65,60,국,수,영,,35.71,35.71,28.57,
영산대1,,,,,,,,,,국,수,영,탐(1),33.33,33.33,,33.33
영산대2,,,,,,,,,,국수영탐(1)_1,국수영탐(1)_2,국수영탐(1)_3,,33.33,33.33,33.33,
예수대1,100,97,94,91,88,85,82,79,76,국,수,영,탐(1),25,35,25,15
용인대1,100,95,85,75,65,50,35,20,0,국,영,탐(1),,40,30,30,
용인대2,100,95,85,75,65,50,35,20,0,국,수,영,탐(1),30,20,30,20
용인대3,100,95,85,75,65,50,35,20,0,수,영,탐(1),,40,30,30,
용인대4,100,95,85,75,65,50,35,20,0,국수영_1,탐(1),,,60,40,,
용인대5,100,95,85,75,65,50,35,20,0,국수영_1,탐(1),,,60,40,,
용인대6,100,95,85,75,65,50,35,20,0,국수_1,영,탐(1),,40,30,30,
우석대1,100,95,90,85,80,75,70,65,60,국수영_1,국수영_2,탐(1),,35,35,30,
우석대2,100,95,90,85,80,75,70,65,60,국,수,영,탐(2),20,30,20,30
우송대1,100,96,89,82,75,60,45,20,0,국수영탐(1)_1,국수영탐(1)_2,,,60,40,,
울산대1,,,,,,,,,,국,수,영,탐(2),25,37.5,,37.5
울산대2,100,98,96,93,90,85,80,70,60,국,수,영,탐(1),30.3,20.2,19.19,30.3
울산대3,100,98,96,93,90,85,80,70,60,국,수,영,탐(1),20.2,30.3,19.19,30.3
울산대4,100,98,96,93,90,85,80,70,60,국,수,영,탐(1),20.2,30.3,19.19,30.3
원광대1,,,,,,,,,,국,수,영,탐(2),31.25,37.5,,31.25
원광대2,,,,,,,,,,국,수,영,탐(2),37.5,31.25,,31.25
원광대3,,,,,,,,,,국,수,영,탐(2),33.33,33.33,,33.33
원광대4,,,,,,,,,,국수_1,영,탐(1),,66.67,,33.33,
원광대5,100,97,93,88,83,78,73,68,63,국수영탐(1)_1,국수영탐(1)_2,국수영탐(1)_3,,33.33,33.33,33.33,
위덕대1,100,90,80,70,60,50,40,30,20,국,수,영,탐(1),25,25,25,25
위덕대2,100,90,80,70,60,50,40,30,20,국,수,영,탐(1),25,25,25,25
유원대1,100,96,92,88,84,80,76,72,68,국수영탐(1)_1,국수영탐(1)_2,,,50,50,,
유원대2,100,96,92,88,84,80,76,72,68,국수탐(1)_1,국수탐(1)_2,영,,35,35,30,
을지대1,100,95,90,80,70,60,50,30,10,국수영탐(2)_1,국수영탐(2)_2,,,50,50,,
을지대2,100,95,90,80,70,60,50,30,10,국탐(2)_1,수,영,,30,40,30,
을지대3,100,95,90,80,70,60,50,30,10,수탐(2)_1,국,영,,30,30,40,
을지대4,100,95,90,80,70,60,50,30,10,국,수,영,탐(2),30,30,10,30
을지대5,100,95,90,80,70,60,50,30,10,국수영탐(2)_1,국수영탐(2)_2,,,50,50,,
이화여대1,,,,,,,,,,국,수,영,탐(2),37.5,37.5,,25
이화여대2,,,,,,,,,,국,수,영,탐(2),31.25,37.5,,31.25
이화여대3,,,,,,,,,,국수탐(2)_1,국수탐(2)_2,,,50,50,,
인제대1,,,,,,,,,,국,수,영,탐(2),33.33,33.33,,33.33
인제대2,,,,,,,,,,국수영탐(2)_1,국수영탐(2)_2,국수영탐(2)_3,,33.33,33.33,33.33,
인제대3,,,,,,,,,,국,수,영,탐(2),11.11,44.44,,44.44
인천가톨릭대1,100,95,90,85,80,70,60,30,0,국수영탐(2)_1,국수영탐(2)_2,,,50,50,,
인천가톨릭대2,100,95,90,85,80,70,60,30,0,국,수,영,탐(2),30,30,20,20
인천대1,100,98,95,80,70,60,30,10,0,국,영,탐(2),,42.11,10.53,47.37,
인천대2,100,98,95,80,70,60,30,10,0,국,수,영,탐(2),25,35,10,30
인천대3,100,98,95,80,70,60,30,10,0,국,수,영,탐(2),35,30,10,25
인천대4,100,98,95,80,70,60,30,10,0,국,수,영,탐(2),45,15,10,30
인천대5,100,98,95,80,70,60,30,10,0,국,영,탐(2),,40,20,40,
인하대1,,,,,,,,,,국,수,영,탐(2),41.18,29.41,,29.41
인하대2,,,,,,,,,,국,수,영,탐(2),27.78,38.89,,33.33
인하대3,,,,,,,,,,국,영,탐(2),,57.14,,42.86,
인하대4,,,,,,,,,,국,영,탐(2),,66.67,,33.33,
인하대5,,,,,,,,,,국,영,탐(2),,66.67,,33.33,
인하대6,,,,,,,,,,국,수,영,탐(2),38.89,33.33,,27.78
인하대7,,,,,,,,,,국,수,영,탐(2),33.33,33.33,,33.33
인하대8,,,,,,,,,,국,수,영,탐(2),27.78,44.44,,27.78
인하대9,,,,,,,,,,국,수,영,탐(2),27.78,38.89,,33.33
인하대10,,,,,,,,,,국,수,영,탐(2),38.89,33.33,,27.78
인하대11,,,,,,,,,,국,수,영,탐(2),33.33,33.33,,33.33
인하대12,,,,,,,,,,국,수,영,탐(2),27.78,44.44,,27.78
인하대13,,,,,,,,,,국,수,영,탐(2),27.78,38.89,,33.33
장로회신학대1,100,90,80,70,60,50,40,30,20,국수영탐(2)_1,국수영탐(2)_2,국수영탐(2)_3,,33.33,33.33,33.33,
전남대1,,,,,,,,,,국,수,영,탐(2),40,30,,30
전남대2,,,,,,,,,,국,수,영,탐(2),30,40,,30
전남대3,,,,,,,,,,국,영,탐(2),,50,,50,
전남대4,,,,,,,,,,국,영,탐(2),,50,,50,
전남대5,,,,,,,,,,국,수,영,탐(2),35,35,,30
전북대1,,,,,,,,,,국,수,탐(2),,40,30,30,
전북대2,,,,,,,,,,국,수,탐(2),,30,40,30,
전북대3,,,,,,,,,,국,수,탐(2),,30,40,30,
전북대3,,,,,,,,,,국,수,탐(2),,30,40,30,
전북대4,,,,,,,,,,국,수,탐(2),,30,50,20,
전북대5,,,,,,,,,,국,수,탐(2),,40,30,30,
전북대6,,,,,,,,,,국,탐(2),,,60,40,,
전북대7,,,,,,,,,,국,탐(2),,,60,40,,
전주교대1,,,,,,,,,,국,수,영,탐(2),33.33,33.33,,33.33
전주대1,100,97,94,91,88,85,82,79,76,국수영_1,국수영_2,탐(1),,40,40,20,
전주대2,100,97,94,91,88,85,82,79,76,국영_1,수,탐(1),,40,40,20,
제주국제대1,100,93,88,75,65,55,45,35,25,국,수,영,탐(1),30,30,30,10
제주대1,100,95,90,85,80,70,60,50,30,국,영,탐(2),,35,35,30,
제주대2,100,95,90,85,80,70,60,50,30,국,수,영,탐(2),20,30,20,30
제주대3,100,95,90,85,80,70,60,50,30,국,수,영,탐(2),20,30,20,30
제주대4,100,95,90,85,80,70,60,50,30,국,수,영,탐(2),30,20,20,30
제주대5,100,95,90,85,80,70,60,50,30,국,수,영,탐(2),30,20,20,30
제주대6,100,95,90,85,80,70,60,50,30,국,수,영,탐(2),30,20,20,30
제주대7,100,95,90,85,80,70,60,50,30,국,수,영,탐(2),25,25,25,25
조선대1,100,95,90,85,80,75,70,65,60,국수영탐(1)_1,국수영탐(1)_2,국수영탐(1)_3,,33.33,33.33,33.33,
조선대2,,,,,,,,,,국,영,탐(1),,66.67,,33.33,
조선대3,,,,,,,,,,국,수,영,탐(1),33.33,33.33,,33.33
조선대4,,,,,,,,,,국,수,영,탐(1),33.33,40,,26.67
조선대5,,,,,,,,,,국,수,영,탐(1),33.33,46.67,,20
조선대6,,,,,,,,,,국,수,영,탐(1),40,33.33,,26.67
중부대1,95,85,75,65,55,45,35,25,15,국수영_1,국수영_2,탐(1),,35,35,30,
중부대2,95,85,75,65,55,45,35,25,15,국수영_1,국수영_2,탐(1),,35,35,30,
중앙대1,,,,,,,,,,국,수,탐(2),,35,30,35,
중앙대2,,,,,,,,,,국,수,탐(2),,30,40,30,
중앙대3,,,,,,,,,,국,수,탐(2),,30,35,35,
중앙대4,,,,,,,,,,국,수,탐(2),,40,40,20,
중앙대5,,,,,,,,,,국,수,탐(2),,35,30,35,
중앙대6,,,,,,,,,,국,탐(2),,,50,50,,
중앙대7,,,,,,,,,,국,탐(2),,,50,50,,
중앙대8,,,,,,,,,,국,수,탐(2),,35,30,35,
중앙대9,,,,,,,,,,국,수,탐(2),,30,40,30,
중앙대10,,,,,,,,,,국,수,탐(2),,30,35,35,
중원대1,90,80,70,60,50,40,30,20,0,국수영탐(1)_1,국수영탐(1)_2,국수영탐(1)_3,,33.33,33.33,33.33,
중원대2,90,80,70,60,50,40,30,20,0,국수영탐(1)_1,국수영탐(1)_2,국수영탐(1)_3,,33.33,33.33,33.33,
진주교대1,,,,,,,,,,국,수,영,탐(2),33.33,33.33,,33.33
차의과학대1,,,,,,,,,,국,수,영,탐(2),25,37.5,,37.5
차의과학대2,100,96,89,77,60,40,23,11,0,국탐(1)_1,수,영,,35,30,35,
차의과학대3,100,96,89,77,60,40,23,11,0,국탐(2)_1,수,영,,35,35,30,
창신대1,,,,,,,,,,국,수,영,탐(1),42.86,42.86,,14.29
창원대1,,,,,,,,,,국,수,영,탐(1),37.5,31.25,,31.25
창원대2,,,,,,,,,,국,수,영,탐(1),31.25,37.5,,31.25
창원대3,,,,,,,,,,국,영,탐(1),,50,,50,
창원대4,,,,,,,,,,국,수,영,탐(1),37.5,37.5,,25
청운대1,100,95,88,76,59,39,22,10,3,국수영_1,국수영_2,남은+탐(1)_1,,40,40,20,
청주교대1,,,,,,,,,,국,수,영,탐(2),33.33,33.33,,33.33
청주대1,100,95,90,85,80,75,70,65,60,국수영탐(2)_1,국수영탐(2)_2,국수영탐(2)_3,,33.33,33.33,33.33,
청주대2,100,95,85,75,65,50,40,20,10,국수영탐(2)_1,국수영탐(2)_2,국수영탐(2)_3,,33.33,33.33,33.33,
청주대3,100,95,85,75,65,50,40,20,10,국수영탐(2)_1,국수영탐(2)_2,국수영탐(2)_3,,33.33,33.33,33.33,
청주대4,100,95,85,75,65,50,40,20,10,국수영탐(2)_1,국수영탐(2)_2,국수영탐(2)_3,,33.33,33.33,33.33,
청주대5,100,95,85,75,65,50,40,20,10,국수영탐(2)_1,국수영탐(2)_2,국수영탐(2)_3,,33.33,33.33,33.33,
청주대6,100,95,85,75,65,50,40,20,10,수,영,탐(2),,35,40,25,
초당대1,100,95,90,80,70,60,50,40,30,국수영_1,국수영_2,탐(1),,50,30,20,
총신대1,100,95,87.5,75,60,40,25,12.5,0,국수_1,영,탐(2),,40,30,30,
추계예술대1,100,98,95,90,85,80,60,30,0,국,영,,,50,50,,
춘천교대1,,,,,,,,,,국,수,영,탐(1),40,40,,20
충남대1,,,,,,,,,,국,수,탐(2),,45,25,30,
충남대2,,,,,,,,,,국,수,탐(2),,25,45,30,
충남대3,,,,,,,,,,국,수,탐(2),,25,45,30,
충남대4,,,,,,,,,,국,수,탐(2),,40,30,30,
충남대5,,,,,,,,,,국,수,탐(2),,40,30,30,
충남대6,,,,,,,,,,국,수,탐(2),,35,35,30,
충북대1,,,,,,,,,,국,수,영,탐(2),37.5,25,,37.5
충북대2,,,,,,,,,,국,수,영,탐(2),25,37.5,,37.5
충북대3,,,,,,,,,,국,영,탐(2),,50,,50,
충북대4,,,,,,,,,,국,영,탐(2),,50,,50,
칼빈대1,,,,,,,,,,국,,,,100,,,
칼빈대2,,,,,,,,,,탐(1),,,,100,,,
평택대1,,,,,,,,,,국수영탐(1)_1,국수영탐(1)_2,국수영탐(1)_3,,35,35,30,
한경국립대1,100,90,80,70,60,50,40,30,20,국수영_1,국수영_2,탐(1),,40,40,20,
한경국립대2,100,90,80,70,60,50,40,30,20,국수영_1,국수영_2,탐(1),,40,40,20,
한경국립대3,100,90,80,70,60,50,40,30,20,국수영_1,국수영_2,탐(1),,40,40,20,
한경국립대4,100,90,80,70,60,50,40,30,20,국수영_1,국수영_2,탐(1),,40,40,20,
한국공학대1,100,96,92,88,80,60,30,20,10,국영탐(1)_1,국영탐(1)_2,국영탐(1)_3,,45,35,20,
한국공학대2,100,96,92,88,80,60,30,20,10,국,수,영,탐(1),25,35,20,20
한국공학대3,100,96,92,88,80,60,30,20,10,국,수,영,탐(1),30,30,20,20
한국교원대1,100,95,88,76,59,39,22,10,0,국수_1,영,탐(2),,36.67,33.33,30,
한국교원대2,100,95,88,76,59,39,22,10,0,국수_1,영,탐(2),,36.67,33.33,30,
한국교원대3,100,95,88,76,59,39,22,10,0,국,수,영,탐(2),22.5,30,22.5,25
한국교원대4,100,95,88,76,59,39,22,10,0,국,수,영,탐(2),22.5,30,22.5,25
한국교원대5,100,95,88,76,59,39,22,10,0,국,수,영,탐(2),22.5,30,22.5,25
한국교원대6,100,95,88,76,59,39,22,10,0,국,수,영,탐(2),22.5,30,22.5,25
한국교원대7,100,95,88,76,59,39,22,10,0,국,수,영,탐(2),22.5,30,22.5,25
한국교원대8,100,95,88,76,59,39,22,10,0,국,수,영,탐(2),22.5,30,22.5,25
한국교원대9,100,95,88,76,59,39,22,10,0,국,수,영,탐(2),27.5,17.5,30,25
한국교원대10,100,95,88,76,59,39,22,10,0,국,수,영,탐(2),27.5,25,25,22.5
한국교원대11,100,95,88,76,59,39,22,10,0,국,수,영,탐(2),27.5,25,25,22.5
한국교원대12,100,95,88,76,59,39,22,10,0,국,수,영,탐(2),30,20,25,25
한국교통대1,100,95,90,85,80,75,70,65,60,국수영탐(1)_1,국수영탐(1)_2,국수영탐(1)_3,,33.33,33.33,33.33,
한국교통대2,100,95,90,85,80,75,70,65,60,국수영탐(1)_1,국수영탐(1)_2,국수영탐(1)_3,,33.33,33.33,33.33,
한국기술교대1,100,97.33,95.33,90,80,70,60,50,40,국,수,영,탐(1),30,35,15,20
한국기술교대2,100,97.33,95.33,90,80,70,60,50,40,국,수,영,탐(1),20,35,15,30
한국기술교대3,100,97.5,95,90,80,70,60,50,40,국,수,영,탐(1),35,20,20,25
한국성서대1,100,95,90,85,80,75,70,65,60,국,영,탐(1),,40,30,30,
한국성서대2,100,95,90,85,80,75,70,65,60,수,영,탐(1),,40,30,30,
한국성서대3,100,95,90,85,80,75,70,65,60,국,수,영,탐(1),30,30,30,10
한국외대1,,,,,,,,,,국,수,영,탐(2),37.5,37.5,,25
한국외대2,,,,,,,,,,국,수,영,탐(2),35.29,41.18,,23.53
한국외대3,,,,,,,,,,국,수,영,탐(2),23.53,41.18,,35.29
한국체대1,,,,,,,,,,국수영_1,국수영_2,탐(1),,35,35,30,
한국체대2,,,,,,,,,,국수영_1,국수영_2,탐(1),,35,35,30,
한국체대3,,,,,,,,,,국수영_1,국수영_2,탐(1),,35,35,30,
한국체대4,,,,,,,,,,국수영_1,국수영_2,탐(1),,35,35,30,
한국체대5,,,,,,,,,,국수영_1,국수영_2,탐(1),,35,35,30,
한국체대6,,,,,,,,,,국수영_1,국수영_2,탐(1),,35,35,30,
한국항공대1,,,,,,,,,,국,수,영,탐(1),25,43.75,,31.25
한국항공대2,,,,,,,,,,국,수,영,탐(1),31.25,37.5,,31.25
한국항공대3,,,,,,,,,,국,수,영,탐(1),37.5,31.25,,31.25
한국해양대1,,,,,,,,,,국,수,영,탐(2),30,43.33,,26.67
한국해양대2,,,,,,,,,,국,수,영,탐(2),30,43.33,,26.67
한국해양대3,,,,,,,,,,국,수,영,탐(2),30,43.33,,26.67
한국해양대4,,,,,,,,,,국,수,영,탐(2),43.33,30,,26.67
한국해양대5,,,,,,,,,,국,영,탐(2),,50,,50,
한남대1,100,96,89,81,73,64,54,43,0,국수영탐(1)_1,국수영탐(1)_2,국수영탐(1)_3,,33.33,33.33,33.33,
한남대2,100,96,89,81,73,64,54,43,0,국영탐(1)_1,국영탐(1)_2,수,,33.33,33.33,33.33,
한남대3,100,96,89,81,73,64,54,43,0,수영탐(1)_1,수영탐(1)_2,국,,33.33,33.33,33.33,
한동대1,100,95,90,80,70,60,50,40,30,국,수,영,탐(1),35,35,20,10
한라대1,95,90,80,70,60,50,40,30,20,국수영탐(1)_1,국수영탐(1)_2,,,50,50,,
한림대1,,,,,,,,,,국,수,영,탐(2),22.22,44.44,,33.33
한림대2,100,95,88,76,59,39,22,10,0,국수영_1,남은+탐(2)_1,,,70,30,,
한림대3,100,95,88,76,59,39,22,10,0,국수영_1,남은+탐(2)_1,,,70,30,,
한림대4,100,95,88,76,59,39,22,10,0,국수탐(2)_1,영,,,40,60,,
한림대5,100,95,88,76,59,39,22,10,0,국탐(2)_1,수,영,,30,40,30,
한밭대1,100,95,90,85,80,70,60,40,0,국수영탐(1)_1,국수영탐(1)_2,국수영탐(1)_3,,33.33,33.33,33.33,
한밭대2,100,95,90,85,80,70,60,40,0,국영탐(1)_1,국영탐(1)_2,수,,30,30,40,
한서대1,100,95,90,84,78,70,62,52,40,국수영_1,국수영_2,탐(1),,35,35,30,
한서대2,100,95,90,84,78,70,62,52,40,국수영_1,국수영_2,탐(1),,35,35,30,
한서대3,100,95,90,84,78,70,62,52,40,국,수,영,탐(1),20,30,30,20
한성대1,100,97,94,80,70,55,40,25,10,국수영탐(1)_1,국수영탐(1)_2,국수영탐(1)_3,국수영탐(1)_4,40,30,20,10
한성대2,100,97,94,80,70,55,40,25,10,국,수,영,탐(1),25,35,20,20
한성대3,100,97,94,80,70,55,40,25,10,국,수,영,탐(1),35,25,20,20
한성대4,100,97,94,80,70,55,40,25,10,국,영,탐(1),,40,40,20,
한세대1,100,95,88,79,68,55,40,25,10,국수_1,영,탐(1),,40,30,30,
한신대1,100,95,90,85,80,70,60,50,40,국수영탐(1)_1,국수영탐(1)_2,국수영탐(1)_3,,50,30,20,
한신대2,100,95,90,85,80,70,60,50,40,국수영탐(1)_1,국수영탐(1)_2,국수영탐(1)_3,,50,30,20,
한신대3,100,95,90,85,80,70,60,50,40,국수영탐(1)_1,국수영탐(1)_2,국수영탐(1)_3,,50,30,20,
한양대(에리카)1,,,,,,,,,,국,수,영,탐(2),29.41,41.18,,29.41
한양대(에리카)2,,,,,,,,,,국,수,영,탐(2),29.41,41.18,,29.41
한양대(에리카)3,,,,,,,,,,국,수,영,탐(2),35.29,35.29,,29.41
한양대(에리카)4,,,,,,,,,,수탐(1)_1,국,영,,46.15,53.85,,
한양대(에리카)5,,,,,,,,,,수탐(1)_1,국,영,,46.15,53.85,,
한양대(에리카)6,,,,,,,,,,국,수,영,탐(2),33.33,38.89,,27.78
한양대1,,,,,,,,,,국,수,영,탐(2),27.78,44.44,,27.78
한양대2,,,,,,,,,,국,수,영,탐(2),38.89,33.33,,27.78
한양대3,,,,,,,,,,국,수,영,탐(2),38.89,38.89,,22.22
한양대4,,,,,,,,,,국,수,영,탐(2),38.89,33.33,,27.78
한양대5,,,,,,,,,,국,수,영,탐(1),44.44,33.33,,22.22
한양대6,,,,,,,,,,국,수,영,탐(1),44.44,33.33,,22.22
한양대7,,,,,,,,,,국,영,탐(1),,71.43,,28.57,
한양대8,,,,,,,,,,국,수,영,탐(2),27.78,44.44,,27.78
한양대9,,,,,,,,,,국,수,영,탐(2),27.78,44.44,,27.78
한양대10,,,,,,,,,,국,수,영,탐(2),38.89,33.33,,27.78
한양대11,,,,,,,,,,국,수,영,탐(2),38.89,38.89,,22.22
협성대1,100,90,87,79,70,60,50,30,20,국수영_1,국수영_2,탐(1),,35,35,30,
호남대1,100,90,80,70,60,50,40,30,20,국,수,영,탐(1),28.57,28.57,28.57,14.29
호서대1,95,85,75,65,50,35,20,0,0,국수영_1,국수영_2,탐(1),,35,35,30,
호원대1,,,,,,,,,,국수영탐(1)_1,국수영탐(1)_2,,,50,50,,
홍익대(세종)1,,,,,,,,,,국수_1,영,탐(2),,50,,50,
홍익대(세종)2,,,,,,,,,,국,수,영,탐(2),23.53,41.18,,35.29
홍익대(세종)3,,,,,,,,,,국수탐(2)_1,국수탐(2)_2,영,,50,50,,
홍익대1,,,,,,,,,,국,수,영,탐(2),35.29,35.29,,29.41
홍익대2,,,,,,,,,,국,수,영,탐(2),23.53,41.18,,35.29
홍익대3,,,,,,,,,,국수탐(2)_1,국수탐(2)_2,영,,50,50,,
화성의과학대1,,,,,,,,,,국수영_1,국수영_2,탐탐_1,탐탐_2,33.34,33.34,16.66,16.66
제주대8,100,95,90,85,80,70,60,50,30,국,수,영,탐(2),20,30,20,30
제주대9,100,95,90,85,80,70,60,50,30,국,수,영,탐(2),20,30,20,30
제주대10,100,95,90,85,80,70,60,50,30,국,수,영,탐(2),20,30,20,30
