지역,대학명,전형명,계열,모집인원,단계,전형방법,면접시기,1단계발표,면접일자,면접방법,수능최저,세부수능최저,학업역량,진로역량,공동체역량,평가요소,인재상
대구,DGIST,일반,이공계특성화/군외대학,115,일괄,서류100(반도체공학15명),,,,,,없음,33.3,33.3,33.3,학업 및 탐구역량+사회적 역량,"창의, 도전, 협력, 배려(4C)"
대구,DGIST,학교장추천,이공계특성화/군외대학,77,일괄,서류100(반도체공학12명)/(고교별 2명),,,,,,없음,33.3,33.3,33.3,학업 및 탐구역량+사회적 역량,"창의, 도전, 협력, 배려(4C)"
광주,GIST,학교장추천,이공계특성화/군외대학,40,단계,"1단계(5배수) : 서류 100(학,자,추)
2단계 : 면접(1단계 합격자)
최종 : 서류 60 + 면접 40(고교별 2명)",수능전,10.23.(목),10.30.(목)~31.(금),서류,,없음,33.3,33.3,33.3,"학업역량, 이공계 분야의 교과·비교과 경험과 성취수준, 내적성향, 창의성, 잠재력, 진학의지, 리더십 및 협동심",창의적인 생각으로 의사소통하고 서로 협력하여 문제를 해결하는 과학인재양성이라는 목표에 부합하는 학생(3C1P)
광주,GIST,일반,이공계특성화/군외대학,125,단계,"1단계(6배수) : 서류 100(학,자,추)
2단계 : 면접(1단계 합격자)
최종 : 서류 60 + 면접 40",수능전,10.23.(목),10.30.(목)~31.(금),서류,,없음,33.3,33.3,33.3,"학업역량, 이공계 분야의 교과·비교과 경험과 성취수준, 내적성향, 창의성, 잠재력, 진학의지, 리더십 및 협동심",창의적인 생각으로 의사소통하고 서로 협력하여 문제를 해결하는 과학인재양성이라는 목표에 부합하는 학생(3C1P)
대전,KAIST,창의도전,이공계특성화/군외대학,200,일괄,"서류 100(학,자,추-2부)",,,,,,없음,33.3,33.3,33.3,"학업성취도, 학교생활충실도 및 인성, 도전•창의•배려, 발전가능성 등을 고려힌 종합평가","과학기술분야에 전문성을 갖추고, 지식탐구가 즐거운 자기주도적 학생, 새로운 길을 개척하려는 열정과 도전정신을 가진 학생, 높은 윤리의식과 협력정신으로 국가와 사회, 인류에 기여하려는 학생"
대전,KAIST,반도체시스템인재전형Ⅰ,이공계특성화/군외대학,30,일괄,"서류 100(학,자,추-2부)",,,,,,없음,33.3,33.3,33.3,"학업성취도, 학교생활충실도 및 인성, 도전•창의•배려, 발전가능성 등을 고려힌 종합평가","과학기술분야에 전문성을 갖추고, 지식탐구가 즐거운 자기주도적 학생, 새로운 길을 개척하려는 열정과 도전정신을 가진 학생, 높은 윤리의식과 협력정신으로 국가와 사회, 인류에 기여하려는 학생"
대전,KAIST,학교장추천,이공계특성화/군외대학,85,일괄,"서류 100(학,자,추-2부,고교별2명)",,,,,,없음,33.3,33.3,33.3,"학업성취도, 학교생활충실도 및 인성, 도전•창의•배려, 발전가능성 등을 고려힌 종합평가","과학기술분야에 전문성을 갖추고, 지식탐구가 즐거운 자기주도적 학생, 새로운 길을 개척하려는 열정과 도전정신을 가진 학생, 높은 윤리의식과 협력정신으로 국가와 사회, 인류에 기여하려는 학생"
대전,KAIST,일반,이공계특성화/군외대학,350,단계,"1단계(2.5배수) : 서류 100(학,자,추-1부)
2단계 : 면접
최종 : 1단계 40+면접 60",수능후,11.14.(금),11.27.(목),제시문/서류,,없음,33.3,33.3,33.3,"학업성취도, 학교생활충실도 및 인성, 도전•창의•배려, 발전가능성 등을 고려힌 종합평가","과학기술분야에 전문성을 갖추고, 지식탐구가 즐거운 자기주도적 학생, 새로운 길을 개척하려는 열정과 도전정신을 가진 학생, 높은 윤리의식과 협력정신으로 국가와 사회, 인류에 기여하려는 학생"
대전,KAIST,반도체시스템인재전형Ⅱ,이공계특성화/군외대학,70,단계,"1단계(2.5배수) : 서류 100(학,자,추-1부)
2단계 : 면접
최종 : 1단계 40+면접 60",수능후,11.14.(금),11.27.(목),제시문/서류,,없음,33.3,33.3,33.3,"학업성취도, 학교생활충실도 및 인성, 도전•창의•배려, 발전가능성 등을 고려힌 종합평가","과학기술분야에 전문성을 갖추고, 지식탐구가 즐거운 자기주도적 학생, 새로운 길을 개척하려는 열정과 도전정신을 가진 학생, 높은 윤리의식과 협력정신으로 국가와 사회, 인류에 기여하려는 학생"
전남,KENTECH,일반,이공계특성화/군외대학,90,단계,"1단계(5배수) : 서류 100
2단계 : 1단계50 + 면접50",수능후,11.14.(금),11.24.(월),서류,,없음,33.3,33.3,33.3,가치평가+역량평가+지원적합성,"인류 공영을 위한 미래 에너지 개발에 도전하는 탁월한 연구 역량과 기업가 정신, 글로벌 시민의식을 갖춘 인재"
경북,POSTECH,일반전형Ⅰ,이공계특성화,220,단계,"1단계(3배수) : 서류 100
2단계 : 1단계 50+면접50",수능후,11.14.(금),11.22.(토),서류/프로젝트/팀활동,,없음,33.3,33.3,33.3,학업능력(P/F)+잠재력(이공계소양•재능-5/학업열정태도-5/대인관계품성-5/인재상적합도-3),지혜와 지식을 갖춘 도전적인 포스테키안
경북,POSTECH,일반전형Ⅱ,이공계특성화,70,단계,"1단계(3배수) : 서류 100
2단계 : 1단계 67+면접33",수능후,11.14.(금),11.23.(일),서류,2합4,"국,수(미/기),영,과탐(2) 중 수학포함 2개 합 4",33.3,33.3,33.3,학업능력(P/F)+잠재력(이공계소양•재능-5/학업열정태도-5/대인관계품성-5/인재상적합도-3),지혜와 지식을 갖춘 도전적인 포스테키안
경북,POSTECH,반도체공학인재,이공계특성화,40,단계,"1단계(3배수) : 서류 100
2단계 : 1단계 50+면접50",수능후,11.14.(금),11.23.(일),서류/제시문,,없음,33.3,33.3,33.3,학업능력(P/F)+잠재력(이공계소양•재능-5/학업열정태도-5/대인관계품성-5/인재상적합도-3),지혜와 지식을 갖춘 도전적인 포스테키안
울산,UNIST,일반,이공계특성화/군외대학,310,일괄,서류100,,,,,,없음,33.3,33.3,33.3,학업역량+지원계열에 대한 관심+학교생활 충실도 및 인성,"UNIST의 비전을 공유할 수 있는 자, 정직하고 남을 배려할 줄 아는 인성을 지닌 자, 글로벌 마인드를 가지고 적극적인 자세로 변화를
주도할 수 있는 자, 지원관련 분야의 우수한 학업능력을 성취한 자
학교교육과정에 충실하여 자기주도적 학습능력을 갖춘 자, 특정분야의 재능과 창의성을 갖춘 자"
경기,가천대,가천바람개비,,459,단계,"1단계(5배수) : 서류 100
2단계 : 1단계50 + 면접50",수능전,10.23.(목),"10.25.(토)~26.(일),11.01.(토)~02.(일)",서류,,없음,20,40,40,학업역량(20)+계열(전공)적합성(40)+인성(40),"미래를 지향하는 지성인, 나눔에 동참하는 실천인, 최고를 추구하는 전문인"
경기,가천대,가천의약학(약학),약학,12,단계,"1단계(5배수) : 서류 100
2단계 : 1단계50 + 면접50",수능후,12.03.(수),12.08.(월),서류,3합5,"약학 : 국,수(미/기),영,과탐(2) 중 3개 합 5, 소수점 절사",20,40,40,학업역량(20)+계열(전공)적합성(40)+인성(40),"미래를 지향하는 지성인, 나눔에 동참하는 실천인, 최고를 추구하는 전문인"
경기,가천대,가천의약학(의예),의예,16,단계,"1단계(5배수) : 서류 100
2단계 : 1단계50 + 면접50",수능후,12.03.(수),12.09.(화),서류,3합3,"의예 : 국,수(미/기),영,과탐(2) 중 3개 각 1등급, 소수점 절사",20,40,40,학업역량(20)+계열(전공)적합성(40)+인성(40),"미래를 지향하는 지성인, 나눔에 동참하는 실천인, 최고를 추구하는 전문인"
경기,가천대,가천의약학(한의예),한의예,5,단계,"1단계(5배수) : 서류 100
2단계 : 1단계50 + 면접50",수능후,12.03.(수),12.08.(월),서류,2합2,"한의예 : 국,수(미/기),영,과탐(2) 중 2개 각 1등급",20,40,40,학업역량(20)+계열(전공)적합성(40)+인성(40),"미래를 지향하는 지성인, 나눔에 동참하는 실천인, 최고를 추구하는 전문인"
강원,가톨릭관동대,일반,,41,일괄,서류 100,,,,,,없음,30,40,30,학업역량(30)+진로역량(40)+공동체역량(30),"공감하는 인성을 갖춘 교양인, 융복합 역량을 겸비한 지식인, 현장적응력이 뛰어난 전문인, 통합적 문제해결에 도전하는 사회인"
강원,가톨릭관동대,일반(간호),,12,일괄,서류 100,,,,,2합9,"간호 : 국,수,영,탐(1) 중 2개 합 9/소수점 절사",30,40,30,학업역량(30)+진로역량(40)+공동체역량(30),"공감하는 인성을 갖춘 교양인, 융복합 역량을 겸비한 지식인, 현장적응력이 뛰어난 전문인, 통합적 문제해결에 도전하는 사회인"
강원,가톨릭관동대,일반(의예),의예,5,일괄,서류 100,,,,,3합6,"의예 : 국,수(미/기),영,과탐(1) 중 3개 합 6/소수점 절사",30,40,30,학업역량(30)+진로역량(40)+공동체역량(30),"공감하는 인성을 갖춘 교양인, 융복합 역량을 겸비한 지식인, 현장적응력이 뛰어난 전문인, 통합적 문제해결에 도전하는 사회인"
경기,가톨릭대,잠재능력우수자서류,,248,일괄,서류 100,,,,,,없음,40,40,20,학업역량(40)+진로역량(40)+공동체역량(20),인성과 창의성을 갖춘 윤리적 리더
경기,가톨릭대,잠재능력우수자면접,,265,단계,"1단계(4배수) : 서류 100
2단계 : 1단계70 + 면접30",수능후,11.21.(금),11.29(토),서류,,없음,40,40,20,학업역량(40)+진로역량(40)+공동체역량(20),인성과 창의성을 갖춘 윤리적 리더
경기,가톨릭대,학교장추천(약학),약학,8,단계,"1단계(4배수) : 서류 100
2단계 : 1단계70 + 면접30",수능후,11.21.(금),11.29(토),서류,3합5,"약학 : 국,수,영,과탐(1) 중 3개 합 5",40,40,20,학업역량(40)+진로역량(40)+공동체역량(20),인성과 창의성을 갖춘 윤리적 리더
서울,가톨릭대,학교장추천(간호),,16,단계,"1단계(4배수) : 서류 100
2단계 : 1단계70 + 면접30",수능후,11.21.(금),11.29(토),서류,,없음,40,40,20,학업역량(40)+진로역량(40)+공동체역량(20),인성과 창의성을 갖춘 윤리적 리더
서울,가톨릭대,학교장추천(의예),의예,25,단계,"1단계(4배수) : 서류 100
2단계 : 1단계70 + 면접30  (의예1명추천)",수능후,11.21.(금),11.29(토),서류,3합4,"의예 : 국,수,영,과탐(2) 중 3개 합 4, 한4 /탐구 소수점 절사",40,40,20,학업역량(40)+진로역량(40)+공동체역량(20),인성과 창의성을 갖춘 윤리적 리더
경기,강남대,학교생활우수자1,,211,일괄,서류 100,,,,,,없음,45,30,25,학업역량(45)+진로역량(30)+인성역량(25),"자주적 인재, 포용적 인재, 실천적 인재"
경기,강남대,학교생활우수자2,,55,단계,"1단계(3배수) : 서류 100
2단계 : 1단계70 + 면접30",수능전,10.24.(금),11.01.(토)~02.(일),서류,,없음,30,25,45,학업역량(30)+진로역량(25)+인성역량(45),"자주적 인재, 포용적 인재, 실천적 인재"
강원,"강원대(강릉,원주)",미래인재서류전형,,444,일괄,서류 100,,,,,,없음,40,35,25,진로역량(40)+학업역량(35)+공동체역량(25),해람(解纜)인 - 역량과 인성을 갖추고 미래의 꿈을 향해 도전하는 인재
강원,"강원대(강릉,원주)",미래인재면접전형(치의예),치의예,12,단계,"1단계(5배수) : 학생부100 
2단계 : 1단계60+면접40",수능후,11.14.(금),11.28.(금),서류,3합6,"치의예과 : 국,수,영,과탐(1) 중 수학 포함 3개 합 6",40,35,25,진로역량(40)+학업역량(35)+공동체역량(25),해람(解纜)인 - 역량과 인성을 갖추고 미래의 꿈을 향해 도전하는 인재
강원,강원대(삼척),미래인재서류전형,,175,일괄,서류 100,,,,,,없음,40,30,30,학업역량(40)+진로역량(30)+공동체역량(30),실사구시형 창의협동인재
강원,강원대(삼척),미래인재면접전형,,43,단계,"1단계(4배수) : 서류 100
2단계 : 1단계60 + 면접40",수능후,11.14.(금),11.28.(금),서류,,없음,30,50,20,학업역량(30)+진로역량(50)+공동체역량(20),실사구시형 창의협동인재
강원,강원대(춘천),미래인재서류전형,,460,일괄,서류 100,,,,,,"없음/간호 : 국,수,영,탐(1) 중 3개 합 11",40,30,30,학업역량(40)+진로역량(30)+공동체역량(30),실사구시형 창의협동인재
강원,강원대(춘천),미래인재서류전형(수의예),수의예,5,일괄,서류 100,,,,,3합8,"수의예 : 국,수,영,과탐(1) 중 3개 합 8",40,30,30,학업역량(40)+진로역량(30)+공동체역량(30),실사구시형 창의협동인재
강원,강원대(춘천),미래인재면접전형,,347,단계,"1단계(4배수) : 서류 100
2단계 : 1단계60 + 면접40",수능후,11.14.(금),11.28.(금),서류,,없음,30,50,20,학업역량(30)+진로역량(50)+공동체역량(20),실사구시형 창의협동인재
강원,강원대(춘천),미래인재면접전형(약학),약학,9,단계,"1단계(4배수) : 서류 100
2단계 : 1단계60 + 면접40",수능후,11.14.(금),11.28.(금),서류,,없음,30,50,20,학업역량(30)+진로역량(50)+공동체역량(20),실사구시형 창의협동인재
강원,강원대(춘천),미래인재면접전형(의예),의예,5,단계,"1단계(4배수) : 서류 100
2단계 : 1단계60 + 면접40",수능후,11.14.(금),11.28.(금),서류,,없음,30,50,20,학업역량(30)+진로역량(50)+공동체역량(20),실사구시형 창의협동인재
서울,건국대,KU자기추천,수의예,838,단계,"1단계(3배수) : 서류 100
2단계 : 1단계70 + 면접30",수능후,11.14.(금),11.29.(토)~30.(일),서류,,없음,30,40,30,"* 일반학과 : 학업역량(30)+진로역량(40)+공동체역량(30)
* KU자유전공학부 : 학업(20)+성장역량(50)+공동체(30)","실천적 사회인, 창의적 전문인, 선도적 세계인"
충북,건국대(글로컬),Cogito자기추천,,475,단계,"1단계(3배수) : 서류 100
2단계 : 1단계70 + 면접30",수능후,11.13.(목),11.29.(토)~30.(일),서류,,없음,60,,40,학업적역량60+사회적역량40,"지성과 탐구로 새롭게 사고하며 열의를 가지고 시민사회를 구현해 나갈 실천적 주체(생각하는 실천인, Cogito 人)"
충북,건국대(글로컬),Cogito자기추천(의예),의예,4,단계,"1단계(5배수) : 서류 100(의예)
2단계 : 1단계70 + 면접30",수능후,11.13.(목),11.29.(토),서류,3합5,"의예과 : 국,수,영,과탐 중 3개 합 5, 한 4, 소수점 절사",60,,40,학업적역량60+사회적역량40,"지성과 탐구로 새롭게 사고하며 열의를 가지고 시민사회를 구현해 나갈 실천적 주체(생각하는 실천인, Cogito 人)"
충남,건양대,학생부종합,의예,207,일괄,서류 100,,,,,,없음,33.3,33.3,33.3,기초학업능력+인성+발전가능성+전공적합성,"창의형 리더, 나눔의 실천인, 글로컬 도전인"
"서울
경기",경기대,KGU학생부종합,,682,단계,"1단계(3배수) : 서류 100
2단계 : 1단계70 + 면접30",수능후,11.14.(금),"11.23.(일,예/유),29.(토,인문/창의/관광)~30.(일.사회/소프트/융합)",서류,,없음,30,50,20,학업성취수준(30)+계열적합성(30)+자기주도성(20)+공동체의식(20),새로운 비전과 가치를 창출하여 미래사회를 선도하는 인재
대구,경북대,일반학생,,899,일괄,서류 100,,,,,2합6~7,"2개합6~7이내                                                                   IT대학 : 국,영,탐중 상위 1개+수학 등급 합 6이내
경상대학, 간호대학, 사범대학, 행정학부, 자율전공학부 : 국,수,영,탐 중 상위 2개 합 6이내
공과대학, 첨단기술융합대학,공학 첨단자율학부 : 국,영,탐 중 상위 1개 + 수학 등급 합 7이내                                               인문대학, 사회과학대학, 자연과학대학, 농업생명과학대학, 생활과학대학 : 국,수,영,탐 중 상위 2개 등급합 7이내",30,50,20,학업역량(30)+진로역량(50)+공동체역량(20),"첨성대를 세운 신라인의 진리탐구, 긍지추구, 봉사실천의
정신을 바탕으로 미래를 개척하고 세계를 주도하는 창의적 인재 첨성인"
대구,경북대,일반학생(수의예),수의예,10,일괄,"서류 100(의예,치의예,수의예)",,,,,3합5,"수의예 : 국,수,영 상위2개+탐구(2)합 5이내/탐구소수점절사/필수반영",45,40,15,"의예,치의예,수의예 : 학업역량(45)+진로역량(40)+공동체역량(15) (약학은 해당전형에 없음.)","첨성대를 세운 신라인의 진리탐구, 긍지추구, 봉사실천의
정신을 바탕으로 미래를 개척하고 세계를 주도하는 창의적 인재 첨성인"
대구,경북대,일반학생(의예),의예,25,일괄,서류 100,,,,,3합4,"의예 : 국,수,영 상위2개+탐구(2)합 4이내/탐구(2)평균 반올림,탐구필수반영",45,40,15,"의예,치의예,수의예 : 학업역량(45)+진로역량(40)+공동체역량(15) (약학은 해당전형에 없음.)","첨성대를 세운 신라인의 진리탐구, 긍지추구, 봉사실천의
정신을 바탕으로 미래를 개척하고 세계를 주도하는 창의적 인재 첨성인"
대구,경북대,일반학생(치의예),치의예,9,일괄,"서류 100(의예,치의예,수의예)",,,,,3합4,"치의예 : 국,수,영 상위2개+탐구(2)합 4이내/탐구소수점절사/필수반영",45,40,15,"의예,치의예,수의예 : 학업역량(45)+진로역량(40)+공동체역량(15) (약학은 해당전형에 없음.)","첨성대를 세운 신라인의 진리탐구, 긍지추구, 봉사실천의
정신을 바탕으로 미래를 개척하고 세계를 주도하는 창의적 인재 첨성인"
경남,경상국립대,일반(면접미시행),,722,일괄,"서류100, * 사회대,사범대,간호대외",,,,,,없음,50,40,10,전공적합성(50)+전공연계 진로역량(20)+발전가능성(20)+인성(10),미래사회를 선도하는 혁신과 상생의 개척인
경남,경상국립대,일반(면접시행-일반),,722,단계,"1단계(3배수) : 서류 100-사회대,사범대,수의대,간호대
2단계 : 1단계80+면접20",수능후,11.14.(금),11.20.(목),서류,,없음,50,40,10,전공적합성(50)+전공연계 진로역량(20)+발전가능성(20)+인성(10),미래사회를 선도하는 혁신과 상생의 개척인
경남,경상국립대,"일반(면접시행-일반,수의예)",수의예,5,단계,"1단계(3배수) : 서류 100
2단계 : 1단계80+면접20",수능후,11.14.(금),11.20.(목),서류,3합7,"수의예 : 국,수,영,과탐(2) 중 수 포함 3개 합 7 / 소수점 절사",50,40,10,전공적합성(50)+전공연계 진로역량(20)+발전가능성(20)+인성(10),미래사회를 선도하는 혁신과 상생의 개척인
경남,경상국립대,일반(면접시행-수의예),수의예,5,단계,"1단계(3배수) : 서류 100
2단계 : 1단계80+면접20",수능후,11.14.(금),11.20.(목),서류,3합6,"수의예 : 국,수(미/기),영,과탐(2) 중 수 포함 3개 합 6, 탐구 소수점 절사",50,40,10,전공적합성(50)+전공연계 진로역량(20)+발전가능성(20)+인성(10),미래사회를 선도하는 혁신과 상생의 개척인
경남,경상국립대,일반(면접시행-약학),약학,3,단계,"1단계(5배수) : 서류 100-의,약대
2단계 : 1단계80+면접20",수능후,11.14.(금),11.20.(목),서류,3합6,"약학과 : 국,수(미/기),영,과탐(2) 중 수 포함 3개 합 6, 탐구 소수점 절사",50,40,10,전공적합성(50)+전공연계 진로역량(20)+발전가능성(20)+인성(10),미래사회를 선도하는 혁신과 상생의 개척인
경남,경상국립대,일반(면접시행-의예),의예,2,단계,"1단계(5배수) : 서류 100-의,약대
2단계 : 1단계80+면접20",수능후,11.14.(금),11.20.(목),서류,3합6,"의예 : 국,수(미/기),영,과탐(2) 중 수 포함 3개 합 6, 탐구 소수점 절사",50,40,10,전공적합성(50)+전공연계 진로역량(20)+발전가능성(20)+인성(10),미래사회를 선도하는 혁신과 상생의 개척인
부산,경성대,학교생활우수자,,298,일괄,서류 100,,,,,,없음,33.3,33.3,33.3,학업역량 및 진로(전공)역량+공동체역량,자기주도적으로 디지털 사회와 소통하는 창의·융합형 글로벌 인재
경북,경운대,창의인재,,65,일괄,서류 100,,,,,,없음,25,25,50,학업역량(150)+전공관심도(150)+창체활동(150)+인성(150),"생각하는 실용인, 함께하는 실천인"
인천,경인교대,교직적성,교대,225,일괄,서류 100,,,없음.(면접평가 동영상 제출-9.22~9.24),,,없음,25,40,35,학업역량(25)+교직적합성(25)+리더십 및 자기주도성(15)+나눔과 배려(25)+공감 및 소통능력(10),"창의적 교육리더, 인격적 교육리더, 글로컬 교육리더"
경북,경일대,학생부종합,,97,일괄,서류 100,,,,,,없음,33.3,33.3,33.3,학업역량  진로역량  공동체역량,"누구나 믿을 수 있는(信), 언제 어디서나 새로움을 추구하는(新), 무엇이든 도전하는(伸) 인재"
서울,경희대,네오르네상스(약학),약학,9,단계,"1단계(4배수) : 서류 100
2단계 : 1단계70 + 면접30(서울)",수능후,11.19.(수),11.29(토)~30.(일),서류,3합4,"국,수,영,탐(2) 중 3개 합 4, 한5",40,40,20,학업역량(40)+진로역량(40)+공동체역량(20),"다양한 공동체 안에서 삶을 완성해 나가는 책임 있는 교양인(문화인), 지구적 차원에서 타인과 함께 평화를 추구하는 세계시민(세계인), 학문 간 경계를 가로지르며 융복합 분야를 개척하는 전문인(창조인)"
서울,경희대,네오르네상스(의예),의예,25,단계,"1단계(4배수) : 서류 100
2단계 : 1단계70 + 면접30(서울)",수능후,11.19.(수),11.29(토)~30.(일),서류,3합4,"국,수,영,탐(2) 중 3개 합 4, 한5",40,40,20,학업역량(40)+진로역량(40)+공동체역량(20),"다양한 공동체 안에서 삶을 완성해 나가는 책임 있는 교양인(문화인), 지구적 차원에서 타인과 함께 평화를 추구하는 세계시민(세계인), 학문 간 경계를 가로지르며 융복합 분야를 개척하는 전문인(창조인)"
서울,경희대,네오르네상스(치의예),치의예,19,단계,"1단계(3배수) : 서류 100
2단계 : 1단계70 + 면접30(서울)",수능후,11.19.(수),11.29(토)~30.(일),서류,3합4,"국,수,영,탐(2) 중 3개 합 4, 한5",40,40,20,학업역량(40)+진로역량(40)+공동체역량(20),"다양한 공동체 안에서 삶을 완성해 나가는 책임 있는 교양인(문화인), 지구적 차원에서 타인과 함께 평화를 추구하는 세계시민(세계인), 학문 간 경계를 가로지르며 융복합 분야를 개척하는 전문인(창조인)"
서울,경희대,네오르네상스(한의예),한의예,19,단계,"1단계(3배수) : 서류 100
2단계 : 1단계70 + 면접30(서울)/자연",수능후,11.19.(수),11.29(토)~30.(일),서류,3합4,"국,수,영,탐(2) 중 3개 합 4, 한5",40,40,20,학업역량(40)+진로역량(40)+공동체역량(20),"다양한 공동체 안에서 삶을 완성해 나가는 책임 있는 교양인(문화인), 지구적 차원에서 타인과 함께 평화를 추구하는 세계시민(세계인), 학문 간 경계를 가로지르며 융복합 분야를 개척하는 전문인(창조인)"
"서울
경기",경희대,네오르네상스,,996,단계,"1단계(3배수) : 서류 100
2단계 : 1단계70 + 면접30(서울/국제)",수능후,11.19.(수),11.29(토)~30.(일),서류,,없음,40,40,20,"* 일반학과 : 학업역량(40)+진로역량(40)+공동체역량(20)
* 자율전공학부 : 학업역량(40)+자기주도역량(40)+공동체역량(20)","다양한 공동체 안에서 삶을 완성해 나가는 책임 있는 교양인(문화인), 지구적 차원에서 타인과 함께 평화를 추구하는 세계시민(세계인), 학문 간 경계를 가로지르며 융복합 분야를 개척하는 전문인(창조인)"
대구,계명대,일반,,866,일괄,서류 100,,,,,,없음,35,40,25,학업역량(35)+진로역량(40)+공동체역량(25),Creative Global Citizen
대구,계명대,일반-의예,의예,8,단계,1단계(7배수) : 서류 100 / 2단계 : 1단계80 + 면접20 (의예),수능후,11.08.(토),12.12.(금),서류,3합4,"의예과 : 국,수(미/기),영,과탐(1) 중 수포함/3개 합 4. 수학 미/기, 과탐 2개 필수 응시",35,40,25,학업역량(35)+진로역량(40)+공동체역량(25),Creative Global Citizen
서울,고려대,학업우수,,800,일괄,서류 100,,,,,4합8,"인문/자연 : 국,수,영,탐(1)  4개 합 8, 한4",50,30,20,학업역량(50%)+자기계발역량(30%)+공동체역량(20%),"공유가치를 만드는 공감형 인재, 기본에 충실한 창의융합형 인재, 세계와 소통하는 도전형 인재"
서울,고려대,학업우수(의과),의예,28,일괄,서류 100,,,,,4합5,"의대 : 국,수,영,과(1) 4개 합 5, 한4",50,30,20,학업역량(50%)+자기계발역량(30%)+공동체역량(20%),"공유가치를 만드는 공감형 인재, 기본에 충실한 창의융합형 인재, 세계와 소통하는 도전형 인재"
서울,고려대,사이버국방,,10,단계,"1단계(5배수) : 서류 100
2단계 : 1단계 60+면접20+기타20",수능전,10.17.(금),10.25.(토),기타,4합7,"국,수,영,과(1) 4개 합 7, 한4",50,30,20,학업역량(50%)+자기계발역량(30%)+공동체역량(20%),"공유가치를 만드는 공감형 인재, 기본에 충실한 창의융합형 인재, 세계와 소통하는 도전형 인재"
서울,고려대,계열적합형,의예,15,단계,"1단계(5배수) : 서류 100
2단계 : 1단계 60 +  면접40",수능전,10.24.(금),"11.02.(일,자연)",제시문,,없음,40,40,20,학업역량(40%)+자기계발역량(40%)+공동체역량(20%),"공유가치를 만드는 공감형 인재, 기본에 충실한 창의융합형 인재, 세계와 소통하는 도전형 인재"
서울,고려대,계열적합형,,513,단계,"1단계(5배수) : 서류 100
2단계 : 1단계 60 +  면접40",수능전,10.24.(금),"11.01.(토,인문)~02.(일,자연)",제시문,,없음,40,40,20,학업역량(40%)+자기계발역량(40%)+공동체역량(20%),"공유가치를 만드는 공감형 인재, 기본에 충실한 창의융합형 인재, 세계와 소통하는 도전형 인재"
세종,고려대(세종),크림슨인재,,442,일괄,서류 100,,,,,,없음,33.3,33.3,33.3,학업역량  진로역량  공동체역량,"공유가치를 만드는 공감형 인재, 기본에 충실한 창의융합형 인재, 세계와 소통하는 도전형 인재"
세종,고려대(세종),크림슨인재(약학),약학,4,일괄,서류 100,,,,,,"약학 : 국,수(미/기),영,과탐(2) 중 3개 합 5",33.3,33.3,33.3,학업역량  진로역량  공동체역량,"공유가치를 만드는 공감형 인재, 기본에 충실한 창의융합형 인재, 세계와 소통하는 도전형 인재"
부산,고신대,고신희망,,113,일괄,서류 100,,,,,,없음,40,30,30,학업역량(40)+인성 및 공동체역량(30)+진로역량(30),"참된 신앙인성인, 창의적 전문인, 섬김의 봉사인, 진정한 세계인"
부산,고신대,자기추천,,37,일괄,학생부80 + 면접20,수능전,,10.25.(토)/10.31.(금)~11.01.(토),,,없음,30,40,30,인성 및 공동체역량(30)+진로역량(40)+학업역량(30),"참된 신앙인성인, 창의적 전문인, 섬김의 봉사인, 진정한 세계인"
부산,고신대,자기추천(의예),의예,2,일괄,학생부80 + 면접20,수능후,,11.15.(토-의예),,3합5,"의예 : 국,수(미/기),영,과탐(1) 중 수포함 3개 합 5 (확통 선택시 3개 합 4)",30,40,30,인성 및 공동체역량(30)+진로역량(40)+학업역량(30),"참된 신앙인성인, 창의적 전문인, 섬김의 봉사인, 진정한 세계인"
충남,공주교대,교직적성인재,교대,53,일괄,서류 100,,,,,,없음,36,32,32,지적역량(36)+교직역량(32)+인성역량(32),"창조, 협동, 지성"
서울,광운대,광운참빛인재Ⅰ-면접형,,262,단계,"1단계(3.5배수) : 서류 100
2단계 : 1단계60 + 면접40",수능전,10.29.(수),11.01.(토)~02.(일),서류,,없음,25,50,25,학업역량(25)+진로역량(50)+인성(25),미래를 열어가는 참빛인재
서울,광운대,광운참빛인재Ⅱ-서류형,,225,일괄,서류 100,,,,,,없음,35,45,20,학업역량(35)+진로역량(45)+인성(20),미래를 열어가는 참빛인재
서울,광운대,소프트웨어우수인재,,82,단계,"1단계(3.5배수) : 서류 100
2단계 : 1단계60 + 면접40",수능전,10.29.(수),11.01.(토)~02.(일),서류,,없음,25,50,25,학업역량(25)+진로역량(50)+인성(25),미래를 열어가는 참빛인재
광주,광주교대,교직적성우수자Ⅱ,교대,30,일괄,학생부70+면접(비대면)30,일괄(비대면면접),없음(비대면면접있음.),11.26.(수)~27.(목),서류,,없음,50,30,20,학업역량(50)+교직적합성(30)+교직인성(20),"민주시민의 교양을 갖춘 윤리적 문화인, 전문성과 사명감을 갖춘 탐구적 교육인, 다문화 국제 역량을 갖춘 보편적 세계인"
경북,국립경국대,바른인재,,263,일괄,서류 100,,,,,,없음,40,40,20,학엽역량(40)+전공적합성(40)+공동체역량(20),"올바른 품성으로 스스로 해결하는 인재, 넓고 깊은 배움으로 자신감을 갖는 인재, 하나를 보며 다음을 그려내는 인재, 여러 가치와 함께 어울리는 인재"
경북,국립경국대,바른인재(간호),,13,일괄,"1단계(4배수) : 서류 100
2단계 : 1단계70+면접30",,,,,,없음,40,40,20,학엽역량(40)+전공적합성(40)+공동체역량(20),"올바른 품성으로 스스로 해결하는 인재, 넓고 깊은 배움으로 자신감을 갖는 인재, 하나를 보며 다음을 그려내는 인재, 여러 가치와 함께 어울리는 인재"
충남,국립공주대,일반,,861,일괄,"서류 100
단, 사범대, 예술대는
1단계(4배수) : 서류 100
2단계 : 1단계70 + 면접30",,,,,,없음,33.3,33.3,33.3,진로역량  탐구역량  공동체역량,"진리탐구, 가치창조, 정의실천"
경북,국립금오공과대,KIT인재,,257,일괄,서류 100,,,,,,없음,20,60,20,학업역량(20)+진로역량(60)+공동체역량(20),Global ICON(세계를 대표하는 인재)
부산,국립부경대,학교생활우수인재,,392,일괄,서류 100,,,,,,없음,40,40,20,학업역량(40)+전공적합성(40)+인성(10)+발전가능성(10),역사를 성찰하고 사람을 공경하며 미래에 도전하고 가치를 창출하는 융복합창의 인재
전남,국립순천대,일반학생(면접실시),,267,단계,"1단계(5배수) : 서류 100
2단계 : 1단계70 + 면접30",수능후,10.31.(금),11.19.(수),서류,,없음,35,30,35,학업역량(35)+진로역량(30)+공동체역량(35),"생각을 실제로 구현하는 전문인, 생생한 꿈을 키워가는 도전인, 지성과 감성이 조화된 지성인, 신뢰감 있고 성실한 모범인, 지역사회와 상생하는 소통인"
전남,국립순천대,일반학생(면접실시/약학),약학,1,단계,"1단계(5배수) : 서류 100
2단계 : 1단계70 + 면접30",수능후,10.31.(금),11.19.(수),서류,3합7,"약학 : 수(미/기)와 과탐(2) 필수+국/영 중 1개,  3개 합 7/소수점 절사",35,30,35,학업역량(35)+진로역량(30)+공동체역량(35),"생각을 실제로 구현하는 전문인, 생생한 꿈을 키워가는 도전인, 지성과 감성이 조화된 지성인, 신뢰감 있고 성실한 모범인, 지역사회와 상생하는 소통인"
전남,국립순천대,일반학생(면접미실시),,46,일괄,"서류 100(자유전공,식품영양,융합바이오기계)",,,,,,없음,35,30,35,학업역량(35)+진로역량(30)+공동체역량(35),"생각을 실제로 구현하는 전문인, 생생한 꿈을 키워가는 도전인, 지성과 감성이 조화된 지성인, 신뢰감 있고 성실한 모범인, 지역사회와 상생하는 소통인"
경남,국립창원대,계열적합인재,,173,단계,"1단계(4배수) : 서류 100
2단계 : 1단계60+면접40
* 일문학,법학,국제관계학,중국학,국제무역학,컴공학과는 3배수 선발",수능후,11.07.(금),11.18.(화),서류,,없음,30,50,20,학업역량(30)+진로역량(50)+공동체역량(20),"주체적 창조인, 실용적 전문인, 소통적 감성인"
충북,국립한국교통대,학생부종합Ⅰ,,21,단계,"1단계(7배수) : 서류 100(항공서비스)
2단계 : 1단계60 + 면접40",수능후,11.10.(월),11.19.(수)~21.(금),서류,,없음,60,,40,"학업적 역량,  사회적 역량","창의형 인재, 혁신형 인재, 실천형 인재"
충북,국립한국교통대,학생부종합Ⅱ,,563,일괄,서류 100,,,,,,없음,60,,40,"학업적 역량,  사회적 역량","창의형 인재, 혁신형 인재, 실천형 인재"
대전,국립한밭대,학석사,,119,일괄,서류 100,,,,,,없음,18,42,40,학업역량(90)+진로역량(210)+공동체역량(200),"기본이 강한 글로컬 리더(도덕적 사회인, 창의적 지식인, 도전적 세계인)"
대전,국립한밭대,일반,,245,일괄,서류 100,,,,,,없음,30,30,40,학업역량(150)+진로역량(150)+공동체역량(200),"기본이 강한 글로컬 리더(도덕적 사회인, 창의적 지식인, 도전적 세계인)"
서울,국민대,국민프런티어,,696,단계,"1단계(3배수) : 서류 100
2단계 : 1단계70 + 면접30",수능후,11.18.(화),"11.22.(토,자연)~23.(일,인문)",서류,,없음,45,45,10,학업능력(15)+자기주도성(30)+발전가능성(20)+전공잠재력(25)+공동체의식 및 협동능력(10),도전하는 국민인(세상을 바꾸는 공동체적 실용융합인재)
전북,군산대,일반학생,,378,일괄,서류 100,,,,,,없음,0,70,30,전공적합성(35)+잠재능력(35)+인성(30),"국가와 인류사회 발전에 필요한 학술의 심오한 이론과 그 광범하고 정치한 응용방법을 교수, 연구하는 동시에 인격을 도야하고 건전한 사상을 함양하여 민주사회에 이바지할 지도적 인재"
충남,나사렛대,창의융합인재,,139,단계,"1단계(4배수) : 서류 100
2단계 : 1단계60 + 면접40",수능전,10.21.(화),10.25.(토),서류,,없음,0,70,30,전공적합성(30)+자기계발의지(40)+인성(30),"나눔인재(새롭게 사고하고 실천하자, 하나님을 경외하고 전파하자, 이웃을 존경하고 사랑하자)"
충남,남서울대,서류형,,103,일괄,서류 100,,,,,,없음,0,40,60,전공적합성(40)+인성(30)+리더십(30),"나눔인재(새롭게 사고하고 실천하자, 하나님을 경외하고 전파하자, 이웃을 존경하고 사랑하자)"
충남,남서울대,면접형,,54,단계,"1단계(6배수) : 학생부
2단계 : 1단계70 + 면접30",수능전,10.23.(목),11.01.(토),서류,,없음,0,40,60,전공적합성(40)+인성(30)+리더십(30),"나눔인재(새롭게 사고하고 실천하자, 하나님을 경외하고 전파하자, 이웃을 존경하고 사랑하자)"
경기,단국대,DKU인재 서류형,,225,일괄,서류 100,,,,,,없음,45,35,20,학업역량(45)+진로역량(35)+공동체역량(20),"능동적 인재, 혁신적인재, 헌신적 인재"
경기,단국대,DKU인재 면접형,,199,단계,"1단계(3배수) : 서류 100
2단계 : 1단계70 + 면접30",수능후,11.18.(화),"11.29.(토,인문)~30.(일,자연)",서류,,없음,35,45,20,학업역량(35)+진로역량(45)+공동체역량(20),"능동적 인재, 혁신적인재, 헌신적 인재"
경기,단국대,학생부종합(SW인재),,34,단계,"1단계(3배수) : 서류 100
2단계 : 1단계70 + 면접30",수능후,11.18.(화),"11.30.(일,자연)",서류,,없음,35,45,20,학업역량(35)+진로역량(45)+공동체역량(20),"능동적 인재, 혁신적인재, 헌신적 인재"
충남,단국대(천안),DKU인재(서류형),,418,일괄,서류 100,,,,,,없음,45,35,20,학업역량(45)+진로역량(35)+공동체역량(20),"능동적 인재, 혁신적인재, 헌신적 인재"
충남,단국대(천안),DKU인재(면접형),,15,단계,"1단계(3배수) : 서류 100(문예창작)
2단계 : 1단계70 + 면접30",수능후,11.18.(화),11.29.(토),서류,,없음,35,45,20,학업역량(35)+진로역량(45)+공동체역량(20),"능동적 인재, 혁신적인재, 헌신적 인재"
충남,단국대(천안),"DKU인재(면접형,약학)",약학,5,단계,"1단계(5배수) : 서류 100
2단계 : 1단계70 + 면접30",수능후,11.18.(화),11.29.(토),서류,3합6,"약학 : 국,수(미/기),영,과(2) 중 수포함 3개 합 6",35,45,20,학업역량(35)+진로역량(45)+공동체역량(20),"능동적 인재, 혁신적인재, 헌신적 인재"
충남,단국대(천안),"DKU인재(면접형,의예)",의예,12,단계,"1단계(3배수) : 서류 100
2단계 : 1단계70 + 면접30",수능후,11.18.(화),11.29.(토),서류,3합5,"의예,치의예 : 국,수(미/기),영,과(2) 중 수포함 3개 합 5",35,45,20,학업역량(35)+진로역량(45)+공동체역량(20),"능동적 인재, 혁신적인재, 헌신적 인재"
충남,단국대(천안),"DKU인재(면접형,치의예)",치의예,8,단계,"1단계(5배수) : 서류 100
2단계 : 1단계70 + 면접30",수능후,11.18.(화),11.29.(토),서류,3합5,"의예,치의예 : 국,수(미/기),영,과(2) 중 수포함 3개 합 5",35,45,20,학업역량(35)+진로역량(45)+공동체역량(20),"능동적 인재, 혁신적인재, 헌신적 인재"
충남,단국대(천안),DKU인재(면접형-해병대),,30,일괄,"학생부 80+면접10+체력10/
해병대 군사(남26,여4)",일괄(수능후),없음(면접있음.),11.29.(토),서류,,없음,35,45,20,학업역량(35)+진로역량(45)+공동체역량(20),"능동적 인재, 혁신적인재, 헌신적 인재"
경북,대구가톨릭대,종합,,355,일괄,"서류 100
단, 글로벌항공서비스학과는
1단계(5배수) : 서류 100
2단계 : 1단계80+면접20",,,,,,없음,40,30,30,학업역량(40)+진로역량(30)+공동체역량(30),"인성, 창의성, 공동체성, 전문성을 겸비한 참인재"
경북,대구가톨릭대,종합(간호),,11,일괄,서류 100,,,,,2합8,"간호 : 국,수,영,탐(1) 중 2개 합 8",40,30,30,학업역량(40)+진로역량(30)+공동체역량(30),"인성, 창의성, 공동체성, 전문성을 겸비한 참인재"
대구,대구교대,참스승,교대,50,단계,"1단계(5배수) : 서류 100
2단계 : 1단계70+면접30",수능후,11.14.(금),11.21.(금),서류,,없음,33.3,33.3,33.3,개인•사회적 역량+창의적 지식활용 역량+교직 소양+교직 수행 역량,"헌신, 유능, 실천, 창의"
경북,대구대,서류,,737,일괄,서류 100,,,,,,없음,30,30,40,학업역량(30)+진로역량(30)+공동체역량(40),소통과 헌신의 DU-HEART형 인재
경북,대구한의대,일반,,51,일괄,서류 100,,,,,,없음,30,40,30,학업역량(30)+전공역량(40)+공동체역량(30),건강하고 창의적인 실천지성
경북,대구한의대,일반(간호),,12,일괄,서류 100,,,,,2합8,"간호: 국,수,영,탐(1) 중 2개 합 8",30,40,30,학업역량(30)+전공역량(40)+공동체역량(30),건강하고 창의적인 실천지성
경북,대구한의대,일반(한의예),한의예,15,일괄,"서류 100(인문5,자연10)",,,,,3합4~5,"한의예(자연): 국,수(미/기),영.,과(1) 중 3개 합 5
한의예(인문): 국,수(확통),영,사(1) 중 3개 합 4",30,40,30,학업역량(30)+전공역량(40)+공동체역량(30),건강하고 창의적인 실천지성
대전,대전대,혜화인재,,38,단계,"1단계(5배수) : 서류 100
2단계 : 1단계70 + 면접30",수능전,11.03.(월),11.08.(토)~09.(일),서류,,없음,26,50,24,학업역량(26)+전공적합성(26)+발전가능성(24)+인성(24),3S 특성을 갖춘 교양 있는 창의적 전문인
대전,대전대,혜화인재(한의예),한의예,6,단계,"1단계(5배수) : 서류 100
2단계 : 1단계70 + 면접30",수능전,11.03.(월),11.08.(토)~09.(일),서류,3합6,"한의예 : 국,수,영,탐 중 3개 합 6(단, 국,영,수 각 4이내)",26,50,24,학업역량(26)+전공적합성(26)+발전가능성(24)+인성(24),3S 특성을 갖춘 교양 있는 창의적 전문인
경기,대진대,윈윈대진,,295,단계,"1단계(3배수) : 서류 100
2단계 : 1단계70 + 면접30",수능전,10.28.(화),11.01.(토)~02.(일),서류,,없음,40,30,30,기초학습능력(40)+성장잠재력(30)+인성(30),"상생하는 교양인, 창의적인 전문인, 도전하는 미래인"
서울,덕성여대,덕성인재Ⅰ(서류형),,111,일괄,서류 100,,,,,,없음,45,30,25,학업역량(45)+발전역량(30)+덕성역량(25),"창의적인 지식인, 협력하는 전문인, 실천하는 시민"
서울,덕성여대,덕성인재Ⅱ(면접형),,189,단계,"1단계(3~4배수) : 서류 100
2단계 : 1단계60 + 면접40",수능후,11.07.(금),11.15.(토)~16.(일),서류,,없음,45,30,25,학업역량(45)+발전역량(30)+덕성역량(25),"창의적인 지식인, 협력하는 전문인, 실천하는 시민"
서울,덕성여대,"덕성인재Ⅱ(면접형,약학)",약학,25,단계,"1단계(3배수) : 서류 100
2단계 : 1단계60 + 면접40",수능후,11.07.(금),11.15.(토)~16.(일),서류,,없음,45,30,25,학업역량(45)+발전역량(30)+덕성역량(25),"창의적인 지식인, 협력하는 전문인, 실천하는 시민"
경기,동국대,Do Dream(약학),약학,11,단계,"1단계(4배수) : 서류 100
2단계 : 1단계70 + 면접30",수능후,11.11.(화),12.05.(금)~06.(토),서류,,없음,30,50,20,학업역량(30)+전공적합성(50)+인성 및 사회성(20),화쟁형인재 : 창의 융합적 사고로 문제를 해결하고 깨달음을 실천하여 인류사회에 공헌하는 인재
"서울
경기",동국대,Do Dream,,589,단계,"1단계(4배수) : 서류 100
2단계 : 1단계70 + 면접30",수능후,11.11.(화),12.05.(금)~06.(토),서류,,없음,30,50,20,학업역량(30)+전공적합성(50)+인성 및 사회성(20),화쟁형인재 : 창의 융합적 사고로 문제를 해결하고 깨달음을 실천하여 인류사회에 공헌하는 인재
경북,동국대(WISE),참사람,,154,일괄,서류 100,,,,,,없음,30,50,20,학업역량(30)+성장가능성(20)+전공적합성(30)+인성 및 사회성(20),화쟁형인재 : 창의 융합적 사고로 문제를 해결하고 깨달음을 실천하여 인류사회에 공헌하는 인재
경북,동국대(WISE),참사람(간호),,15,단계,"1단계(5배수) : 서류 100
2단계 : 1단계70+면접30",수능후,11.28.(금),12.06.(토),서류,2합6,"간호 :  국,수,영,탐(1) 중 2개 합 6",30,50,20,학업역량(30)+성장가능성(20)+전공적합성(30)+인성 및 사회성(20),화쟁형인재 : 창의 융합적 사고로 문제를 해결하고 깨달음을 실천하여 인류사회에 공헌하는 인재
경북,동국대(WISE),참사람(의예),의예,3,단계,"1단계(5배수) : 서류 100
2단계 : 1단계70+면접30",수능후,11.28.(금),12.06.(토),서류,3합4,"의예 : 국,수(미/기),영,과탐(1) 중 3개 합 4",30,50,20,학업역량(30)+성장가능성(20)+전공적합성(30)+인성 및 사회성(20),화쟁형인재 : 창의 융합적 사고로 문제를 해결하고 깨달음을 실천하여 인류사회에 공헌하는 인재
경북,동국대(WISE),참사람(한의예),한의예,7,단계,"1단계(5배수) : 서류 100
2단계 : 1단계70+면접30",수능후,11.28.(금),12.06.(토),서류,3합5,"한의예 : 국,수(미/기),영,과탐(1) 중 3개 합 5",30,50,20,학업역량(30)+성장가능성(20)+전공적합성(30)+인성 및 사회성(20),화쟁형인재 : 창의 융합적 사고로 문제를 해결하고 깨달음을 실천하여 인류사회에 공헌하는 인재
서울,동덕여대,동덕창의리더,약학,8,단계,"1단계(3배수) : 서류 100
2단계 : 1단계40 + 면접60",수능전,10.28.(화),11.01.(토)~02.(일),서류,3합6,"약학 : 국,수(미/기),과탐(1)  3개 합 6",35,40,25,학업역량(35)+진로역량(40)+공동체역량(25),"ARETE형 인재 : 우리 대학의 교육이념을 내포하고 있는 그리스어로, '德'과 '탁월성'의 개념을 모두 포함하는 의미
첫 번째 의미 : '보편적 德'이며, 이는 동덕여자대학교 학생이라면 누구나 보편적으로 가져야 할 역량인 '핵심역량' / '핵심역량'은 '자기개발역량', '사회참여역량', '창의융합역량', '예술감성역량', '의사소통역량', '대인관계역량', '정보기술역량', '문제해결역량'의 8개의 역량(24개 하위요인)으로 구성되어 있으며, 교양교육과정과 비교과교육과정(본부제공)은 이 핵심역량에 기반
두 번째 의미 : 특수한 영역에서 능력을 발휘하는 '탁월성'이며, 각 전공영역에서 전문가로 성장하기 위해 필요한 역량인 '전공역량'/'전공역량'은 각 전공별로 구성된 700여개의 세부역량으로 구성되어 있으며, 전공교육과정과 비교과교육과정(전공제공)은 이 전공역량에 기반"
서울,동덕여대,동덕창의리더,,242,단계,"1단계(3배수) : 서류 100
2단계 : 1단계40 + 면접60",수능전,10.28.(화),11.01.(토)~02.(일),서류,,없음,35,40,25,학업역량(35)+진로역량(40)+공동체역량(25),"ARETE형 인재 : 우리 대학의 교육이념을 내포하고 있는 그리스어로, '德'과 '탁월성'의 개념을 모두 포함하는 의미
첫 번째 의미 : '보편적 德'이며, 이는 동덕여자대학교 학생이라면 누구나 보편적으로 가져야 할 역량인 '핵심역량' / '핵심역량'은 '자기개발역량', '사회참여역량', '창의융합역량', '예술감성역량', '의사소통역량', '대인관계역량', '정보기술역량', '문제해결역량'의 8개의 역량(24개 하위요인)으로 구성되어 있으며, 교양교육과정과 비교과교육과정(본부제공)은 이 핵심역량에 기반
두 번째 의미 : 특수한 영역에서 능력을 발휘하는 '탁월성'이며, 각 전공영역에서 전문가로 성장하기 위해 필요한 역량인 '전공역량'/'전공역량'은 각 전공별로 구성된 700여개의 세부역량으로 구성되어 있으며, 전공교육과정과 비교과교육과정(전공제공)은 이 전공역량에 기반"
부산,동명대,창의인재,,169,일괄,서류 100,,,,,,없음,33.3,33.3,33.3,학업역량  진로역량  공동체역량,"지성인, 전문인, 평생학습인, 국제인, 봉사인"
부산,동서대,학생부종합,,150,일괄,서류 100,,,,,,없음,30,50,20,학업역량(30)+진로역량(50)+인성 및 공동체역량(20),The Only One 가치를 구현하는 글로벌 창의인재
부산,동아대,잠재능력우수자,,593,단계,"1단계(4배수) : 학생부100
2단계 : 1단계60+면접40",수능후,11.14.(금),11.21.(금)~22.(토),서류,,없음,35,45,20,학업역량(35)+진로역량(45)+공동체역량(20),도전하고 소통하는 창의 인재
부산,동아대,학교생활우수자,,790,일괄,서류 100,,,,,,없음,45,35,20,학업역량(45)+진로역량(35)+공동체역량(20),도전하고 소통하는 창의 인재
부산,동의대,학교생활우수자(면접),한의예,429,단계,"1단계(6배수) : 학생부100
2단계 : 1단계70+면접30",수능후,11.14.(금),11.22.(토)~23.(일),서류,,없음,40,40,20,학업역량(40)+전공적합성(40)+공동체역량(20),더불어 숲을 이루는 콜라보 인재
"서울
경기",명지대,명지인재면접,,369,단계,"1단계(4배수) : 서류 100
2단계 : 1단계70 + 면접30",수능후,11.14.(금),"11.22.(토,인문)~23.(일,자연)",서류,,없음,20,50,30,학업역량(20)+진로역량(50)+공동체역량(30),"참신앙을 바탕으로 배움을 실천하여 세상을 밝히는 명(明)형 인재, 참지식을 깨달아 스스로 성장하는 지(知)형 인재, 세계와 소통하며 기독교의 세계와 소통하며 기독교의 참사랑을 베푸는 인(人)형 인재"
"서울
경기",명지대,명지인재서류,,373,일괄,서류 100,,,,,,없음,30,50,20,학업역량(30)+진로역량(50)+공동체역량(20),"참신앙을 바탕으로 배움을 실천하여 세상을 밝히는 명(明)형 인재, 참지식을 깨달아 스스로 성장하는 지(知)형 인재, 세계와 소통하며 기독교의 세계와 소통하며 기독교의 참사랑을 베푸는 인(人)형 인재"
대전,목원대,학생부종합,,19,일괄,서류 100,,,,,,없음,80,10,10,기초역량(80)+계열적합성(10)+인성(10),IMAGE+ 혁신인재
전남,목포대,종합일반,,275,일괄,서류 100,,,,,,없음,30,50,20,학업역량(30)+발전가능성(30)+계열(전공)적합성(20)+인성(20),"창의융합형 인재, 실무협업형 인재, 성실공감형 인재"
대전,배재대,서류100,,78,일괄,서류 100,,,,,,없음,40,40,20,학업역량(40)+전공/계열 탐구역량(40)+공동체역량(20),청년 아펜젤러
충남,백석대,창의인재,,221,일괄,서류 100,,,,,,없음,30,30,40,학문적 역량(30)+발전가능성(30)+인성적 자질(40),혁신적 지성ㆍ글로컬 소통ㆍ실천적 섬김의 역량을 갖춘 미래형 TOP인재
부산,부산가톨릭대,고교학생부,,168,일괄,서류 100,,,,,,없음,50,20,30,학업역량(50)+진로역량(계열성취도10/계열적합성10)+공동체역량(30),진리를 통하여 사랑 안에서 봉사를 실천하는 트리니타스(삼위일체)형 인재
부산,부산가톨릭대,자기추천,,71,단계,"1단계(5배수) : 학생부100
2단계 : 1단계70+면접30(영상업로드)",수능전,10.15.(수),10.26.(일)-면접영상업로드 평가,서류,,없음,30,30,40,학업역량(30)+진로역량(30)+공동체역량(40),진리를 통하여 사랑 안에서 봉사를 실천하는 트리니타스(삼위일체)형 인재
부산,부산교대,초등교직적성자,교대,65,단계,"1단계(3배수) : 학생부100
2단계 : 1단계60(실질71.4)+면접40(28.6)",수능후,11.14.(금),11.22.(토),서류,,없음,33.3,33.3,33.3,공동체리더십역량+다문화/글로벌역량+공감정서조절역량+자기관리역량,"사랑, 슬기, 봉사"
부산,부산대,학생부종합,,671,단계,"1단계(3배수) : 서류 100
2단계 : 1단계80 + 면접20",수능후,11.25.(화),11.29.(토),서류,,없음,40,40,20,학업역량(40)+진로역량(40)+사회역량(20),창조적 지성과 바른 인성을 겸비한 효원인
부산,부산외국어대,학생부서류,,163,일괄,서류 100,,,,,,없음,30,40,30,학업역량(30)+발전가능성(40)+인성(30),"PSC+형 글로벌 창의 인재(올바른 인성과 영성을 토대로, 문제의 본질을 탐구하여 해결책을 모색하고(P), 자기 주도적으로 학습하며(S), 동료와 긴밀히 협력하여(C) 최상의 결과를 도출해내는 창의적 인재)"
서울,삼육대,세움인재,,240,단계,"1단계(4배수) : 서류 100
2단계 : 1단계60 + 면접40",수능전,10.23.(목),10.26.(일),서류,,없음,30,50,20,학업역량(30)+진로역량(50)+공동체역량(20),"정직한 교양인, 창의적 지식인, 실천적 봉사인"
서울,삼육대,세움인재(약학),약학,5,단계,"1단계(4배수) : 서류 100
2단계 : 1단계60 + 면접40",수능전,10.23.(목),10.26.(일),서류,3합5,"약학 : 국,수(미/기),영,과탐(1) 중  3개 합 5",30,50,20,학업역량(30)+진로역량(50)+공동체역량(20),"정직한 교양인, 창의적 지식인, 실천적 봉사인"
서울,상명대,상명인재,,136,일괄,서류 100,,,,,,없음,35,45,20,학업역량(35)+진로역량(45)+공동체역량(20),감동을 주는 혁신형 인재
서울,상명대,상명인재(예체능),,19,단계,"1단계(5배수): 서류 100
2단계 : 1단계60 + 면접40/스포츠건강관리, 조형예술",수능전,10.31.(금),11.08.(토),서류,,없음,35,45,20,학업역량(35)+진로역량(45)+공동체역량(20),감동을 주는 혁신형 인재
충남,상명대(천안),상명인재,,181,일괄,"서류 100
* 예체능계는 단계별 전형",,,,,,없음,35,45,20,학업역량(35)+진로역량(45)+공동체역량(20),감동을 주는 혁신형 인재
강원,상지대,종합일반(한의예),한의예,15,일괄,"서류 100
(교과성적30+서류평가70)",,,,,3합4,"한의예과 : 국,수,영,탐(2) 중 3개 합 4, 수학(미/기)와 과탐 반영 시 합 5, 탐구 소수점 절사",42,33,25,진로역량(250)+학업역량(200)+공동체역량(150),"민주사회 발전을 선도하는 인재(사회 현장 밀착형 인재, 지역사회 발전을 선도하는 인재, 인성과 지성을 겸비한 인재, 세계와 소통하고 협력하는 인재)"
강원,상지대,종합일반,,164,일괄,"서류 100
(교과성적30+서류평가70)",,,,,,없음,42,33,25,진로역량(250)+학업역량(200)+공동체역량(150),"민주사회 발전을 선도하는 인재(사회 현장 밀착형 인재, 지역사회 발전을 선도하는 인재, 인성과 지성을 겸비한 인재, 세계와 소통하고 협력하는 인재)"
서울,서강대,일반,,557,일괄,서류 100,,,,,,없음,50,30,20,학업역량50(창의적 문제해결력10%+성취수준40%)+공동체역량20)+성장가능성30,"지성, 인성, 영성을 겸비한 융복합 창의 인재"
서울,서울과기대,학교생활우수자,,478,단계,"1단계(3배수) : 서류 100
2단계 : 1단계70 + 면접30",수능후,11.14.(금),11.22.(토),서류,,없음,35,45,20,학업역량(35)+진로역량(45)+공동체역량(20),"창의적 인재, 윤리적 인재, 실천적 인재"
서울,서울과기대,창의융합인재,,85,단계,"1단계(3배수) : 서류 100
2단계 : 1단계70 + 면접30",수능후,11.14.(금),11.22.(토),서류,,없음,35,45,20,학업역량(35)+진로역량(45)+공동체역량(20),"창의적 인재, 윤리적 인재, 실천적 인재"
서울,서울교대,교직인성우수자,교대,100,단계,"1단계(2배수) : 서류 100
2단계 : 1단계50+면접50",수능후,11.14.(금),11.22.(토),서류,4합10,"국,수,영,탐(2) 4개 합 10, 한 4",33.3,33.3,33.3,* 교직인성 및 교직적성을 정성적으로 종합평가,"TOP 미래 교육 글로벌 리더(창조적 리더, 포용적 리더, 도전적 리더)"
서울,서울대,"지역균형선발
(추천, 2명)",,451,단계,"1단계(3배수) : 서류 100
2단계 : 1단계 70 + 면접 30",수능후,11.21.(금),11.28.(금)~29.(토),서류,3합7,"국,수,영,탐(2) 중 3개 합 7 / 계열별 지정 과목 있음.",33.3,33.3,33.3,"학업역량/학업태도/학업외 소양
1. 학업역량 - 폭넓은 지식을 깊이 있게 갖추고 활용할 수 있는 학생인가?(주어진 여건에서 교과 및 학업 관련 활동의 성취수준과 논리적 사고력, 과제수행 능력 등의 
역량)
2. 학업태도 - 스스로 알고자 하며 적극적으로 배우고자 하는 학생인가?(자기주도적 학습 경험에서 나타나는 지적 호기심과 탐구 의지, 깊이 있는 배움에 대한 열의, 
학업수행 과정에서의 적극성 및 진취성, 진로탐색의지 등의 학업 태도) 
3. 학업외소양 - 바른 인성과 공동체 의식을 지니고 나눔을 실천할 수 있는 학생인가?(학교생활을 통해 드러난 개인의 품성뿐만 아니라 리더십, 공동체 의식, 책임감, 
사회 구성원으로서의 기여 가능성 등을 평가)","ㆍ학교 교육과정을 성실히 이수하고 학업역량이 우수한 학생
ㆍ학교생활에서 적극적이고 진취적인 태도를 보인 학생
ㆍ글로벌 리더로 성장할 수 있는 자질을 지닌 학생
ㆍ다양한 교육적, 사회적, 문화적 배경과 경험을 지닌 학생
ㆍ사회적 약자에 대한 배려심과 공동체 의식을 가진 학생"
서울,서울대,"지역균형선발
(추천, 2명,수의예)",수의예,6,단계,"1단계(3배수) : 서류 100
2단계 : 1단계 70 + 면접 30",수능후,11.21.(금),11.28.(금)~29.(토),서류,3합7,"국,수(미/기),영,과(2) 중 3개 합 7",33.3,33.3,33.3,"학업역량/학업태도/학업외 소양
1. 학업역량 - 폭넓은 지식을 깊이 있게 갖추고 활용할 수 있는 학생인가?(주어진 여건에서 교과 및 학업 관련 활동의 성취수준과 논리적 사고력, 과제수행 능력 등의 
역량)
2. 학업태도 - 스스로 알고자 하며 적극적으로 배우고자 하는 학생인가?(자기주도적 학습 경험에서 나타나는 지적 호기심과 탐구 의지, 깊이 있는 배움에 대한 열의, 
학업수행 과정에서의 적극성 및 진취성, 진로탐색의지 등의 학업 태도) 
3. 학업외소양 - 바른 인성과 공동체 의식을 지니고 나눔을 실천할 수 있는 학생인가?(학교생활을 통해 드러난 개인의 품성뿐만 아니라 리더십, 공동체 의식, 책임감, 
사회 구성원으로서의 기여 가능성 등을 평가)","ㆍ학교 교육과정을 성실히 이수하고 학업역량이 우수한 학생
ㆍ학교생활에서 적극적이고 진취적인 태도를 보인 학생
ㆍ글로벌 리더로 성장할 수 있는 자질을 지닌 학생
ㆍ다양한 교육적, 사회적, 문화적 배경과 경험을 지닌 학생
ㆍ사회적 약자에 대한 배려심과 공동체 의식을 가진 학생"
서울,서울대,"지역균형선발
(추천, 2명,약학)",약학,11,단계,"1단계(3배수) : 서류 100
2단계 : 1단계 70 + 면접 30",수능후,11.21.(금),11.28.(금)~29.(토),서류,3합7,"국,수(미/기),영,과(2) 중 3개 합 7",33.3,33.3,33.3,"학업역량/학업태도/학업외 소양
1. 학업역량 - 폭넓은 지식을 깊이 있게 갖추고 활용할 수 있는 학생인가?(주어진 여건에서 교과 및 학업 관련 활동의 성취수준과 논리적 사고력, 과제수행 능력 등의 
역량)
2. 학업태도 - 스스로 알고자 하며 적극적으로 배우고자 하는 학생인가?(자기주도적 학습 경험에서 나타나는 지적 호기심과 탐구 의지, 깊이 있는 배움에 대한 열의, 
학업수행 과정에서의 적극성 및 진취성, 진로탐색의지 등의 학업 태도) 
3. 학업외소양 - 바른 인성과 공동체 의식을 지니고 나눔을 실천할 수 있는 학생인가?(학교생활을 통해 드러난 개인의 품성뿐만 아니라 리더십, 공동체 의식, 책임감, 
사회 구성원으로서의 기여 가능성 등을 평가)","ㆍ학교 교육과정을 성실히 이수하고 학업역량이 우수한 학생
ㆍ학교생활에서 적극적이고 진취적인 태도를 보인 학생
ㆍ글로벌 리더로 성장할 수 있는 자질을 지닌 학생
ㆍ다양한 교육적, 사회적, 문화적 배경과 경험을 지닌 학생
ㆍ사회적 약자에 대한 배려심과 공동체 의식을 가진 학생"
서울,서울대,"지역균형선발
(추천, 2명,의예)",의예,39,단계,"1단계(3배수) : 서류 100
2단계 : 1단계 70 + 면접 30",수능후,11.21.(금),11.28.(금)~29.(토),서류,3합7,"국,수(미/기),영,과(2) 중 3개 합 7",33.3,33.3,33.3,"학업역량/학업태도/학업외 소양
1. 학업역량 - 폭넓은 지식을 깊이 있게 갖추고 활용할 수 있는 학생인가?(주어진 여건에서 교과 및 학업 관련 활동의 성취수준과 논리적 사고력, 과제수행 능력 등의 
역량)
2. 학업태도 - 스스로 알고자 하며 적극적으로 배우고자 하는 학생인가?(자기주도적 학습 경험에서 나타나는 지적 호기심과 탐구 의지, 깊이 있는 배움에 대한 열의, 
학업수행 과정에서의 적극성 및 진취성, 진로탐색의지 등의 학업 태도) 
3. 학업외소양 - 바른 인성과 공동체 의식을 지니고 나눔을 실천할 수 있는 학생인가?(학교생활을 통해 드러난 개인의 품성뿐만 아니라 리더십, 공동체 의식, 책임감, 
사회 구성원으로서의 기여 가능성 등을 평가)","ㆍ학교 교육과정을 성실히 이수하고 학업역량이 우수한 학생
ㆍ학교생활에서 적극적이고 진취적인 태도를 보인 학생
ㆍ글로벌 리더로 성장할 수 있는 자질을 지닌 학생
ㆍ다양한 교육적, 사회적, 문화적 배경과 경험을 지닌 학생
ㆍ사회적 약자에 대한 배려심과 공동체 의식을 가진 학생"
서울,서울대,일반,,"1,359",단계,"1단계(2배수) : 서류 100
2단계 : 1단계 100+면접 및 구술고사100",수능후,11.14.(금),11.21.(금)~22.(토),제시문,,없음,33.3,33.3,33.3,"학업역량/학업태도/학업외 소양
1. 학업역량 - 폭넓은 지식을 깊이 있게 갖추고 활용할 수 있는 학생인가?(주어진 여건에서 교과 및 학업 관련 활동의 성취수준과 논리적 사고력, 과제수행 능력 등의 
역량)
2. 학업태도 - 스스로 알고자 하며 적극적으로 배우고자 하는 학생인가?(자기주도적 학습 경험에서 나타나는 지적 호기심과 탐구 의지, 깊이 있는 배움에 대한 열의, 
학업수행 과정에서의 적극성 및 진취성, 진로탐색의지 등의 학업 태도) 
3. 학업외소양 - 바른 인성과 공동체 의식을 지니고 나눔을 실천할 수 있는 학생인가?(학교생활을 통해 드러난 개인의 품성뿐만 아니라 리더십, 공동체 의식, 책임감, 
사회 구성원으로서의 기여 가능성 등을 평가)","ㆍ학교 교육과정을 성실히 이수하고 학업역량이 우수한 학생
ㆍ학교생활에서 적극적이고 진취적인 태도를 보인 학생
ㆍ글로벌 리더로 성장할 수 있는 자질을 지닌 학생
ㆍ다양한 교육적, 사회적, 문화적 배경과 경험을 지닌 학생
ㆍ사회적 약자에 대한 배려심과 공동체 의식을 가진 학생"
서울,서울대,"일반(디자인,체교)",,11,단계,"1단계(2배수) : 서류 100
2단계 : 1단계 100+면접 및 구술고사100",수능후,11.14.(금),11.21.(금)~22.(토),제시문,2합6~3합7,"디자인과 -국, 수, 영, 탐(2) 중 3개 합 7 / 체육교육과 - 국,수,영,탐(2) 중 2개 합 6",33.3,33.3,33.3,"학업역량/학업태도/학업외 소양
1. 학업역량 - 폭넓은 지식을 깊이 있게 갖추고 활용할 수 있는 학생인가?(주어진 여건에서 교과 및 학업 관련 활동의 성취수준과 논리적 사고력, 과제수행 능력 등의 
역량)
2. 학업태도 - 스스로 알고자 하며 적극적으로 배우고자 하는 학생인가?(자기주도적 학습 경험에서 나타나는 지적 호기심과 탐구 의지, 깊이 있는 배움에 대한 열의, 
학업수행 과정에서의 적극성 및 진취성, 진로탐색의지 등의 학업 태도) 
3. 학업외소양 - 바른 인성과 공동체 의식을 지니고 나눔을 실천할 수 있는 학생인가?(학교생활을 통해 드러난 개인의 품성뿐만 아니라 리더십, 공동체 의식, 책임감, 
사회 구성원으로서의 기여 가능성 등을 평가)","ㆍ학교 교육과정을 성실히 이수하고 학업역량이 우수한 학생
ㆍ학교생활에서 적극적이고 진취적인 태도를 보인 학생
ㆍ글로벌 리더로 성장할 수 있는 자질을 지닌 학생
ㆍ다양한 교육적, 사회적, 문화적 배경과 경험을 지닌 학생
ㆍ사회적 약자에 대한 배려심과 공동체 의식을 가진 학생"
서울,서울대,일반(수의예),수의예,17,단계,"1단계(2배수) : 서류 100
2단계 : 1단계 100+면접 및 구술고사100",수능후,11.14.(금),11.21.(금)~22.(토),제시문,,없음,33.3,33.3,33.3,"학업역량/학업태도/학업외 소양
1. 학업역량 - 폭넓은 지식을 깊이 있게 갖추고 활용할 수 있는 학생인가?(주어진 여건에서 교과 및 학업 관련 활동의 성취수준과 논리적 사고력, 과제수행 능력 등의 
역량)
2. 학업태도 - 스스로 알고자 하며 적극적으로 배우고자 하는 학생인가?(자기주도적 학습 경험에서 나타나는 지적 호기심과 탐구 의지, 깊이 있는 배움에 대한 열의, 
학업수행 과정에서의 적극성 및 진취성, 진로탐색의지 등의 학업 태도) 
3. 학업외소양 - 바른 인성과 공동체 의식을 지니고 나눔을 실천할 수 있는 학생인가?(학교생활을 통해 드러난 개인의 품성뿐만 아니라 리더십, 공동체 의식, 책임감, 
사회 구성원으로서의 기여 가능성 등을 평가)","ㆍ학교 교육과정을 성실히 이수하고 학업역량이 우수한 학생
ㆍ학교생활에서 적극적이고 진취적인 태도를 보인 학생
ㆍ글로벌 리더로 성장할 수 있는 자질을 지닌 학생
ㆍ다양한 교육적, 사회적, 문화적 배경과 경험을 지닌 학생
ㆍ사회적 약자에 대한 배려심과 공동체 의식을 가진 학생"
서울,서울대,일반(약학),약학,29,단계,"1단계(2배수) : 서류 100
2단계 : 1단계 100+면접 및 구술고사100",수능후,11.14.(금),11.21.(금)~22.(토),제시문,,없음,33.3,33.3,33.3,"학업역량/학업태도/학업외 소양
1. 학업역량 - 폭넓은 지식을 깊이 있게 갖추고 활용할 수 있는 학생인가?(주어진 여건에서 교과 및 학업 관련 활동의 성취수준과 논리적 사고력, 과제수행 능력 등의 
역량)
2. 학업태도 - 스스로 알고자 하며 적극적으로 배우고자 하는 학생인가?(자기주도적 학습 경험에서 나타나는 지적 호기심과 탐구 의지, 깊이 있는 배움에 대한 열의, 
학업수행 과정에서의 적극성 및 진취성, 진로탐색의지 등의 학업 태도) 
3. 학업외소양 - 바른 인성과 공동체 의식을 지니고 나눔을 실천할 수 있는 학생인가?(학교생활을 통해 드러난 개인의 품성뿐만 아니라 리더십, 공동체 의식, 책임감, 
사회 구성원으로서의 기여 가능성 등을 평가)","ㆍ학교 교육과정을 성실히 이수하고 학업역량이 우수한 학생
ㆍ학교생활에서 적극적이고 진취적인 태도를 보인 학생
ㆍ글로벌 리더로 성장할 수 있는 자질을 지닌 학생
ㆍ다양한 교육적, 사회적, 문화적 배경과 경험을 지닌 학생
ㆍ사회적 약자에 대한 배려심과 공동체 의식을 가진 학생"
서울,서울대,일반(의예),의예,50,단계,"1단계(2배수) : 서류 100
2단계 : 1단계 100+면접 및 구술고사100",수능후,11.14.(금),11.21.(금)~22.(토),제시문,,없음,33.3,33.3,33.3,"학업역량/학업태도/학업외 소양
1. 학업역량 - 폭넓은 지식을 깊이 있게 갖추고 활용할 수 있는 학생인가?(주어진 여건에서 교과 및 학업 관련 활동의 성취수준과 논리적 사고력, 과제수행 능력 등의 
역량)
2. 학업태도 - 스스로 알고자 하며 적극적으로 배우고자 하는 학생인가?(자기주도적 학습 경험에서 나타나는 지적 호기심과 탐구 의지, 깊이 있는 배움에 대한 열의, 
학업수행 과정에서의 적극성 및 진취성, 진로탐색의지 등의 학업 태도) 
3. 학업외소양 - 바른 인성과 공동체 의식을 지니고 나눔을 실천할 수 있는 학생인가?(학교생활을 통해 드러난 개인의 품성뿐만 아니라 리더십, 공동체 의식, 책임감, 
사회 구성원으로서의 기여 가능성 등을 평가)","ㆍ학교 교육과정을 성실히 이수하고 학업역량이 우수한 학생
ㆍ학교생활에서 적극적이고 진취적인 태도를 보인 학생
ㆍ글로벌 리더로 성장할 수 있는 자질을 지닌 학생
ㆍ다양한 교육적, 사회적, 문화적 배경과 경험을 지닌 학생
ㆍ사회적 약자에 대한 배려심과 공동체 의식을 가진 학생"
서울,서울대,일반(치의예),치의예,25,단계,"1단계(2배수) : 서류 100
2단계 : 1단계 100+면접 및 구술고사100(학석사통합)",수능후,11.14.(금),11.21.(금)~22.(토),제시문,,없음,33.3,33.3,33.3,"학업역량/학업태도/학업외 소양
1. 학업역량 - 폭넓은 지식을 깊이 있게 갖추고 활용할 수 있는 학생인가?(주어진 여건에서 교과 및 학업 관련 활동의 성취수준과 논리적 사고력, 과제수행 능력 등의 
역량)
2. 학업태도 - 스스로 알고자 하며 적극적으로 배우고자 하는 학생인가?(자기주도적 학습 경험에서 나타나는 지적 호기심과 탐구 의지, 깊이 있는 배움에 대한 열의, 
학업수행 과정에서의 적극성 및 진취성, 진로탐색의지 등의 학업 태도) 
3. 학업외소양 - 바른 인성과 공동체 의식을 지니고 나눔을 실천할 수 있는 학생인가?(학교생활을 통해 드러난 개인의 품성뿐만 아니라 리더십, 공동체 의식, 책임감, 
사회 구성원으로서의 기여 가능성 등을 평가)","ㆍ학교 교육과정을 성실히 이수하고 학업역량이 우수한 학생
ㆍ학교생활에서 적극적이고 진취적인 태도를 보인 학생
ㆍ글로벌 리더로 성장할 수 있는 자질을 지닌 학생
ㆍ다양한 교육적, 사회적, 문화적 배경과 경험을 지닌 학생
ㆍ사회적 약자에 대한 배려심과 공동체 의식을 가진 학생"
서울,서울시립대,학생부종합Ⅰ,,433,단계,"1단계(3배수) : 서류 100
2단계 : 1단계50 + 면접50",수능후,11.14.(금),"11.22.(토,자연),~23.(일,인문)",서류,,없음,35,40,25,학업역량(35)+잠재역량(40)+사회역량(25),"끊임없이 탐구하는 전공역량을 갖춘 인재, 도전하고 혁신하는 창의역량을 갖춘 인재, 배려하고 공감하는 소통역량을 갖춘 인재"
서울,서울시립대,학생부종합Ⅱ,,80,일괄,서류 100,,,,,,없음,30,50,20,학업역량(30)+잠재역량(50)+사회역량(20),"끊임없이 탐구하는 전공역량을 갖춘 인재, 도전하고 혁신하는 창의역량을 갖춘 인재, 배려하고 공감하는 소통역량을 갖춘 인재"
경기,서울신학대,H+인재,,91,단계,"1단계(4배수) : 서류 100
2단계 : 1단계60 + 면접40",수능전,10.23.(목),10.25.(토),서류,,없음,20,60,20,기초학업능력(20)+전공적합성(30)+성장가능성(30)+인성(20),"H+미래인재(겸손한 지도자, 스마트한 전문인, 환대하는 세계인)"
서울,서울여대,바롬인재면접,,210,단계,"1단계(5배수) : 서류 100
2단계 : 학생부50 + 면접50",수능후,11.26.(수),11.29.(토),서류,,없음,35,40,25,학업역량(35)+진로역량(40)+공동체역량(25),"감성적 인지력을 갖춘 전문 인재, 개방적 태도와 수평적 협력을 실천하는 인재, 공동체 정신의 사회적 확장을 선도하는 인재"
서울,서울여대,바롬인재서류,,184,일괄,서류 100,,,,,,없음,40,35,25,학업역량(40)+진로역량(35)+공동체역량(25),"감성적 인지력을 갖춘 전문 인재, 개방적 태도와 수평적 협력을 실천하는 인재, 공동체 정신의 사회적 확장을 선도하는 인재"
충남,선문대,학생부종합(서류),,320,일괄,서류 100,,,,,,없음,20,40,40,학업역량(20)+진로역량(40)+공동체역량(40),"진리를 탐구하고 실천하는 인격자, 심정문화를 이룩하는 세계시민, 창의력으로 사회에 봉사하는 전문인"
서울,성공회대,열린인재,,198,일괄,학생부60 + 면접40,수능전,없음(면접있음.),10.25.(토),서류,,없음,35,25,40,학업수행능력(35)+자기주도성(25)+공동체역량(25)+성실성(15),"인권, 평화, 생태, 민주의 가치를 중심으로 대안을 모색하고 연대 및 실천할 수 있는 시민"
"서울
경기",성균관대,면접형-성균인재(의예),의예,20,단계,"1단계(4배수) : 서류 100
2단계 : 1단계 70 +  면접30",수능후,11.25.(화),11.30.(일),서류,,없음,40,40,20,"1. 학업역량40 - 학업수월성(20)+학업충실성(20)
2. 탐구역량40 - 탐구확장성(20)+탐구주도성(20)
3. 잠재역량20 - 미래성장성(10)+공동체의식(10)","수기치인(修己治人)의 건학이념과 인의예지(仁義禮智)의 교시를 바탕으로 국가와 인류사회에 이바지할 지도적인재 육성, 국가와 인류사회에 기여하는 지도적 인재양성"
"서울
경기",성균관대,면접형-성균인재(자유),,144,단계,"1단계(5배수) : 서류 100
2단계 : 1단계 70 +  면접30/자유전공계열과 글로벌융합학부",수능후,11.25.(화),11.30.(일),서류,,없음,40,40,20,"1. 학업역량40 - 학업수월성(20)+학업충실성(20)
2. 탐구역량40 - 탐구확장성(20)+탐구주도성(20)
3. 잠재역량20 - 미래성장성(10)+공동체의식(10)","수기치인(修己治人)의 건학이념과 인의예지(仁義禮智)의 교시를 바탕으로 국가와 인류사회에 이바지할 지도적인재 육성, 국가와 인류사회에 기여하는 지도적 인재양성"
"서울
경기",성균관대,융합형,,315,일괄,서류 100,,,,,,없음,40,40,20,"1. 학업역량40 - 학업수월성(20)+학업충실성(20)
2. 탐구역량40 - 탐구확장성(20)+탐구주도성(20)
3. 잠재역량20 - 미래성장성(10)+공동체의식(10)","수기치인(修己治人)의 건학이념과 인의예지(仁義禮智)의 교시를 바탕으로 국가와 인류사회에 이바지할 지도적인재 육성, 국가와 인류사회에 기여하는 지도적 인재양성"
"서울
경기",성균관대,탐구형,,376,일괄,서류 100,,,,,,없음,40,40,20,"1. 학업역량40 - 학업수월성(20)+학업충실성(20)
2. 탐구역량40 - 탐구확장성(20)+탐구주도성(20)
3. 잠재역량20 - 미래성장성(10)+공동체의식(10)","수기치인(修己治人)의 건학이념과 인의예지(仁義禮智)의 교시를 바탕으로 국가와 인류사회에 이바지할 지도적인재 육성, 국가와 인류사회에 기여하는 지도적 인재양성"
"서울
경기",성균관대,탐구형(약학),약학,30,일괄,서류 100,,,,,,없음,40,40,20,"1. 학업역량40 - 학업수월성(20)+학업충실성(20)
2. 탐구역량40 - 탐구확장성(20)+탐구주도성(20)
3. 잠재역량20 - 미래성장성(10)+공동체의식(10)","수기치인(修己治人)의 건학이념과 인의예지(仁義禮智)의 교시를 바탕으로 국가와 인류사회에 이바지할 지도적인재 육성, 국가와 인류사회에 기여하는 지도적 인재양성"
"서울
경기",성균관대,면접형-성균인재(사범등),,72,단계,"1단계(3배수) : 서류 100
2단계 : 1단계 70 +  면접30/사범계열",수능전,10.28.(화),"11.01.(토,스포츠)~02.(일,사범)",서류,,없음,40,40,20,"1. 학업역량40 - 학업수월성(20)+학업충실성(20)
2. 탐구역량40 - 탐구확장성(20)+탐구주도성(20)
3. 잠재역량20 - 미래성장성(10)+공동체의식(10)","수기치인(修己治人)의 건학이념과 인의예지(仁義禮智)의 교시를 바탕으로 국가와 인류사회에 이바지할 지도적인재 육성, 국가와 인류사회에 기여하는 지도적 인재양성"
"서울
경기",성균관대,면접형-과학인재,,155,단계,"1단계(7배수) : 서류 100
2단계 : 1단계 70 +  면접30",수능전,10.21.(화),10.26.(일),제시문,,없음,40,40,20,"1. 학업역량40 - 학업수월성(20)+학업충실성(20)
2. 탐구역량40 - 탐구확장성(20)+탐구주도성(20)
3. 잠재역량20 - 미래성장성(10)+공동체의식(10)","수기치인(修己治人)의 건학이념과 인의예지(仁義禮智)의 교시를 바탕으로 국가와 인류사회에 이바지할 지도적인재 육성, 국가와 인류사회에 기여하는 지도적 인재양성"
서울,성신여대,자기주도인재,,660,단계,"1단계(3배수) : 서류 100
2단계 : 1단계60 + 면접40",수능후,11.07.(금),"11.15.(토)~16.(일)-인문, 11.22.(토)~23.(일)-자연(예상)",서류,,없음,30,50,20,학업역량(30)+진로역량(50)+공동체역량(20),인성·지성·감성으로 미래를 이끄는 성신인
충북,세명대,SMU의료인재,,26,일괄,서류 100,,,,,,없음,30,40,30,학업역량(30)+진로역량(40)+공동체역량(30),"위세광명인(도전, 성장, 자립하는 CHARM 역량을 갖춘 인재)"
충북,세명대,SMU의료인재(한의예),한의예,5,일괄,서류 100,,,,,3합6,"한의예 : 국,수(미/기),영 합 6(탐구 미반영)/단, 영역별 3이내",30,40,30,학업역량(30)+진로역량(40)+공동체역량(30),"위세광명인(도전, 성장, 자립하는 CHARM 역량을 갖춘 인재)"
서울,세종대,세종창의인재(면접형),,338,단계,"1단계(3~4배수) : 서류 100
2단계 : 1단계60 + 면접40",수능후,11.07.(금),"11.15.(토,창의소프트)~16.(일,인문/자연)",서류,,없음,25,65,10,학업역량(25)+진로역량(45)+창의융합역량(20)+공동체역량(10),창의적인 사고로 도전하고 세상과 소통하며 나누는 세종형 인재
서울,세종대,세종창의인재(서류형),,200,일괄,서류 100,,,,,,없음,45,45,10,학업역량(45)+진로역량(25)+창의융합역량(20)+공동체역량(10),창의적인 사고로 도전하고 세상과 소통하며 나누는 세종형 인재
서울,세종대,학생부종합(사이버국방),,18,단계,"1단계 : 서류평가 100% [3배수]
 2단계 : 1단계 80%+면접 10% + 체력검정 10%+육군전형(합/불)",수능후,10.24.(금),11.15.(토),서류,,없음,25,65,10,학업역량(25)+진로역량(45)+창의융합역량(20)+공동체역량(10),창의적인 사고로 도전하고 세상과 소통하며 나누는 세종형 인재
서울,세종대,학생부종합(국방AI융합시스템),,32,단계,"1단계 : 서류평가 100% [3배수]
 2단계 : 1단계 80%+면접 10% + 체력검정 10%+해군전형(합/불)",수능후,10.24.(금),11.15.(토),서류,,없음,25,65,10,학업역량(25)+진로역량(45)+창의융합역량(20)+공동체역량(10),창의적인 사고로 도전하고 세상과 소통하며 나누는 세종형 인재
서울,세종대,학생부종합(국방AI로봇융합),,24,단계,"1단계 : 서류평가 100% [3배수]
 2단계 : 1단계 80%+면접 10%(해병대주관 P/F)+체력검정 10% + 해병대전형(합/불)",수능후,10.24.(금),11.15.(토),서류,,없음,25,65,10,학업역량(25)+진로역량(45)+창의융합역량(20)+공동체역량(10),창의적인 사고로 도전하고 세상과 소통하며 나누는 세종형 인재
서울,숙명여대,숙명인재(면접형),,371,단계,"1단계(3배수) : 서류 100
2단계 : 1단계60 + 면접40",수능후,11.13.(목),11.22(토)~23(일),서류,,없음,35,45,20,탐구역량(35)+진로역량(45)+공동체의식과 협업능력(20),지덕체를 갖춘 미래형 글로벌인재
서울,숙명여대,"숙명인재(면접형,약학)",약학,20,단계,"1단계(3배수) : 서류 100
2단계 : 1단계60 + 면접40",수능후,11.13.(목),11.22(토)~23(일),서류,,없음,35,45,20,탐구역량(35)+진로역량(45)+공동체의식과 협업능력(20),지덕체를 갖춘 미래형 글로벌인재
서울,숙명여대,소프트웨어인재,,44,단계,"1단계(3배수) : 서류 100
2단계 : 1단계60 + 면접40",수능후,11.13.(목),11.22(토),,,없음,45,40,15,탐구역량(45)+진로역량(40)+공동체의식과 협업능력(15),지덕체를 갖춘 미래형 글로벌인재
충남,순천향대,일반학생,의예,567,일괄,서류 100,,,,,,없음,40,40,20,학업역량(40)+진로역량(40)+공동체역량(20),"소통하는 공감인재, 융합하는 창의인재, 공헌하는 글로벌인재"
서울,숭실대,SSU미래인재,,650,단계,"1단계(3배수) : 서류 100
2단계 : 1단계50 + 면접50",수능후,11.24.(월),11.28.(금),서류,,없음,20,50,30,학업역량(20)+진로(활동)역량(50)+숭실(잠재)역량(30),"미래를 선도하는 품격 있는 글로벌 창의 리더(창조적 지식인, 균형적 교양인, 혁신적 세계인)"
부산,신라대,학생부종합Ⅰ,,148,일괄,서류 100,,,,,,없음,33.3,33.3,33.3,학업역량+진로역량+공동체역량,"글로벌 지성인, 창의적 전문인, 도전적 감성인"
부산,신라대,학생부종합Ⅱ,,37,일괄,학생부70 + 면접30,,,,,,없음,33.3,33.3,33.3,학업역량+진로역량+공동체역량,"글로벌 지성인, 창의적 전문인, 도전적 감성인"
경기,신한대,신한국인전형,,106,일괄,서류 100,,,,,,없음,33.3,33.3,33.3,"기초학습능력, 인성, 전공적합성","사명인, 세계인, 실용인, 학습인"
경기,아주대,ACE,,500,단계,"1단계(3배수) : 서류 100
2단계 : 1단계70 + 면접30",수능후,11.11.(화),"11.16.(일,공과,첨단),22.(토,소프트,자연과학,간호)~23.(일,경영,인문,사회과학)",서류,,없음,37,35,28,학업역량(37)+진로역량(35)+공동체역량(28),변화와 혁신을 선도하는 다산(茶山)형 인재
경기,아주대,ACE(약학),약학,15,단계,"1단계(3배수) : 서류 100(의약)
2단계 : 1단계70 + 면접30",수능후,12.06.(토),12.08.(월),서류,3합5,"약학 : 국,수,영,탐(2) 중 3개 합 5",37,35,28,학업역량(37)+진로역량(35)+공동체역량(28),변화와 혁신을 선도하는 다산(茶山)형 인재
경기,아주대,ACE(의학),의예,17,단계,"1단계(3배수) : 서류 100(의약)
2단계 : 1단계70 + 면접30",수능후,12.06.(토),12.08.(월),서류,4합6,"의학과 : 국,수,영,탐(2) 4개 합 6",37,35,28,학업역량(37)+진로역량(35)+공동체역량(28),변화와 혁신을 선도하는 다산(茶山)형 인재
경기,아주대,첨단융합인재,,208,단계,"1단계(3배수) : 서류 100
2단계 : 1단계70 + 면접30",수능후,11.11.(화),11.15.(토),서류,,없음,40,45,15,학업역량(40)+진로역량(45)+공동체역량(15),변화와 혁신을 선도하는 다산(茶山)형 인재
경기,아주대,국방IT우수인재1,,23,단계,"(1단계)서류평가100(3배수)
 (2단계)1단계70+면접30+신체검사, 체력검정, 신원조회(P/F)",수능후,11.11.(화),11.21.(금),서류,,없음,40,45,15,학업역량(40)+진로역량(45)+공동체역량(15),변화와 혁신을 선도하는 다산(茶山)형 인재
경기,안양대,아리학생부종합Ⅰ,,57,단계,"1단계(6배수) : 서류 100
2단계 : 1단계70 + 면접30",수능전,10.17.(금),10.25.(토),서류,,없음,33.3,33.3,33.3,학업역량 + 진로역량 + 공동체역량,"실천인재, 인성인재, 창의인재"
경기,안양대,아리학생부종합Ⅱ,,123,일괄,서류 100,,,,,,없음,33.3,33.3,33.3,학업역량 + 진로역량 + 공동체역량,"실천인재, 인성인재, 창의인재"
서울,연세대,활동우수형,,729,단계,"1단계(4배수) : 서류 100
2단계 : 1단계 60 +  면접40",수능후,11.10.(월),"11.15.(토,인문)~16.(일,자연)",제시문,3합7~8,"인문 : 국,수,탐1,탐2 중 1개 포함하여 2개 합 4
자연 : 국,수(미/기),과탐1,과탐2 중 수학포함 2개 합 5
* 공통 : 영어3, 한국사4",35,35,30,"1. 학업역량/진로역량/공동체역량
2. 종합평가Ⅰ(70%-학업역량과 진로역량을 토대로 학업적 발전 가능성 측면에 대한 평가)+종합평가Ⅱ(30%-공동체역량을 바탕으로 사회적 발전 가능성 측면에 대한 평가)","세상의 틀을 깨는 도전으로 선한 영향력을 나누는 인재(믿음과 신뢰, 도전과 개척, 섬김과 헌신)"
서울,연세대,활동우수형(의예),의예,45,단계,"1단계(4배수) : 서류 100
2단계 : 1단계 60 +  면접40",수능후,11.10.(월),11.16.(일),제시문,2합2(3합5),"의예/치의예/약학 : 국,수(미/기),과1,과2 중 1등급 2개(국 또는 수포함),영어3, 한국사4",35,35,30,"1. 학업역량/진로역량/공동체역량
2. 종합평가Ⅰ(70%-학업역량과 진로역량을 토대로 학업적 발전 가능성 측면에 대한 평가)+종합평가Ⅱ(30%-공동체역량을 바탕으로 사회적 발전 가능성 측면에 대한 평가)","세상의 틀을 깨는 도전으로 선한 영향력을 나누는 인재(믿음과 신뢰, 도전과 개척, 섬김과 헌신)"
서울,연세대,활동우수형(치의예),치의예,12,단계,"1단계(4배수) : 서류 100
2단계 : 1단계 60 +  면접40",수능후,11.10.(월),11.16.(일),제시문,2합2(3합5),"의예/치의예/약학 : 국,수(미/기),과1,과2 중 1등급 2개(국 또는 수포함),영어3, 한국사4",35,35,30,"1. 학업역량/진로역량/공동체역량
2. 종합평가Ⅰ(70%-학업역량과 진로역량을 토대로 학업적 발전 가능성 측면에 대한 평가)+종합평가Ⅱ(30%-공동체역량을 바탕으로 사회적 발전 가능성 측면에 대한 평가)","세상의 틀을 깨는 도전으로 선한 영향력을 나누는 인재(믿음과 신뢰, 도전과 개척, 섬김과 헌신)"
인천,연세대,활동우수형(약학),약학,7,단계,"1단계(4배수) : 서류 100
2단계 : 1단계 60 +  면접40",수능후,11.10.(월),11.16.(일),제시문,2합2(3합5),"의예/치의예/약학 : 국,수(미/기),과1,과2 중 1등급 2개(국 또는 수포함),영어3, 한국사4",35,35,30,"1. 학업역량/진로역량/공동체역량
2. 종합평가Ⅰ(70%-학업역량과 진로역량을 토대로 학업적 발전 가능성 측면에 대한 평가)+종합평가Ⅱ(30%-공동체역량을 바탕으로 사회적 발전 가능성 측면에 대한 평가)","세상의 틀을 깨는 도전으로 선한 영향력을 나누는 인재(믿음과 신뢰, 도전과 개척, 섬김과 헌신)"
인천,연세대,국제형-국내고,,160,단계,"1단계(4배수) : 서류 100
2단계 : 1단계 60 +  면접40",수능후,11.17.(월),11.22.(토),제시문,2합5,"국,수,탐1,탐2 중 국,수 중 1개 포함 2개 합 5, 영2, 한4",35,35,30,"1. 학업역량/진로역량/공동체역량
2. 종합평가Ⅰ(70%-학업역량과 진로역량을 토대로 학업적 발전 가능성 측면에 대한 평가)+종합평가Ⅱ(30%-공동체역량을 바탕으로 사회적 발전 가능성 측면에 대한 평가)","세상의 틀을 깨는 도전으로 선한 영향력을 나누는 인재(믿음과 신뢰, 도전과 개척, 섬김과 헌신)"
강원,연세대(미래),학교생활우수자,,298,단계,"1단계(3.5배수) : 서류 100
2단계 : 1단계70 + 면접30",수능전,10.28.(화),11.01.(토),서류,,없음,30,50,20,학업역량(30)+발전역량(50)+공동체역량(20),"세상의 틀을 깨는 도전으로 선한 영향력을 나누는 인재(믿음과 신뢰, 도전과 개척, 섬김과 헌신)"
강원,연세대(미래),글로벌인재,,46,단계,"1단계(3.5배수) : 서류 100(동아시아국제학부)
2단계 : 1단계70 + 면접30",수능전,10.28.(화),11.01.(토),서류,,없음,30,50,20,학업역량(30)+발전역량(50)+공동체역량(20),"세상의 틀을 깨는 도전으로 선한 영향력을 나누는 인재(믿음과 신뢰, 도전과 개척, 섬김과 헌신)"
강원,연세대(미래),학교생활우수자(의예),의예,15,단계,"1단계(6배수) : 서류 100(의예)
2단계 : 1단계70 + 면접30",수능후,11.25.(화),11.29.(토),서류,4합5,"의예 : 국,수(미/기),영,과탐1,과탐2 중 4개 합 5, 단, 영어2이내, 한4이내",30,50,20,학업역량(30)+발전역량(50)+공동체역량(20),"세상의 틀을 깨는 도전으로 선한 영향력을 나누는 인재(믿음과 신뢰, 도전과 개척, 섬김과 헌신)"
경북,영남대,잠재능력우수자,,950,일괄,서류 100,,,,,,없음,30,50,20,학업역량(30)+잠재역량(50)+공동체역량(20),"경계를 허물고 지식과 경험을 연결, 통섭하는 창의혁신인재"
대전,우송대,서류형,,171,일괄,서류 100,,,,,,없음,33,40,27,학업역량(33)+전공적합성(40)+인성(27),"창의융합인재, 글로컬인재, 4.0 IR 新실용인재"
대전,우송대,면접형,,155,단계,"1단계(5배수) : 서류 100
2단계 : 1단계70 + 면접30",수능전,10.16.(목),10.20.(월)~21.(화),서류,,없음,33,40,27,학업역량(33)+전공적합성(40)+인성(27),"창의융합인재, 글로컬인재, 4.0 IR 新실용인재"
울산,울산대,잠재역량,,420,단계,"1단계(4배수) : 학생부100
2단계 : 1단계50+면접50",수능후,11.14.(금),11.29.(토),서류,,없음,33.3,33.3,33.3,학업+진로+공동체역량,"지역과 함께 세계로 도전하는 창의적 실용인재(창조적 탐구인, 자주적 지성인, 유능한 직능인)"
울산,울산대,잠재역량(의예),의예,10,단계,"1단계(5배수) : 학생부100(의예)
2단계 : 1단계50+면접50",수능후,11.14.(금),11.29.(토),서류,3합4,"의예과 : 국,수(미/기),영,과탐(2) 중 3개 합 4, 한4/과탐은 서로 다른과목, 탐구 소수점 올림 반영",33.3,33.3,33.3,학업+진로+공동체역량,"지역과 함께 세계로 도전하는 창의적 실용인재(창조적 탐구인, 자주적 지성인, 유능한 직능인)"
전북,원광대,학생부종합,,767,일괄,서류 100,,,,,,"없음/한약학과 : 국,수,영,탐 중 3개 합 9/간호 : 국,수,영,탐 중 3개합 12",38,32,30,학교생활충실도(38)+진로연계성(32)+인성 및 사회성(30),지성과 덕성을 겸비한 창의적 실천인
전북,원광대,학생부종합(약학),약학,5,단계,"1단계(5배수) : 서류 100
2단계 : 1단계70 + 면접30",수능후,11.14.(금),11.26.(수),서류,3합7,"약학 : 국,수,영,과(2) 중 수포함 3개 합 7",38,32,30,학교생활충실도(38)+진로연계성(32)+인성 및 사회성(30),지성과 덕성을 겸비한 창의적 실천인
전북,원광대,학생부종합(의예),의예,10,단계,"1단계(5배수) : 서류 100
2단계 : 1단계70 + 면접30",수능후,11.14.(금),11.26.(수),서류,3합6,"의예 : 국,수,영,과(2) 중 수포함 3개 합 6",38,32,30,학교생활충실도(38)+진로연계성(32)+인성 및 사회성(30),지성과 덕성을 겸비한 창의적 실천인
전북,원광대,학생부종합(치의예),치의예,10,단계,"1단계(5배수) : 서류 100
2단계 : 1단계70 + 면접30(인문2,자연8)",수능후,11.14.(금),11.26.(수),서류,3합6,"치의(자연) : 국,수,영,과(2) 중 수포함 3개 합 6
치의(인문) : 국,수,영,사(2) 중 수포함 3개 합 6",38,32,30,학교생활충실도(38)+진로연계성(32)+인성 및 사회성(30),지성과 덕성을 겸비한 창의적 실천인
전북,원광대,학생부종합(한의예),한의예,12,단계,"1단계(5배수) : 서류 100
2단계 : 1단계70 + 면접30(인문4,자연8)",수능후,11.14.(금),11.26.(수),서류,3합6,"한의(자연) : 국,수,영,과(2) 중 수포함 3개 합 6
한의(인문) : 국,수,영,사(2) 중 수포함 3개 합 6",38,32,30,학교생활충실도(38)+진로연계성(32)+인성 및 사회성(30),지성과 덕성을 겸비한 창의적 실천인
경기,을지대,EU서류형,,104,일괄,서류 100,,,,,,없음,40,30,30,학업역량(40) + 진로역량(30) + 공동체역량(30),"인성을 갖춘 미래형 HUMAN인재, 전문성을 갖춘 미래형 HUMAN인재, 창의성을 갖춘 미래형 HUMAN인재"
경기,을지대,EU면접형,,121,단계,"1단계(4배수) : 서류 100
2단계 : 1단계70 + 면접30",수능후,11.12.(수),11.15.(토),서류,,없음,35,35,30,학업역량(35) + 진로역량(35) + 공동체역량(30),"인성을 갖춘 미래형 HUMAN인재, 전문성을 갖춘 미래형 HUMAN인재, 창의성을 갖춘 미래형 HUMAN인재"
서울,이화여대,미래인재-면접형,,178,단계,"1단계(5배수) : 서류 100
2단계 : 1단계 70 +  면접30",수능후,11.13.(목),11.16.(일),서류,,없음,33.3,33.3,33.3,학업역량+학교활동의 우수성+발전가능성,"주도하는 인재, 지혜로운 인재, 실천하는 인재"
서울,이화여대,미래인재-면접형(약학),약학,19,단계,"1단계(5배수) : 서류 100
2단계 : 1단계 70 +  면접30 (미래산업약학10,약학9)",수능후,11.13.(목),11.16.(일),서류,,없음,33.3,33.3,33.3,학업역량+학교활동의 우수성+발전가능성,"주도하는 인재, 지혜로운 인재, 실천하는 인재"
서울,이화여대,미래인재-면접형(의예),의예,9,단계,"1단계(5배수) : 서류 100
2단계 : 1단계 70 +  면접30",수능후,11.13.(목),11.16.(일),서류,,없음,33.3,33.3,33.3,학업역량+학교활동의 우수성+발전가능성,"주도하는 인재, 지혜로운 인재, 실천하는 인재"
서울,이화여대,미래인재-서류형,,910,일괄,서류 100,,,,,2합5,"인문 : 국,수,영,탐(1) 중 국 포함 2개 합 5
자연 : 국,수,영,과탐(1)  중 수 포함 2개 합 5
스크랜튼학부 : 국,수,영,탐(1) 4개 중 3개 합 5
국제학부 : 국,수,영,탐(1)  중 국포함 2개합 5이내 및 영어 2",33.3,33.3,33.3,학업역량+학교활동의 우수성+발전가능성,"주도하는 인재, 지혜로운 인재, 실천하는 인재"
서울,이화여대,미래인재-서류형(약학),약학,8,일괄,서류 100,,,,,4합6,"약학 : 국,수,영,탐(1) 4개 합 6",33.3,33.3,33.3,학업역량+학교활동의 우수성+발전가능성,"주도하는 인재, 지혜로운 인재, 실천하는 인재"
서울,이화여대,미래인재-서류형(의예),의예,9,일괄,서류 100,,,,,4합5,"의예과 : 국,수(미/기),영,과탐(1) 4개 합 5",33.3,33.3,33.3,학업역량+학교활동의 우수성+발전가능성,"주도하는 인재, 지혜로운 인재, 실천하는 인재"
인천,인천대,학생부종합(자기추천),,694,단계,"1단계(3배수) : 서류 100
2단계 : 1단계70 + 면접30",수능후,11.07.(금),11.22.(토),서류,,없음,30,50,20,학업역량(30)+진로역량(30)+발전역량(20)+공동체역량(20),창의혁신에 도전하는 소통형 인재
인천,인하대,인하미래인재(면접형),,927,단계,"1단계(3.5배수) : 서류 100
2단계 : 1단계70 + 면접30",수능후,11.11.(화),11.15.(토)~16.(일),서류,,없음,30,50,20,기초학업역량(30)+진로탐구역량(50)+공동체역량(20),"참(眞)인재(자기형성人, 창의도전人, 나눔실천人)"
인천,인하대,인하미래인재(면접형-의예),의예,16,단계,"1단계(3배수) : 서류 100(의예)
2단계 : 1단계70 + 면접30",수능후,11.11.(화),11.15.(토)~16.(일),서류,,없음,30,50,20,기초학업역량(30)+진로탐구역량(50)+공동체역량(20),"참(眞)인재(자기형성人, 창의도전人, 나눔실천人)"
인천,인하대,인하미래인재(서류형),,243,일괄,서류 100,,,,,,없음,30,50,20,기초학업역량(30)+진로탐구역량(50)+공동체역량(20),"참(眞)인재(자기형성人, 창의도전人, 나눔실천人)"
광주,전남대,"고교생활우수자Ⅰ
(광주)",,844,단계,"1단계(3배수) : 서류 100
2단계 : 1단계70 + 면접30",수능후,11.14.(금),12.03.(수),서류,,없음,30,40,30,학업역량(30)+진로역량(40)+공동체역량(30),당당하고 자유로운 전남대인
광주,전남대,"고교생활우수자Ⅰ
(수의예)",수의예,8,단계,"1단계(6배수) : 서류 100
2단계 : 1단계70 + 면접30",수능후,11.14.(금),12.03.(수),서류,3합7,"약학,수의예 : 국,수(미/기),영,과탐(1) 중 3개 합 7/과탐 2과목 필수 응시",30,40,30,학업역량(30)+진로역량(40)+공동체역량(30),당당하고 자유로운 전남대인
광주,전남대,"고교생활우수자Ⅰ
(약학)",약학,4,단계,"1단계(6배수) : 서류 100
2단계 : 1단계70 + 면접30",수능후,11.14.(금),12.03.(수),서류,3합7,"약학,수의예 : 국,수(미/기),영,과탐(1) 중 3개 합 7/과탐 2과목 필수 응시",30,40,30,학업역량(30)+진로역량(40)+공동체역량(30),당당하고 자유로운 전남대인
광주,전남대,"고교생활우수자Ⅰ
(의예)",의예,10,단계,"1단계(6배수) : 서류 100
2단계 : 1단계70 + 면접30",수능후,11.14.(금),12.03.(수),서류,3합5,"의예 : 국,수(미/기),영,과탐(2) 중 수포함 3개 합 5",30,40,30,학업역량(30)+진로역량(40)+공동체역량(30),당당하고 자유로운 전남대인
광주,전남대,"고교생활우수자Ⅰ
(치의예)",치의예,4,단계,"1단계(6배수) : 서류 100
2단계 : 1단계70 + 면접30",수능후,11.14.(금),12.03.(수),서류,3합6,"치의학 : 국,수(미/기), 영,과탐(2) 중 수포함 3개 합 6",30,40,30,학업역량(30)+진로역량(40)+공동체역량(30),당당하고 자유로운 전남대인
전남,전남대,고교생활우수자Ⅱ(여수),,170,일괄,서류 100,,,,,,없음,30,40,30,학업역량(30)+진로역량(40)+공동체역량(30),당당하고 자유로운 전남대인
전남,전남대,조기취업형계약학과(여수),,90,일괄,학생부 60+면접 40,일괄(면접),없음(면접있음.),면접일 미정,서류,,없음,30,40,30,학업역량(30)+진로역량(40)+공동체역량(30),당당하고 자유로운 전남대인
전북,전북대,큰사람,,496,단계,"1단계(3배수) : 서류 100
2단계 : 1단계80 + 면접20",수능후,11.07.(금),11.20.(목),서류,,"없음/간호 - 국,수,영,탐(1) 중 2개 합 6",40,40,20,학업역량(40)+진로역량(40)+공동체역량(20),"창의융복합인재, 연구수월성, 지역과 세계공헌"
전북,전북대,큰사람(수의예),수의예,3,단계,"1단계(3배수) : 서류 100
2단계 : 1단계80 + 면접20",수능후,11.07.(금),11.20.(목),서류,3합7,"수의예 : 국,수(미/기),영,과탐(1) 중 수포함 3개 합 7",40,40,20,학업역량(40)+진로역량(40)+공동체역량(20),"창의융복합인재, 연구수월성, 지역과 세계공헌"
전북,전북대,큰사람(약학),약학,2,단계,"1단계(3배수) : 서류 100
2단계 : 1단계80 + 면접20",수능후,11.07.(금),11.20.(목),서류,3합7,"약학 : 국,수(미/기),영,과탐(1) 중 수포함 3개 합 7",40,40,20,학업역량(40)+진로역량(40)+공동체역량(20),"창의융복합인재, 연구수월성, 지역과 세계공헌"
전북,전북대,큰사람(의예),의예,5,단계,"1단계(3배수) : 서류 100
2단계 : 1단계80 + 면접20",수능후,11.07.(금),11.20.(목),서류,4합6,"의예 : 국,수(미/기),영,과탐(2) 4개 합 6, 소수점 절사",40,40,20,학업역량(40)+진로역량(40)+공동체역량(20),"창의융복합인재, 연구수월성, 지역과 세계공헌"
전북,전북대,큰사람(치의예),치의예,4,단계,"1단계(3배수) : 서류 100
2단계 : 1단계80 + 면접20",수능후,11.07.(금),11.20.(목),서류,3합6,"치의예 : 국,수(미/기),영,과탐(1) 중 수포함 3개 합 6",40,40,20,학업역량(40)+진로역량(40)+공동체역량(20),"창의융복합인재, 연구수월성, 지역과 세계공헌"
전북,전주교대,교직적성우수자,교대,48,단계,"1단계(3배수) : 서류 100
2단계 : 1단계70 + 면접30",수능후,11.07.(금),11.21.(금),서류,,없음,33.3,33.3,33.3,지성영역+인성영역+창의영역,"황학인(참-진리탐구, 사랑-고매한 인격과 양식, 새로움-미래사회에 능동적으로 대응하는 창조성)"
전북,전주대,일반학생,,785,일괄,서류 100,,,,,,없음,50,25,25,학업과 진로50+인성과 공동체25+발전가능성25,"실천하는 봉사인, 학습하는 교양인, 도전하는 전문인"
제주,제주대,일반학생1(서류형),,166,일괄,서류 100,,,,,,없음,40,30,30,학업역량(40)+진로역량(30)+인성/공동체역량(30),"소통하고 도전하며 포용하는 글로컬 리더(소통하는 인재 - 바람인, 도전하는 인재 - 오름인, 포용하는 인재 - 바다인)"
제주,제주대,일반학생2(면접형),,48,단계,"1단계(3배수) : 서류 100
2단계 : 1단계70 + 면접30",수능후,11.07.(금),11.28.(금),서류,,없음,30,30,40,학업역량(30)+진로역량(30)+인성/공동체역량(40),"소통하고 도전하며 포용하는 글로컬 리더(소통하는 인재 - 바람인, 도전하는 인재 - 오름인, 포용하는 인재 - 바다인)"
제주,제주대,일반학생2(수의),수의예,2,단계,"1단계(3배수) : 서류 100
2단계 : 1단계70 + 면접30",수능후,11.07.(금),11.28.(금),서류,,없음,30,30,40,학업역량(30)+진로역량(30)+인성/공동체역량(40),"소통하고 도전하며 포용하는 글로컬 리더(소통하는 인재 - 바람인, 도전하는 인재 - 오름인, 포용하는 인재 - 바다인)"
제주,제주대,일반학생2(약학),약학,4,단계,"1단계(3배수) : 서류 100
2단계 : 1단계70 + 면접30",수능후,11.07.(금),11.28.(금),서류,,없음,30,30,40,학업역량(30)+진로역량(30)+인성/공동체역량(40),"소통하고 도전하며 포용하는 글로컬 리더(소통하는 인재 - 바람인, 도전하는 인재 - 오름인, 포용하는 인재 - 바다인)"
광주,조선대,학생부종합(면접),,234,단계,"1단계(5배수) : 서류 100
2단계 : 1단계70 + 면접30",수능후,11.11.(화),11.22.(토),서류,없음,,40,40,20,교과활동(40)+진로역량(40)+비교과활동(20),"함께형'인재(자기주도, 창의융합, 배려봉사)"
광주,조선대,"학생부종합(면접,약학)",약학,6,단계,"1단계(5배수) : 서류 100
2단계 : 1단계70 + 면접30",수능후,11.11.(화),11.22.(토),서류,3합6,"약학 : 국,수(미/기),영,과탐(1) 중 수포함 3개 합 6",40,40,20,교과활동(40)+진로역량(40)+비교과활동(20),"함께형'인재(자기주도, 창의융합, 배려봉사)"
광주,조선대,"학생부종합(면접,의예)",의예,6,단계,"1단계(5배수) : 서류 100
2단계 : 1단계70 + 면접30",수능후,11.11.(화),11.22.(토),서류,3합5,"의예 : 국,수(미/기), 영,과탐(1) 중 수포함  3개 합 5",40,40,20,교과활동(40)+진로역량(40)+비교과활동(20),"함께형'인재(자기주도, 창의융합, 배려봉사)"
광주,조선대,"학생부종합(면접,치의예)",치의예,6,단계,"1단계(5배수) : 서류 100
2단계 : 1단계70 + 면접30",수능후,11.11.(화),11.22.(토),서류,3합5,"치의예 : 국,수(미/기), 영,과탐(1) 중 수포함 3개 합 5",40,40,20,교과활동(40)+진로역량(40)+비교과활동(20),"함께형'인재(자기주도, 창의융합, 배려봉사)"
광주,조선대,학생부종합(서류),,"1,097",일괄,서류 100,,,,,,없음,40,40,20,교과활동(40)+진로역량(40)+비교과활동(20),"함께형'인재(자기주도, 창의융합, 배려봉사)"
광주,조선대,"학생부종합(서류,약학)",약학,6,일괄,서류 100,,,,,,없음,40,40,20,교과활동(40)+진로역량(40)+비교과활동(20),"함께형'인재(자기주도, 창의융합, 배려봉사)"
광주,조선대,"학생부종합(서류,의예)",의예,6,일괄,서류 100,,,,,,없음,40,40,20,교과활동(40)+진로역량(40)+비교과활동(20),"함께형'인재(자기주도, 창의융합, 배려봉사)"
광주,조선대,"학생부종합(서류,치의예)",치의예,6,일괄,서류 100,,,,,,없음,40,40,20,교과활동(40)+진로역량(40)+비교과활동(20),"함께형'인재(자기주도, 창의융합, 배려봉사)"
서울,중앙대,CAU융합형인재(의예),의예,11,단계,"의과대학 1단계(5배수): 서류 100
2단계 : 1단계70 + 면접30",수능후,11.20.(목),11.29(토),서류/제시문,,없음,50,30,20,"학업역량(50,학업성취도(융합),학업태도,탐구력)+진로역량(30전공/계얄관련 교과이수노력,교과성취도,잔로탐색활동과경험-융합)+공동체역량(20)",i-Creator(세계시민의식을 바탕으로 사회에 공헌하고 변화를 선도하는 미래융합인재)
서울,중앙대,CAU탐구형인재,,417,단계,"1단계(4~5배수) : 서류 100
2단계 : 1단계 70 +  면접30",수능후,11.20.(목),11.29(토)~30.(일),서류,,없음,40,50,10,"학업역량(40,학업성취도),학업태도,탐구력-탐구)+진로역량(50전공/계얄관련 교과이수노력-탐구,교과성취도-탐구,잔로탐색활동과경험)+공동체역량(10)",i-Creator(세계시민의식을 바탕으로 사회에 공헌하고 변화를 선도하는 미래융합인재)
서울,중앙대,CAU탐구형인재(약학),약학,19,단계,"1단계(5배수) : 서류 100
2단계 : 1단계 70 +  면접30",수능후,11.20.(목),11.29(토),서류,,없음,40,50,10,"학업역량(40,학업성취도),학업태도,탐구력-탐구)+진로역량(50전공/계얄관련 교과이수노력-탐구,교과성취도-탐구,잔로탐색활동과경험)+공동체역량(10)",i-Creator(세계시민의식을 바탕으로 사회에 공헌하고 변화를 선도하는 미래융합인재)
서울,중앙대,CAU탐구형인재(의예),의예,15,단계,"1단계(5배수) : 서류 100
2단계 : 1단계 70 +  면접30",수능후,11.20.(목),11.30(일),서류,,없음,40,50,10,"학업역량(40,학업성취도),학업태도,탐구력-탐구)+진로역량(50전공/계얄관련 교과이수노력-탐구,교과성취도-탐구,잔로탐색활동과경험)+공동체역량(10)",i-Creator(세계시민의식을 바탕으로 사회에 공헌하고 변화를 선도하는 미래융합인재)
서울,중앙대,CAU융합형인재(일반),,322,일괄,서류 100,,,,,,없음,50,30,20,"학업역량(50,학업성취도(융합),학업태도,탐구력)+진로역량(30,전공/계얄관련 교과이수노력,교과성취도,잔로탐색활동과경험-융합)+공동체역량(20)",i-Creator(세계시민의식을 바탕으로 사회에 공헌하고 변화를 선도하는 미래융합인재)
서울,중앙대,"CAU융합형인재(일반,약학)",약학,18,일괄,서류 100,,,,,,없음,50,30,20,"학업역량(50,학업성취도(융합),학업태도,탐구력)+진로역량(30,전공/계얄관련 교과이수노력,교과성취도,잔로탐색활동과경험-융합)+공동체역량(20)",i-Creator(세계시민의식을 바탕으로 사회에 공헌하고 변화를 선도하는 미래융합인재)
경기,중앙대(다빈치),CAU융합형인재(다빈치),,103,일괄,서류 100,,,,,,없음,50,30,20,"학업역량(50,학업성취도(융합),학업태도,탐구력)+진로역량(30)+공동체역량(20)",i-Creator(세계시민의식을 바탕으로 사회에 공헌하고 변화를 선도하는 미래융합인재)
경기,중앙대(다빈치),CAU탐구형인재(다빈치),,58,단계,1단계(다빈치/3.5~5배수) : 서류 100/2단계 : 1단계 70 +  면접30,,11.20.(목),실시,,,없음,40,50,10,"학업역량(40,학업성취도,학업태도,탐구력-탐구)+진로역량(50)+공동체역량(10)",i-Creator(세계시민의식을 바탕으로 사회에 공헌하고 변화를 선도하는 미래융합인재)
경남,진주교대,21세기형 교직 적성자,교대,50,단계,"1단계(2.5배수) : 서류 100
2단계 : 1단계70+면접30",수능후,11.14.(금),11.22.(토),서류,,없음,35,20,45,학업수행역량(245)+자기주도역량(140)+공감 및 소통역량(140)+교직에 대한 가치와 태도(175),"교육경쟁력을 지닌 교사, 시민역량을 갖춘 교사, 미래가치를 공유하는 교사"
경기,차의과학대,CHA학생부종합(약학),약학,186,단계,"1단계(3배수) : 서류 100
2단계 : 1단계70 + 면접30",수능후,11.17.(월),"11.29.(토,약학과)",서류,3합6,"약학 : 국,수,영,탐 중 수학포함 3개 합 6. 소수점 절사",40,40,20,학업역량(40)+진로역량(40)+공동체역량(20),"차별화된 도전정신을 갖춘 창의적인재, 변화를 주도하는 전인적 글로벌 인재, 미래가능성을 함양한 융복합 인재"
경기,차의과학대,CHA학생부종합,,186,단계,"1단계(3배수) : 서류 100
2단계 : 1단계70 + 면접30",수능후,11.17.(월),11.21.(금)~23.(일),서류,,없음,40,40,20,학업역량(40)+진로역량(40)+공동체역량(20),"차별화된 도전정신을 갖춘 창의적인재, 변화를 주도하는 전인적 글로벌 인재, 미래가능성을 함양한 융복합 인재"
충북,청주교대,배움나눔인재,교대,42,단계,"1단계(4배수) : 서류 100
2단계 : 1단계60 + 면접40",수능후,11.07.(금),11.21.(금),서류,,없음,33.3,33.3,33.3,교직 인•적성/창의적 탐구역량/변화리더십을 균등 비율로 반영,"인성을 갖춘 교육 실천가, 창의적인 교육 전문가, 시야가 넓은 교육 지도자"
서울,총신대,코람데오인재,,124,단계,"1단계(3배수) : 서류 100
2단계 : 1단계70 + 면접30",수능후,11.05.(수),11.15.(토),서류,,없음,30,40,30,학업역량(30)+전공적합성(20)+발전가능성(20)+인성 및 영성(30),"경건한 인성인, 창조적 지성인, 글로컬 실천인"
강원,춘천교대,교직적•인성인재,교대,96,일괄,서류 100,,,,,3합9,"국,수,영,탐(1) 중 3개 합 9, 한 4",38,28,34,학업역량(38)+진로역량(28)+공동체역량(34),변혁적 지성과 탁월한 품성을 지닌 유능한 초등교사
대전,충남대,학생부종합Ⅰ(일반),,387,단계,"1단계(2~3배수) : 서류 100
2단계 : 학생부66.7 + 면접33.3",수능후,11.14.(금),11.25.(화)~28.(금),서류,3합9~12,"사범계열(인문):국,영,수,탐(1)중 상위 3개합 9이내/사범계열(자연)/간호:국,영,수,과탐(1)중 상위 3합 12이내, 사탐(1) 3개합11이내/수학교육과(수학-미/기)필수 3합10이내/그외 없음",75.5,24.5,,학업적역량(75.5)+사회적역량(24.5),"CNU STRONG(자기관리, 의사소통, 대인관계, 창의융합, 인성, 글로벌)"
대전,충남대,학생부종합Ⅰ(일반-수의예),수의예,4,단계,"1단계(3배수) : 서류 100
2단계 : 학생부66.7 + 면접33.3",수능후,11.14.(금),11.26.(수),서류,3합7,"수의예:국,영,과탐(2) 중 상위 2개+수(미/기) 합 7 이내",75.5,24.5,,학업적역량(75.5)+사회적역량(24.5),"CNU STRONG(자기관리, 의사소통, 대인관계, 창의융합, 인성, 글로벌)"
대전,충남대,학생부종합Ⅰ(일반-의예),의예,14,단계,"1단계(3배수) : 서류 100
2단계 : 학생부66.7 + 면접33.3",수능후,11.14.(금),11.26.(수),서류,3합5,"의학:국,영,과탐(2) 중 상위 2개+수(미/기) 합 5 이내",75.5,24.5,,학업적역량(75.5)+사회적역량(24.5),"CNU STRONG(자기관리, 의사소통, 대인관계, 창의융합, 인성, 글로벌)"
대전,충남대,학생부종합Ⅱ(국가안보융합인재-국토안보학전공),,19,단계,"·1단계(3배수): 서류 100%
 ·2단계: 서류 57.1%+면접 28.6%
  +체력평가 14.3%+신체검사(합불)",수능후,10.24.(금),11.27.(목),서류,,없음,75.5,24.5,,학업적역량(75.5)+사회적역량(24.5),"CNU STRONG(자기관리, 의사소통, 대인관계, 창의융합, 인성, 글로벌)"
대전,충남대,학생부종합Ⅱ(국가안보융합인재-해양안보학전공),,36,단계,"·1단계(3배수): 서류 100%
 ·2단계: 서류 57.1%+면접 28.6%
  +체력평가 14.3%+인성검사/신체검사/신원조사(합불)",수능후,10.24.(금),11.26.(수),서류,,없음,75.5,24.5,,학업적역량(75.5)+사회적역량(24.5),"CNU STRONG(자기관리, 의사소통, 대인관계, 창의융합, 인성, 글로벌)"
대전,충남대,학생부종합Ⅰ(서류),,269,일괄,서류 100,,,,,,없음,75.5,24.5,,학업적역량(75.5)+사회적역량(24.5),"CNU STRONG(자기관리, 의사소통, 대인관계, 창의융합, 인성, 글로벌)"
대전,충남대,학생부종합Ⅰ(서류-수의예),수의예,2,일괄,서류 100,,,,,3합7,"수의예:국,영,과탐(2) 중 상위 2개+수(미/기) 합 7 이내",75.5,24.5,,학업적역량(75.5)+사회적역량(24.5),"CNU STRONG(자기관리, 의사소통, 대인관계, 창의융합, 인성, 글로벌)"
대전,충남대,학생부종합Ⅰ(서류-약학),약학,2,일괄,서류 100,,,,,3합6,"약학:국,영,과탐(2) 중 상위 2개+수(미/기) 합 6 이내",75.5,24.5,,학업적역량(75.5)+사회적역량(24.5),"CNU STRONG(자기관리, 의사소통, 대인관계, 창의융합, 인성, 글로벌)"
대전,충남대,학생부종합Ⅰ(서류-의예),의예,6,일괄,서류 100,,,,,3합5,"의학:국,영,과탐(2) 중 상위 2개+수(미/기) 합 5 이내",75.5,24.5,,학업적역량(75.5)+사회적역량(24.5),"CNU STRONG(자기관리, 의사소통, 대인관계, 창의융합, 인성, 글로벌)"
충북,충북대,학생부종합Ⅰ,,512,일괄,서류 100,,,,,,없음,38,38,24,학업적역량(61)+사회적역량(19),"직지의 창의 정신을 품은 개신인(진리인, 정의인, 개척인)"
충북,충북대,학생부종합Ⅰ(수의예),수의예,8,일괄,서류 100,,,,,,없음,38,38,24,학업적역량(61)+사회적역량(19),"직지의 창의 정신을 품은 개신인(진리인, 정의인, 개척인)"
충북,충북대,학생부종합Ⅰ(약학),약학,6,일괄,"서류 100(약학과3, 제약학과3)",,,,,,없음,38,38,24,학업적역량(61)+사회적역량(19),"직지의 창의 정신을 품은 개신인(진리인, 정의인, 개척인)"
충북,충북대,학생부종합Ⅰ(의예),의예,3,일괄,서류 100,,,,,,없음,38,38,24,학업적역량(61)+사회적역량(19),"직지의 창의 정신을 품은 개신인(진리인, 정의인, 개척인)"
충북,충북대,학생부종합Ⅱ,,358,일괄,서류 100,,,,,2합7~8,"국,수,영,탐(1) 중 2개 합 7~8등급",38,38,24,학업적역량(61)+사회적역량(19),"직지의 창의 정신을 품은 개신인(진리인, 정의인, 개척인)"
충북,충북대,학생부종합Ⅱ(수의예),수의예,7,일괄,서류 100,,,,,3합8,"국,수,영,과(1) 중 3개 합 8(수 필수)",38,38,24,학업적역량(61)+사회적역량(19),"직지의 창의 정신을 품은 개신인(진리인, 정의인, 개척인)"
충북,충북대,학생부종합Ⅱ(약학),약학,6,일괄,"서류 100(약학과3, 제약학과3)",,,,,3합7,"국,수(미/기),영,과(1) 중 3개 합 7(수 필수)",38,38,24,학업적역량(61)+사회적역량(19),"직지의 창의 정신을 품은 개신인(진리인, 정의인, 개척인)"
충북,충북대,학생부종합Ⅱ(의예),의예,5,일괄,서류 100,,,,,3합4,"국,수(미/기),영,과(1) 중 3개 합 4(수 필수)",38,38,24,학업적역량(61)+사회적역량(19),"직지의 창의 정신을 품은 개신인(진리인, 정의인, 개척인)"
경기,평택대,PTU종합,,66,일괄,서류 100,,,,,,없음,0,70,30,전공적합성(40)+발전가능성(30)+인성(30),"기독교 세계관과 창의적 지신을 갖춘 실천적 인재(心, 協, 創)"
경기,한경국립대,잠재력우수자,,295,일괄,서류 100,,,,,,없음,30,40,30,학업역량(30)+진로역량(40)+인성(30),"융합형 전문인, 소통하는 사회인, 도전하는 지성인"
경기,한국공학대,융합인재,,47,일괄,서류 100 (자유전공학부),,,,,,없음,30,40,30,학업역량(30)+진로역량(40)+공동체역량(30),"창의형 지식인, 진취적 세계인, 실천형 전문가"
경기,한국공학대,창의인재-면접,,200,단계,"1단계(4배수) : 서류 100
2단계 : 1단계60 + 면접40",수능후,11.07.(금),11.29.(토),서류,,없음,30,40,30,학업역량(30)+진로역량(40)+공동체역량(30),"창의형 지식인, 진취적 세계인, 실천형 전문가"
충북,한국교원대,학생부종합우수자,교대 등,317,단계,"1단계(3배수) : 서류 100
2단계 : 1단계80 + 면접20",수능후,11.14.(금),11.29.(토),서류,4합14,"국,수,영,탐(2) 4개 합 14/초등, 불어교육과는 수능최저 없음",33.3,33.3,33.3,학업역량+전공적합성+교직적합성 및 잠재력+교직인성,"교육전문가, 창의적 혁신가, 공감적 리더"
충남,한국기술교육대,창의인재(서류형),,124,일괄,서류 100,,,,,,없음,35,35,30,학업역량(35)+전공적합성(35)+나우리역량(30),"기술과 사람을 잇는 다담형 인재(창의융합형, 도전지향형, 현장실무형 인재, 나우리형 인재)"
충남,한국기술교육대,창의인재(면접형),,110,단계,"1단계(5배수) : 서류 100
2단계 : 1단계60 + 면접40",수능전,10.24.(금),11.01.(토),서류,,없음,35,35,30,학업역량(35)+전공적합성(35)+나우리역량(30),"기술과 사람을 잇는 다담형 인재(창의융합형, 도전지향형, 현장실무형 인재, 나우리형 인재)"
서울,한국외대,면접형,,230,단계,"1단계(3배수) : 서류 100
2단계 : 1단계50 + 면접50",수능후,11.10.(월),11.15.(토),서류,,없음,30,50,20,학업역량(30)+진로역량(50)+공동체역량(20),"미래시대를 선도하는 글로벌 창의융합 인재(글로벌 마인드, 인본적 가치, 창의적 융복합)"
서울,한국외대,서류형,,266,일괄,서류 100,,,,,,없음,50,30,20,학업역량(50)+진로역량(30)+공동체역량(20),"미래시대를 선도하는 글로벌 창의융합 인재(글로벌 마인드, 인본적 가치, 창의적 융복합)"
경기,한국외대(글로벌),서류형,,273,일괄,서류 100,,,,,,없음,50,30,20,학업역량(50)+진로역량(30)+공동체역량(20),"미래시대를 선도하는 글로벌 창의융합 인재(글로벌 마인드, 인본적 가치, 창의적 융복합)"
경기,한국외대(글로벌),면접형,,245,단계,"1단계(3배수) : 서류 100
2단계 : 1단계50 + 면접50",수능후,11.10.(월),11.16.(일/면접장소-서울캠),서류,,없음,30,50,20,학업역량(30)+진로역량(50)+공동체역량(20),"미래시대를 선도하는 글로벌 창의융합 인재(글로벌 마인드, 인본적 가치, 창의적 융복합)"
경기,한국항공대,미래인재,,146,단계,"1단계(3배수) : 서류 100
2단계 : 1단계70 + 면접30",수능전,10.24.(금)예상,11.01.(토)/예상,서류,,없음,30,50,20,학업역량(30)+진로역량(50)+공동체역량(20),"창의적 인재, 실용적 인재, 지도적 인재"
부산,한국해양대,아치해양인재Ⅰ,,99,일괄,교과60 + 학생부40,,,,,1개5~2합9,"해사대학 : 수,영,탐 중 2개 합 9
해양과학기술융합대학 : 수,영,탐 중 1개 5등급
해양인문사회과학대학 : 국,영,탐 중 2개 합 9
그 외 없음, 탐구 소수점 절사",33.3,33.3,33.3,"공동체역량, 진로역량  학업역량",융복합 실용지식을 갖춘 글로벌 해양리더
부산,한국해양대,아치해양인재Ⅱ,,38,일괄,서류 100,,,,,1개5~2합9,"해사대학 : 수,영,탐 중 2개 합 9
해양과학기술융합대학 : 수,영,탐 중 1개 5등급
해양인문사회과학대학 : 국,영,탐 중 2개 합 9
* 그 외 없음, 탐구 소수점 절사",33.3,33.3,33.3,"공동체역량, 진로역량  학업역량",융복합 실용지식을 갖춘 글로벌 해양리더
대전,한남대,한남인재Ⅰ(서류),,474,일괄,서류 100,,,,,,없음,30,40,30,학업역량(30)+진로역량(40)+공동체역량(30),"합리적 지성인, 창의적 전문인, 선도적 세계인"
대전,한남대,한남인재Ⅱ(서류+면접),,63,단계,"1단계(4배수) : 서류 100
2단계 : 1단계70 + 면접30",수능후,11.07.(금),11.22.(토),서류,,없음,30,40,30,학업역량(30)+진로역량(40)+공동체역량(30),"합리적 지성인, 창의적 전문인, 선도적 세계인"
경북,한동대,G-IMPACT인재,,220,단계,"1단계(2.5배수) : 서류 100
2단계 : 1단계70+면접30",수능후,11.14.(금),11.22.(토),서류,,없음,40,30,30,학업역량(40)+성장역량(30)+공동체역량(30),바른 인성과 가치관을 바탕으로 전공역량과 글로벌 및 창의역량을 갖춘 인재
강원,한라대,운곡인재,,100,일괄,서류 100,,,,,,없음,33.3,33.3,33.3,학업역량+진로역량+공동체역량,"따듯한 글로컬 마인드, 창의융합 실무능력, 소통하는 실천"
강원,한림대,학교생활우수자,,507,단계,"1단계(4배수) : 서류 100
2단계 : 1단계70 + 면접30",수능후,11.27.(목),12.03.(수),서류,,없음,40,40,20,학업역량(40)+진로역량(40)+공동체역량(20),"선진인재(선진시민의 보편적 가치, 글로벌 경쟁력, 사회와 국가의 발전과 성숙에 기여)"
강원,한림대,학교생활우수자(의예),의예,35,단계,"1단계(5배수) : 서류 100(의예)
2단계 : 1단계70 + 면접30",수능후,11.27.(목),12.03.(수),서류,3합4,"의예 : 국,수(미/기),영,과탐 중 3개 합 4. 단, 영어 포함시 영어 1등급",40,40,20,학업역량(40)+진로역량(40)+공동체역량(20),"선진인재(선진시민의 보편적 가치, 글로벌 경쟁력, 사회와 국가의 발전과 성숙에 기여)"
충남,한서대,융합인재전형,,29,일괄,서류 100,,,,,,없음,33.3,33.3,33.3,전공적합성+잠재력+인성 및 사회성,H형 인재상(세상의 변화를 읽고 융합적 역량으로 사회에 공헌하는 한서인)
서울,한성대,한성인재,,300,일괄,서류 100,,,,,,없음,30,40,30,학업역량(30)+진로역량(40)+공동체역량(30),"창의적 전문인, 포용적 사회인, 열린 세계인"
서울,한양대,면접형,,120,단계,"1단계(7배수) : 서류 100
2단계 : 1단계 70 +  면접30",수능후,11.07.(금),"11.29.(토,공대,인터)~30.(일,사범)","서류(인성-사범)/제시문(인터,공대)",,없음,50,20,30,"기초학업역량, 심층학업역량,진로탐구역량,공동체역량(2026) / 계열적합성","교양인, 전문인, 실용인, 세계인, 봉사인"
서울,한양대,추천형,,159,일괄,서류 100(3학년 재적인원 11%),,,,,3합7,"국,수,영,탐(1) 중 3개 합 7등급/*계열별 지정 과목 없음",50,30,20,"기초학업역량, 심층학업역량,진로탐구역량,공동체역량(2026) / 계열적합성","교양인, 전문인, 실용인, 세계인, 봉사인"
서울,한양대,추천형(의예),의예,40,일괄,서류 100(3학년 재적인원 11%),,,,,3합4,"의예과 : 국,수,영,탐(2)중 3개 합 4등급/*계열별 지정 과목 없음",50,30,20,"기초학업역량, 심층학업역량,진로탐구역량,공동체역량(2026) / 계열적합성","교양인, 전문인, 실용인, 세계인, 봉사인"
서울,한양대,서류형,,40,일괄,서류 100,,,,,,없음,50,30,20,"기초학업역량, 심층학업역량,진로탐구역량,공동체역량(2026) / 계열적합성","교양인, 전문인, 실용인, 세계인, 봉사인"
서울,한양대,서류형(의예),의예,16,일괄,서류 100,,,,,,없음,50,30,20,"기초학업역량, 심층학업역량,진로탐구역량,공동체역량(2026) / 계열적합성","교양인, 전문인, 실용인, 세계인, 봉사인"
경기,한양대(ERICA),학생부종합-서류형,,470,일괄,서류 100,,,,,,없음,50,30,20,학업역량(50)+진로역량(30)+공동체역량(20),"교양인, 전문인, 실용인, 세계인, 봉사인"
경기,한양대(ERICA),학생부종합-서류형(약학),약학,15,일괄,서류 100,,,,,,없음,50,30,20,학업역량(50)+진로역량(30)+공동체역량(20),"교양인, 전문인, 실용인, 세계인, 봉사인"
경기,한양대(ERICA),학생부종합-면접형,,60,단계,"1단계(3배수) : 서류 100(LIONS자율전공)
2단계 : 1단계70 + 면접30",수능후,11.07.(금),11.22.(토),서류,,없음,50,30,20,학업역량(50)+진로역량(30)+공동체역량(20),"교양인, 전문인, 실용인, 세계인, 봉사인"
경기,협성대,협성창의인재Ⅰ(서류),,50,일괄,서류 100(자율전공학부),,,,,,없음,20,50,30,학업역량(20)+진로역량(50)+공동체역량(30),"영성, 인성, 지성을 갖춘 창의융합 인재"
경기,협성대,협성창의인재Ⅱ(면접),,140,단계,"1단계(4배수) : 서류 100
2단계 : 1단계40+면접60",수능전,10.29.(수),"11.01.(토,인문사회/이공)~02.(일,경영)",서류,,없음,30,40,30,학업역량(30)+진로역량(40)+공동체역량(30),"영성, 인성, 지성을 갖춘 창의융합 인재"
충남,호서대,호서인재,,402,일괄,서류 100,,,,,,없음,30,40,30,학업역량(30)+진로역량(40)+공동체역량(30),벤처정신을 가진 사회공헌형 인재
서울,홍익대(서울),학교생활우수자,,466,일괄,서류 100,,,,,3합8,"국,수,영,탐(1) 중 3개 합 8, 한4",40,40,20,학업역량(40)+진로역량(40)+공동체역량(20),국가와 인류 발전에 기여하는 자주·창조·협동적 인재
세종,홍익대(세종),학교생활우수자,,235,일괄,서류 100,,,,,,없음,40,40,20,학업역량(40)+진로역량(40)+공동체역량(20),국가와 인류 발전에 기여하는 자주·창조·협동적 인재
