대학명,모집단위,유형,전형명,사유
DGIST(대구경북과학기술원),기초학부,종합,학생부종합(학교장추천전형),미공개
DGIST(대구경북과학기술원),AI대학,종합,학생부종합(일반전형),신설
DGIST(대구경북과학기술원),반도체공학과,종합,학생부종합(학교장추천전형)(정원외),신설
GIST(광주과학기술원),기초교육학부,종합,학생부종합(학교장추천),미공개
KAIST(한국과학기술원),반도체시스템공학과,종합,학생부종합(반도체시스템인재전형II),신설
KAIST(한국과학기술원),새내기과정학부,종합,학생부종합(학교장추천),미공개
KENTECH(한국에너지공과대학교),에너지공학부,종합,학생부종합(일반전형),미공개
POSTECH(포항공과대학교),반도체공학과,종합,학생부종합(반도체공학인재전형)(정원외),신설
POSTECH(포항공과대학교),[유형1] 단일계열(무은재학부),종합,학생부종합(일반전형Ⅱ),미공개
UNIST(울산과학기술원),계열무관,종합,학생부종합(그릿인재전형),신설
UNIST(울산과학기술원),경영계열,종합,학생부종합(지역인재전형),미공개
UNIST(울산과학기술원),이공계열(무학과),종합,학생부종합(지역인재전형),미공개
UNIST(울산과학기술원),이공계열(반도체공학과),종합,학생부종합(일반전형)(정원외),미공개
가야대,자유전공학부,교과,학생부교과(일반전형),신설
가천대(글로벌),건축공학과,논술,논술,신설
가천대(글로벌),인공지능시스템학과,논술,논술,신설
가천대(글로벌),한의예과,논술,논술,신설
가천대(글로벌),인공지능시스템학과,교과,학생부교과(학생부우수자),신설
가천대(글로벌),인공지능시스템학과,종합,학생부종합(가천바람개비),신설
가천대(메디컬),약학과,논술,논술,신설
가톨릭관동대,[유형1] 자율전공학부,종합,학생부종합(일반전형),신설
강남대,교육학과(사),논술,논술(논술전형),신설
강남대,글로벌문화콘텐츠대학,논술,논술(논술전형),신설
강남대,법행정세무학부,논술,논술(논술전형),신설
강남대,법행정세무학부(야),논술,논술(논술전형),신설
강남대,복지융합대학,논술,논술(논술전형),신설
강남대,사회복지학부(야),논술,논술(논술전형),신설
강남대,상경학부,논술,논술(논술전형),신설
강남대,상경학부(야),논술,논술(논술전형),신설
강남대,유아교육과(사),논술,논술(논술전형),신설
강남대,중등특수교육과(사),논술,논술(논술전형),신설
강남대,초등특수교육과(사),논술,논술(논술전형),신설
강남대,부동산건설학부,논술,논술(논술전형),신설
강남대,인공지능융합공학부,논술,논술(논술전형),신설
강남대,전자반도체공학부,논술,논술(논술전형),신설
강남대,컴퓨터공학부,논술,논술(논술전형),신설
강남대,[유형1] 자유전공학부,논술,논술(논술전형),신설
강서대,[유형1] 자유전공학부,교과,학생부교과(교과우수자전형),미공개
강원대(원주),[유형1] 자유전공학부(원주),교과,학생부교과(지역교과Ⅰ전형),신설
강원대(원주),[유형1] 자유전공학부(원주),종합,학생부종합(지역인재서류전형),신설
건국대,[유형2] 문과대학자유전공학부,논술,논술(KU논술우수자),신설
건국대,[유형2] 사회과학대학융합전공학부,논술,논술(KU논술우수자),신설
건국대,경영학과,논술,논술(KU논술우수자),미공개
건국대,경제학과,논술,논술(KU논술우수자),미공개
건국대,국어국문학과,논술,논술(KU논술우수자),미공개
건국대,국제무역학과,논술,논술(KU논술우수자),미공개
건국대,기술경영학과,논술,논술(KU논술우수자),미공개
건국대,문화콘텐츠학과,논술,논술(KU논술우수자),미공개
건국대,미디어커뮤니케이션학과,논술,논술(KU논술우수자),미공개
건국대,부동산학과,논술,논술(KU논술우수자),미공개
건국대,사학과,논술,논술(KU논술우수자),미공개
건국대,영어영문학과,논술,논술(KU논술우수자),미공개
건국대,응용통계학과,논술,논술(KU논술우수자),미공개
건국대,정치외교학과,논술,논술(KU논술우수자),미공개
건국대,중어중문학과,논술,논술(KU논술우수자),미공개
건국대,지리학과,논술,논술(KU논술우수자),미공개
건국대,철학과,논술,논술(KU논술우수자),미공개
건국대,행정학과,논술,논술(KU논술우수자),미공개
건국대,[유형1] KU자유전공학부,논술,논술(KU논술우수자),신설
건국대,[유형2] 공과대학자유전공학부,논술,논술(KU논술우수자),신설
건국대,[유형2] 융합생명과학대학자유전공학부,논술,논술(KU논술우수자),신설
건국대,[유형2] 이과대학자유전공학부,논술,논술(KU논술우수자),신설
건국대,건축학부,논술,논술(KU논술우수자),미공개
건국대,기계·로봇·자동차공학부,논술,논술(KU논술우수자),신설
건국대,물리학과,논술,논술(KU논술우수자),미공개
건국대,사회환경공학부,논술,논술(KU논술우수자),미공개
건국대,산업공학과,논술,논술(KU논술우수자),미공개
건국대,생명공학부,논술,논술(KU논술우수자),미공개
건국대,생명과학과,논술,논술(KU논술우수자),미공개
건국대,생물공학과,논술,논술(KU논술우수자),신설
건국대,수의예과,논술,논술(KU논술우수자),미공개
건국대,수학과,논술,논술(KU논술우수자),미공개
건국대,수학교육과,논술,논술(KU논술우수자),미공개
건국대,식량자원과학과,논술,논술(KU논술우수자),미공개
건국대,식품융합학부,논술,논술(KU논술우수자),신설
건국대,인공지능학과,논술,논술(KU논술우수자),신설
건국대,전기전자공학부,논술,논술(KU논술우수자),미공개
건국대,항공우주·모빌리티공학과,논술,논술(KU논술우수자),신설
건국대,화공·생명·에너지공학부,논술,논술(KU논술우수자),신설
건국대,화학과,논술,논술(KU논술우수자),미공개
건국대,환경생태과학부,논술,논술(KU논술우수자),신설
건국대,식품융합학부,교과,학생부교과(KU지역균형),신설
건국대,환경생태과학부,교과,학생부교과(KU지역균형),신설
건국대,식품융합학부,종합,학생부종합(KU자기추천),신설
건국대,인공지능학과,종합,학생부종합(KU자기추천),신설
건국대,환경생태과학부,종합,학생부종합(KU자기추천),신설
건양대,데이터의학과,교과,학생부교과(일반[교과]),신설
건양대,데이터의학과,종합,학생부종합(학생부종합),신설
건양대,식품생명공학과,종합,학생부종합(학생부종합),신설
건양대,의료IT공학과,종합,학생부종합(학생부종합),신설
건양대,의료신소재학과,종합,학생부종합(학생부종합),신설
건양대,인공지능학과,종합,학생부종합(학생부종합),신설
건양대,국방경찰행정학부,종합,학생부종합(학생부종합),신설
건양대,국방산업경영학부,종합,학생부종합(학생부종합),신설
건양대,의학과,종합,학생부종합(지역의사),신설
경국대,체육학전공,교과,학생부교과(선수출신자전형),신설
경국대,기술교육전공,교과,학생부교과(지역인재전형),신설
경국대,K-컬처학전공,종합,학생부종합(바른인재전형),신설
경국대,한국어문예콘텐츠학전공,종합,학생부종합(바른인재전형),신설
경국대,기술교육전공,종합,학생부종합(바른인재전형),신설
경국대,데이터과학전공,종합,학생부종합(바른인재전형),미공개
경국대,산업색채공학과,종합,학생부종합(바른인재전형),신설
경국대,신소재에너지공학전공,종합,학생부종합(바른인재전형),신설
경국대,축산학과,종합,학생부종합(바른인재전형),신설
경남대,무역물류학과,종합,학생부종합(일반전형),신설
경남대,체육교육과,종합,학생부종합(일반전형),신설
경북대,AI자율학부,논술,논술(논술(AAT)전형),신설
경북대,농업생명과학대학자율학부,논술,논술(논술(AAT)전형),신설
경북대,인공지능시스템학과,논술,논술(논술(AAT)전형),미공개
경북대,컴퓨터학부(첨단AI컴퓨팅전공),논술,논술(논술(AAT)전형),신설
경북대,AI자율학부,교과,학생부교과(지역인재전형),신설
경북대,인공지능시스템학과,교과,학생부교과(지역인재전형),미공개
경북대,인공지능시스템학과,종합,학생부종합(지역인재전형),미공개
경북대,AI자율학부,종합,학생부종합(지역인재전형),신설
경북대(상주),체육학부(건강운동관리전공),교과,학생부교과(교과우수자전형),미공개
경북대(상주),말/특수동물학과,종합,학생부종합(영농창업인재전형),미공개
경북대(상주),체육학부(건강운동관리전공),종합,학생부종합(일반학생전형),미공개
경북대(상주),건설방재공학과,종합,학생부종합(장애인등대상자전형),미공개
경북대(상주),식물자원학과,종합,학생부종합(장애인등대상자전형),미공개
경상국립대(가좌),화학교육과,교과,학생부교과(일반전형),미공개
경성대,MEGA학부,교과,학생부교과(지역인재전형),신설
경성대,사진학과,교과,학생부교과(지역인재전형),신설
경성대,음악학과,종합,학생부종합(학교생활우수자전형),신설
경성대,약학과,종합,학생부종합(지역인재Ⅱ전형),신설
경운대,항공산업대학통합,교과,학생부교과(지역인재전형),신설
경운대,항공산업자율전공,교과,학생부교과(교과면접전형),미공개
경운대,G커리어대학[야간],교과,학생부교과(지역인재전형),미공개
경운대,G커리어대학[주간],교과,학생부교과(지역인재전형),신설
경운대,스마트식품학부,교과,학생부교과(교과일반전형),신설
경운대,G커리어대학[야간],종합,학생부종합(미래인재전형),신설
경운대,G커리어대학[주간],종합,학생부종합(미래인재전형),신설
경운대,경찰학과,종합,학생부종합(미래인재전형),신설
경운대,산업안전시스템학과,종합,학생부종합(미래인재전형),신설
경운대,상담심리사회복지학부,종합,학생부종합(미래인재전형),신설
경운대,항공보안경호학부,종합,학생부종합(미래인재전형),신설
경운대,반도체학과,종합,학생부종합(창의인재전형),신설
경운대,스마트식품학부,종합,학생부종합(창의인재전형),신설
경운대,임상병리학과,종합,학생부종합(창의인재전형),신설
경운대,작업치료학과,종합,학생부종합(창의인재전형),신설
경운대,치위생학과,종합,학생부종합(창의인재전형),신설
경운대,항공산업대학통합,종합,학생부종합(창의인재전형),신설
경운대,항공산업자율전공,종합,학생부종합(창의인재전형),미공개
경운대,항공운항학과,종합,학생부종합(창의인재전형),신설
경일대,시각디자인학과,교과,학생부교과(일반전형),신설
경일대,스포츠산업학과,교과,학생부교과(일반전형),신설
경일대,스마트전력·에너지공학부,종합,학생부종합(조기취업형계약학과)(정원외),신설
경일대,스포츠재활의학과,종합,학생부종합(학생부종합전형),신설
경희대,Hospitality경영학과,논술,논술(논술우수자전형),미공개
경희대,경영회계계열,논술,논술(논술우수자전형),신설
경희대,경제학과,논술,논술(논술우수자전형),미공개
경희대,관광·엔터테인먼트학부,논술,논술(논술우수자전형),미공개
경희대,국어국문학과,논술,논술(논술우수자전형),미공개
경희대,무역학과,논술,논술(논술우수자전형),미공개
경희대,미디어학과,논술,논술(논술우수자전형),미공개
경희대,빅데이터응용학과,논술,논술(논술우수자전형),미공개
경희대,사학과,논술,논술(논술우수자전형),미공개
경희대,사회학과,논술,논술(논술우수자전형),미공개
경희대,아동가족학과,논술,논술(논술우수자전형),미공개
경희대,영어영문학과,논술,논술(논술우수자전형),미공개
경희대,응용영어통번역학과,논술,논술(논술우수자전형),미공개
경희대,의상학과,논술,논술(논술우수자전형),미공개
경희대,정치외교학과,논술,논술(논술우수자전형),미공개
경희대,조리&푸드디자인학과,논술,논술(논술우수자전형),미공개
경희대,주거환경학과,논술,논술(논술우수자전형),미공개
경희대,지리학과(인문),논술,논술(논술우수자전형),미공개
경희대,철학과,논술,논술(논술우수자전형),미공개
경희대,한의예과(인문),논술,논술(논술우수자전형),미공개
경희대,행정학과,논술,논술(논술우수자전형),미공개
경희대,간호학과,논술,논술(논술우수자전형),미공개
경희대,물리학과,논술,논술(논술우수자전형),미공개
경희대,미래정보디스플레이학부,논술,논술(논술우수자전형),미공개
경희대,생물학과,논술,논술(논술우수자전형),미공개
경희대,수학과,논술,논술(논술우수자전형),미공개
경희대,식품영양학과,논술,논술(논술우수자전형),미공개
경희대,약과학과,논술,논술(논술우수자전형),미공개
경희대,약학과,논술,논술(논술우수자전형),미공개
경희대,의예과,논술,논술(논술우수자전형),미공개
경희대,지리학과(자연),논술,논술(논술우수자전형),미공개
경희대,치의예과,논술,논술(논술우수자전형),미공개
경희대,한약학과,논술,논술(논술우수자전형),미공개
경희대,한의예과(자연),논술,논술(논술우수자전형),미공개
경희대,화학과,논술,논술(논술우수자전형),미공개
경희대,[유형1] 자율전공학부,논술,논술(논술우수자전형),미공개
경희대(국제),글로벌커뮤니케이션학부,논술,논술(논술우수자전형),미공개
경희대(국제),러시아어학과,논술,논술(논술우수자전형),미공개
경희대(국제),스페인어학과,논술,논술(논술우수자전형),미공개
경희대(국제),일본어학과,논술,논술(논술우수자전형),미공개
경희대(국제),중국어학과,논술,논술(논술우수자전형),미공개
경희대(국제),프랑스어학과,논술,논술(논술우수자전형),미공개
경희대(국제),한국어학과,논술,논술(논술우수자전형),미공개
경희대(국제),건축공학과,논술,논술(논술우수자전형),미공개
경희대(국제),건축학과(5년제),논술,논술(논술우수자전형),미공개
경희대(국제),기계공학부,논술,논술(논술우수자전형),미공개
경희대(국제),사회기반시스템공학과,논술,논술(논술우수자전형),미공개
경희대(국제),산업경영공학과,논술,논술(논술우수자전형),미공개
경희대(국제),생체의공학과,논술,논술(논술우수자전형),미공개
경희대(국제),소프트웨어융합학과,논술,논술(논술우수자전형),미공개
경희대(국제),스마트팜과학과,논술,논술(논술우수자전형),미공개
경희대(국제),식품생명공학과,논술,논술(논술우수자전형),미공개
경희대(국제),신소재공학과,논술,논술(논술우수자전형),미공개
경희대(국제),우주과학과,논술,논술(논술우수자전형),미공개
경희대(국제),원자력공학과,논술,논술(논술우수자전형),미공개
경희대(국제),유전생명공학과,논술,논술(논술우수자전형),미공개
경희대(국제),응용물리학과,논술,논술(논술우수자전형),미공개
경희대(국제),응용수학과,논술,논술(논술우수자전형),미공개
경희대(국제),응용화학과,논술,논술(논술우수자전형),미공개
경희대(국제),전자공학부 반도체공학과,논술,논술(논술우수자전형),미공개
경희대(국제),전자공학부 전자공학과,논술,논술(논술우수자전형),미공개
경희대(국제),컴퓨터공학부 인공지능학과,논술,논술(논술우수자전형),미공개
경희대(국제),컴퓨터공학부 컴퓨터공학과,논술,논술(논술우수자전형),미공개
경희대(국제),화학공학과,논술,논술(논술우수자전형),미공개
경희대(국제),환경학및환경공학과,논술,논술(논술우수자전형),미공개
경희대(국제),스포츠의학과,논술,논술(논술우수자전형),미공개
경희대(국제),체육학과,논술,논술(논술우수자전형),미공개
계명대,국제경영학과(IB),교과,학생부교과(지역전형),신설
계명대,국제경영학과(IB),종합,학생부종합(지역전형),신설
계명대,리빙디자인과,종합,학생부종합(일반전형),신설
고려대,[유형2] 자유전공학부,논술,논술(논술전형),신설
고려대,경영학과,논술,논술(논술전형),신설
고려대,경제학과,논술,논술(논술전형),신설
고려대,교육학과,논술,논술(논술전형),신설
고려대,국어교육과,논술,논술(논술전형),신설
고려대,국어국문학과,논술,논술(논술전형),신설
고려대,국제학부,논술,논술(논술전형),신설
고려대,노어노문학과,논술,논술(논술전형),신설
고려대,독어독문학과,논술,논술(논술전형),신설
고려대,미디어학부,논술,논술(논술전형),신설
고려대,보건정책관리학부,논술,논술(논술전형),신설
고려대,불어불문학과,논술,논술(논술전형),신설
고려대,사학과,논술,논술(논술전형),신설
고려대,사회학과,논술,논술(논술전형),신설
고려대,서어서문학과,논술,논술(논술전형),신설
고려대,식품자원경제학과,논술,논술(논술전형),신설
고려대,심리학부,논술,논술(논술전형),신설
고려대,언어학과,논술,논술(논술전형),신설
고려대,역사교육과,논술,논술(논술전형),신설
고려대,영어교육과,논술,논술(논술전형),신설
고려대,영어영문학과,논술,논술(논술전형),신설
고려대,일어일문학과,논술,논술(논술전형),신설
고려대,정치외교학과,논술,논술(논술전형),신설
고려대,중어중문학과,논술,논술(논술전형),신설
고려대,지리교육과,논술,논술(논술전형),신설
고려대,철학과,논술,논술(논술전형),신설
고려대,통계학과,논술,논술(논술전형),신설
고려대,한국사학과,논술,논술(논술전형),신설
고려대,한문학과,논술,논술(논술전형),신설
고려대,행정학과,논술,논술(논술전형),신설
고려대,[유형2] 학부대학,논술,논술(논술전형),신설
고려대,가정교육과,논술,논술(논술전형),신설
고려대,간호학과,논술,논술(논술전형),신설
고려대,건축사회환경공학부,논술,논술(논술전형),신설
고려대,건축학과,논술,논술(논술전형),신설
고려대,기계공학부,논술,논술(논술전형),신설
고려대,데이터과학과,논술,논술(논술전형),신설
고려대,물리학과,논술,논술(논술전형),신설
고려대,바이오시스템의과학부,논술,논술(논술전형),신설
고려대,바이오의공학부,논술,논술(논술전형),신설
고려대,보건환경융합과학부,논술,논술(논술전형),신설
고려대,산업경영공학부,논술,논술(논술전형),신설
고려대,생명공학부,논술,논술(논술전형),신설
고려대,생명과학부,논술,논술(논술전형),신설
고려대,수학과,논술,논술(논술전형),신설
고려대,수학교육과,논술,논술(논술전형),신설
고려대,스마트보안학부,논술,논술(논술전형),신설
고려대,식품공학과,논술,논술(논술전형),신설
고려대,신소재공학부,논술,논술(논술전형),신설
고려대,융합에너지공학과,논술,논술(논술전형),신설
고려대,인공지능학과,논술,논술(논술전형),신설
고려대,전기전자공학부,논술,논술(논술전형),신설
고려대,지구환경과학과,논술,논술(논술전형),신설
고려대,컴퓨터학과,논술,논술(논술전형),신설
고려대,화공생명공학과,논술,논술(논술전형),신설
고려대,화학과,논술,논술(논술전형),신설
고려대,환경생태공학부,논술,논술(논술전형),신설
고려대,사이버국방학과,종합,학생부종합(사이버국방전형),미공개
고려대(세종),경제통계학부,논술,논술(일반전형),미공개
고려대(세종),공공사회· 통일외교학부,논술,논술(일반전형),미공개
고려대(세종),글로벌학부,논술,논술(일반전형),미공개
고려대(세종),문화유산융합학부,논술,논술(일반전형),미공개
고려대(세종),문화창의학부,논술,논술(일반전형),미공개
고려대(세종),융합경영학부,논술,논술(일반전형),미공개
고려대(세종),정부행정학부,논술,논술(일반전형),미공개
고려대(세종),표준·지식학과,논술,논술(일반전형),미공개
고려대(세종),디지털헬스케어공학과,논술,논술(일반전형),신설
고려대(세종),미래모빌리티학과,논술,논술(일반전형),미공개
고려대(세종),반도체물리학부,논술,논술(일반전형),미공개
고려대(세종),빅데이터사이언스학부,논술,논술(일반전형),미공개
고려대(세종),생명정보공학과,논술,논술(일반전형),미공개
고려대(세종),스마트도시학부,논술,논술(일반전형),미공개
고려대(세종),식품생명공학과,논술,논술(일반전형),미공개
고려대(세종),신소재화학과,논술,논술(일반전형),미공개
고려대(세종),약학과,논술,논술(지역인재전형),미공개
고려대(세종),응용수리과학부,논술,논술(일반전형),미공개
고려대(세종),인공지능사이버보안학과,논술,논술(일반전형),미공개
고려대(세종),전자·기계융합공학과,논술,논술(일반전형),미공개
고려대(세종),전자및정보공학과,논술,논술(일반전형),미공개
고려대(세종),지능형반도체공학과,논술,논술(일반전형),미공개
고려대(세종),첨단융합신약학과,논술,논술(일반전형),신설
고려대(세종),컴퓨터소프트웨어학과,논술,논술(일반전형),미공개
고려대(세종),환경시스템공학과,논술,논술(일반전형),미공개
고려대(세종),국제스포츠학부,논술,논술(일반전형),미공개
고려대(세종),[유형1] 자유전공학부(과학기술),논술,논술(일반전형),신설
고려대(세종),[유형1] 자유전공학부(글로벌비즈니스),논술,논술(일반전형),신설
고려대(세종),[유형1] 자유전공학부(문화스포츠),논술,논술(일반전형),신설
고신대,음악콘텐츠학과,교과,학생부교과(일반고전형),신설
고신대,미디어영상마케팅학과,종합,학생부종합(고신희망전형),신설
고신대,시각디자인학과,종합,학생부종합(고신희망전형),미공개
고신대,음악콘텐츠학과,종합,학생부종합(고신희망전형),신설
고신대,자율전공학부,종합,학생부종합(고신희망전형),신설
고신대,의예과,종합,학생부종합(지역인재종합전형),신설
공주대,동물생명과학과,교과,학생부교과(일반전형),신설
공주대,동물생명과학과,종합,학생부종합(일반전형),신설
광신대,한국어교육학과,교과,학생부교과(일반전형),신설
광주대,공과대학,교과,학생부교과(나눔인재),신설
광주대,문화산업대학(문화),교과,학생부교과(나눔인재),신설
광주대,문화산업대학(예체능),교과,학생부교과(나눔인재),신설
광주대,보건복지대학,교과,학생부교과(나눔인재),신설
광주대,인문사회과학대학,교과,학생부교과(나눔인재),신설
광주대,태권도학과,교과,학생부교과(일반학생),신설
광주여대,공간디자인학과,교과,학생부교과(일반학생전형Ⅱ),신설
광주여대,외식조리제과제빵학과,교과,학생부교과(일반학생전형Ⅱ),신설
광주여대,융합학부,교과,학생부교과(지역인재전형),신설
국민대,[유형2] 동아시아국제학부,논술,논술,신설
국민대,[유형2] 법학부,논술,논술,신설
국민대,경영학부,논술,논술,신설
국민대,경제학과,논술,논술,신설
국민대,교육학과,논술,논술,신설
국민대,러시아·유라시아학과,논술,논술,신설
국민대,미디어·광고학부,논술,논술,신설
국민대,사회학과,논술,논술,신설
국민대,정치외교학과,논술,논술,신설
국민대,중어중문학과,논술,논술,신설
국민대,한국어문학부,논술,논술,신설
국민대,한국역사학과,논술,논술,신설
국민대,행정학과,논술,논술,신설
국민대,[유형2] 건축학부,논술,논술,신설
국민대,[유형2] 자동차모빌리티대학,논술,논술,신설
국민대,AI빅데이터 융합경영학과(자연),논술,논술,신설
국민대,건설시스템공학부,논술,논술,신설
국민대,경영정보학부,논술,논술,신설
국민대,기계공학부,논술,논술,신설
국민대,미래모빌리티학과,논술,논술,신설
국민대,바이오소재 융합공학과,논술,논술,미공개
국민대,바이오의과학과,논술,논술,신설
국민대,산림기후환경학과,논술,논술,신설
국민대,소프트웨어학부,논술,논술,신설
국민대,식품영양학과,논술,논술,신설
국민대,신소재공학부,논술,논술,신설
국민대,양자융합공학과,논술,논술,신설
국민대,에너지반도체 화학공학과,논술,논술,신설
국민대,융합바이오공학과,논술,논술,신설
국민대,인공지능학부,논술,논술,신설
국민대,전자공학부,논술,논술,신설
국민대,정보보안암호수학과,논술,논술,신설
국민대,제약공학과,논술,논술,신설
국민대,바이오소재 융합공학과,교과,학생부교과(교과우수자(학교장추천)),미공개
국민대,양자융합공학과,교과,학생부교과(교과우수자(학교장추천)),신설
국민대,에너지반도체 화학공학과,교과,학생부교과(교과우수자(학교장추천)),신설
국민대,제약공학과,교과,학생부교과(교과우수자(학교장추천)),신설
국민대,바이오소재 융합공학과,종합,학생부종합(국민프런티어),미공개
국민대,양자융합공학과,종합,학생부종합(국민프런티어),신설
국민대,에너지반도체 화학공학과,종합,학생부종합(국민프런티어),신설
국민대,제약공학과,종합,학생부종합(국민프런티어),신설
국민대,KMU International Business School,종합,학생부종합(국제인재),신설
군산대,법경찰학과,교과,학생부교과(지역인재Ⅰ전형),미공개
군산대,상담심리학과,교과,학생부교과(지역인재Ⅰ전형),신설
군산대,행정학과,교과,학생부교과(지역인재Ⅰ전형),미공개
군산대,AI융합계열,교과,학생부교과(지역인재Ⅰ전형),신설
군산대,바이오헬스학과,교과,학생부교과(지역인재Ⅰ전형),신설
군산대,스마트시티학과,교과,학생부교과(지역인재Ⅰ전형),신설
군산대,스마트오션모빌리티공학과,교과,학생부교과(지역인재Ⅰ전형),신설
군산대,이차전지·에너지학과,교과,학생부교과(지역인재Ⅰ전형),신설
군산대,법경찰학과,종합,학생부종합(일반학생전형),미공개
군산대,상담심리학과,종합,학생부종합(일반학생전형),신설
군산대,행정학과,종합,학생부종합(일반학생전형),미공개
군산대,AI융합계열,종합,학생부종합(일반학생전형),신설
군산대,바이오헬스학과,종합,학생부종합(일반학생전형),신설
군산대,수학과,종합,학생부종합(일반학생전형),미공개
군산대,스마트시티학과,종합,학생부종합(일반학생전형),신설
군산대,스마트오션모빌리티공학과,종합,학생부종합(일반학생전형),신설
군산대,이차전지·에너지학과,종합,학생부종합(일반학생전형),신설
극동대,군사학과,교과,학생부교과(교과우수자전형),신설
금강대,불교문화학부,교과,학생부교과(일반전형),신설
금오공대,[유형1] 미래융합대학 자율전공학부,교과,학생부교과(지역인재전형),신설
금오공대,[유형1] 첨단융합대학 자율전공학부,교과,학생부교과(지역인재전형),신설
금오공대,AX융합학과,교과,학생부교과(지역인재전형),신설
금오공대,건축토목공학부,교과,학생부교과(지역인재전형),신설
금오공대,건축학과(5년제),교과,학생부교과(지역인재전형),신설
금오공대,반도체소부장전공,교과,학생부교과(학생부교과전형),신설
금오공대,컴퓨터공학부 인공지능공학전공,교과,학생부교과(지역인재전형),신설
금오공대,AX융합학과,종합,학생부종합(KIT인재전형),신설
금오공대,건축토목공학부,종합,학생부종합(KIT인재전형),신설
금오공대,건축학과(5년제),종합,학생부종합(KIT인재전형),신설
금오공대,반도체소부장전공,종합,학생부종합(KIT인재전형),신설
금오공대,컴퓨터공학부 인공지능공학전공,종합,학생부종합(KIT인재전형),신설
금오공대,[유형1] 미래융합대학 자율전공학부,종합,학생부종합(자율인재전형),신설
금오공대,[유형1] 첨단융합대학 자율전공학부,종합,학생부종합(자율인재전형),신설
나사렛대,공공인재학과,교과,학생부교과(지역인재1전형),신설
나사렛대,충남재활고용학과,종합,학생부종합(계약학과(조기취업형))(정원외),신설
나사렛대,경영학과,종합,학생부종합(창의융합인재-서류형),신설
나사렛대,공공인재학과,종합,학생부종합(창의융합인재-서류형),신설
나사렛대,AI융합학부,종합,학생부종합(창의융합인재-서류형),신설
남부대,AI기계공학부,교과,학생부교과(일반학생전형),신설
남부대,한국어학과,교과,학생부교과(일반학생전형),미공개
남서울대,(충남형)AI 스마트산업시스템공학과,교과,학생부교과(계약학과 채용조건형)(정원외),신설
남서울대,(충남형)AI 플랫폼소프트웨어학과,교과,학생부교과(계약학과 채용조건형)(정원외),신설
남서울대,(충남형)리안헤어뷰티아트학과,교과,학생부교과(계약학과 채용조건형)(정원외),신설
남서울대,AI모빌리티학과,교과,학생부교과(지역인재전형),신설
남서울대,반려동물보건학과,교과,학생부교과(지역인재전형),신설
남서울대,[유형1] 자율전공학부,교과,학생부교과(지역인재전형),신설
남서울대,간호학과,종합,학생부종합(면접형),미공개
남서울대,물리치료학과,종합,학생부종합(면접형),미공개
남서울대,응급구조학과,종합,학생부종합(면접형),미공개
남서울대,임상병리학과,종합,학생부종합(면접형),미공개
남서울대,치위생학과,종합,학생부종합(면접형),미공개
남서울대,공간조형디자인학과,종합,학생부종합(면접형),신설
남서울대,스포츠건강관리학과,종합,학생부종합(면접형),신설
남서울대,스포츠비즈니스학과,종합,학생부종합(면접형),신설
남서울대,시각미디어디자인학과,종합,학생부종합(면접형),신설
남서울대,영상예술디자인학과,종합,학생부종합(면접형),신설
남서울대,경영학과,종합,학생부종합(서류형),미공개
남서울대,관광경영학과,종합,학생부종합(서류형),미공개
남서울대,광고홍보학과,종합,학생부종합(서류형),미공개
남서울대,글로벌무역학과,종합,학생부종합(서류형),미공개
남서울대,부동산학과,종합,학생부종합(서류형),미공개
남서울대,사회복지학과,종합,학생부종합(서류형),미공개
남서울대,세무학과,종합,학생부종합(서류형),미공개
남서울대,아동복지학과,종합,학생부종합(서류형),미공개
남서울대,영어과,종합,학생부종합(서류형),미공개
남서울대,유통마케팅학과,종합,학생부종합(서류형),미공개
남서울대,일어일문학과,종합,학생부종합(서류형),미공개
남서울대,중국학과,종합,학생부종합(서류형),미공개
남서울대,호텔경영학과,종합,학생부종합(서류형),미공개
남서울대,휴먼케어학과,종합,학생부종합(서류형),미공개
남서울대,AI모빌리티학과,종합,학생부종합(서류형),신설
남서울대,AI융합미디어학과,종합,학생부종합(서류형),미공개
남서울대,가상현실학과,종합,학생부종합(서류형),미공개
남서울대,건축공학과,종합,학생부종합(서류형),미공개
남서울대,건축학과(5년제),종합,학생부종합(서류형),미공개
남서울대,공간정보공학과,종합,학생부종합(서류형),미공개
남서울대,반려동물보건학과,종합,학생부종합(서류형),신설
남서울대,보건행정학과,종합,학생부종합(서류형),미공개
남서울대,뷰티보건학과,종합,학생부종합(서류형),미공개
남서울대,빅데이터경영공학과,종합,학생부종합(서류형),미공개
남서울대,스마트팜학과,종합,학생부종합(서류형),미공개
남서울대,인공지능소프트웨어학과,종합,학생부종합(서류형),미공개
남서울대,전자공학과,종합,학생부종합(서류형),미공개
남서울대,지능정보통신공학과,종합,학생부종합(서류형),미공개
단국대(죽전),퇴계혁신칼리지(광역),논술,논술(논술우수자),신설
단국대(죽전),퇴계혁신칼리지(사회계열광역),논술,논술(논술우수자),신설
단국대(죽전),AI건축융합학과,논술,논술(논술우수자),신설
단국대(죽전),고분자시스템공학부,논술,논술(논술우수자),신설
단국대(죽전),기계공학과,논술,논술(논술우수자),신설
단국대(죽전),융합반도체공학과,논술,논술(논술우수자),신설
단국대(죽전),인프라건설공학과,논술,논술(논술우수자),신설
단국대(죽전),전자전기공학과,논술,논술(논술우수자),신설
단국대(죽전),퇴계혁신칼리지(공학계열광역),논술,논술(논술우수자),신설
단국대(죽전),화학공학과,논술,논술(논술우수자),신설
단국대(죽전),경영학부,교과,학생부교과(지역균형선발),신설
단국대(죽전),경제학과,교과,학생부교과(지역균형선발),신설
단국대(죽전),도시계획·부동산학부,교과,학생부교과(지역균형선발),신설
단국대(죽전),무역학과,교과,학생부교과(지역균형선발),신설
단국대(죽전),미디어커뮤니케이션학부,교과,학생부교과(지역균형선발),신설
단국대(죽전),법학과,교과,학생부교과(지역균형선발),신설
단국대(죽전),상담학과,교과,학생부교과(지역균형선발),신설
단국대(죽전),정치외교학과,교과,학생부교과(지역균형선발),신설
단국대(죽전),퇴계혁신칼리지(광역),교과,학생부교과(지역균형선발),신설
단국대(죽전),퇴계혁신칼리지(사회계열광역),교과,학생부교과(지역균형선발),신설
단국대(죽전),행정학과,교과,학생부교과(지역균형선발),신설
단국대(죽전),AI건축융합학과,교과,학생부교과(지역균형선발),신설
단국대(죽전),모바일시스템공학과,교과,학생부교과(지역균형선발),신설
단국대(죽전),산업경영학과(야),종합,학생부종합(DKU인재(서류형)),신설
단국대(죽전),퇴계혁신칼리지(사회계열광역),종합,학생부종합(DKU인재(서류형)),신설
단국대(죽전),퇴계혁신칼리지(인문계열광역),종합,학생부종합(DKU인재(서류형)),신설
단국대(죽전),AI건축융합학과,종합,학생부종합(DKU인재(서류형)),신설
단국대(죽전),사이버보안학과,종합,학생부종합(DKU인재(서류형)),신설
단국대(죽전),소프트웨어학과,종합,학생부종합(DKU인재(서류형)),신설
단국대(죽전),인공지능학과,종합,학생부종합(DKU인재(서류형)),신설
단국대(죽전),컴퓨터공학과,종합,학생부종합(DKU인재(서류형)),신설
단국대(죽전),통계데이터사이언스학과,종합,학생부종합(DKU인재(서류형)),신설
단국대(죽전),퇴계혁신칼리지(공학계열광역),종합,학생부종합(DKU인재(서류형)),신설
단국대(죽전),퇴계혁신칼리지(SW융합계열광역),종합,학생부종합(SW인재),신설
단국대(천안),해병대군사학과(남),종합,학생부종합(군사학과),신설
단국대(천안),해병대군사학과(여),종합,학생부종합(군사학과),신설
대구가톨릭대,컴퓨터인공지능학부,교과,학생부교과(지역교과전형),신설
대구가톨릭대,컴퓨터인공지능학부,종합,학생부종합(종합전형),신설
대구가톨릭대,예술치료학과,종합,학생부종합(종합전형),신설
대구가톨릭대,컴퓨터인공지능학부 AI빅데이터공학전공,종합,학생부종합(지역종합전형),신설
대구가톨릭대,컴퓨터인공지능학부 게임공학전공,종합,학생부종합(지역종합전형),신설
대구가톨릭대,컴퓨터인공지능학부 사이버보안전공,종합,학생부종합(지역종합전형),신설
대구가톨릭대,컴퓨터인공지능학부 소프트웨어융합전공,종합,학생부종합(지역종합전형),신설
대구가톨릭대,컴퓨터인공지능학부 컴퓨터공학전공,종합,학생부종합(지역종합전형),신설
대구가톨릭대,컴퓨터인공지능학부 클라우드인프라전공,종합,학생부종합(지역종합전형),신설
대구대,디자인마케팅학과,교과,학생부교과(일반전형),신설
대구대,디자인마케팅학과,종합,학생부종합(서류전형),신설
대구한의대,식품산업학과,교과,학생부교과(지역인재전형),신설
대구한의대,자율전공학부,교과,학생부교과(지역인재전형),신설
대전대,건설환경안전공학부,교과,학생부교과(지역인재Ⅰ전형),신설
대진대,대순종학과,교과,학생부교과(종단추천자전형),미공개
대진대,AI건설융합공학과,교과,학생부교과(학생부우수자전형),신설
대진대,AI건설융합공학과,종합,학생부종합(윈윈대진전형),신설
대진대,[유형1] 자율전공학부,종합,학생부종합(윈윈대진전형),신설
동국대,[유형2] 경영대학,논술,논술(논술),신설
동국대,[유형2] 바이오시스템대학,논술,논술(논술),신설
동국대(WISE),글로벌무역학과,교과,학생부교과(학업성적우수자전형),신설
동덕여대,국사학전공,논술,논술(논술우수자전형),미공개
동덕여대,국어국문학전공,논술,논술(논술우수자전형),미공개
동덕여대,글로벌MICE융합전공,논술,논술(논술우수자전형),미공개
동덕여대,문예창작전공,논술,논술(논술우수자전형),미공개
동덕여대,문헌정보학전공,논술,논술(논술우수자전형),미공개
동덕여대,문화예술경영전공,논술,논술(논술우수자전형),미공개
동덕여대,사회복지학전공,논술,논술(논술우수자전형),미공개
동덕여대,아동학전공,논술,논술(논술우수자전형),미공개
동덕여대,앙트러프러너십전공,논술,논술(논술우수자전형),신설
동덕여대,영어전공,논술,논술(논술우수자전형),미공개
동덕여대,유러피언스터디즈전공,논술,논술(논술우수자전형),미공개
동덕여대,일어일본학전공,논술,논술(논술우수자전형),미공개
동덕여대,중어중국학전공,논술,논술(논술우수자전형),미공개
동덕여대,커뮤니케이션콘텐츠전공,논술,논술(논술우수자전형),미공개
동덕여대,큐레이터학전공,논술,논술(논술우수자전형),미공개
동덕여대,HCI사이언스전공,논술,논술(논술우수자전형),미공개
동덕여대,데이터사이언스전공,논술,논술(논술우수자전형),미공개
동덕여대,보건관리학전공,논술,논술(논술우수자전형),미공개
동덕여대,식품영양학전공,논술,논술(논술우수자전형),미공개
동덕여대,응용화학전공,논술,논술(논술우수자전형),미공개
동덕여대,정보통계학전공,논술,논술(논술우수자전형),미공개
동덕여대,컴퓨터학전공,논술,논술(논술우수자전형),미공개
동덕여대,화장품학전공,논술,논술(논술우수자전형),미공개
동명대,해양IT공학과,교과,학생부교과(일반고교과전형),신설
동명대,해양방위산업공학과,교과,학생부교과(일반고교과전형),신설
동명대,메이크업디자인학과,교과,학생부교과(지역인재전형),신설
동명대,문화예술학부,교과,학생부교과(면접전형),신설
동명대,반려동물케어학부,교과,학생부교과(일반고교과전형),신설
동명대,뷰티케어학과,교과,학생부교과(지역인재전형),신설
동명대,식품조리학부,교과,학생부교과(일반고교과전형),신설
동명대,헤어디자인학과,교과,학생부교과(지역인재전형),신설
동명대,해양IT공학과,종합,학생부종합(창의인재전형),신설
동명대,해양방위산업공학과,종합,학생부종합(창의인재전형),신설
동명대,게임학부,종합,학생부종합(창의인재전형),신설
동명대,메이크업디자인학과,종합,학생부종합(창의인재전형),신설
동명대,반려동물케어학부,종합,학생부종합(창의인재전형),신설
동명대,뷰티케어학과,종합,학생부종합(창의인재전형),신설
동명대,스포츠융합학과,종합,학생부종합(창의인재전형),신설
동명대,식품조리학부,종합,학생부종합(창의인재전형),신설
동명대,헤어디자인학과,종합,학생부종합(창의인재전형),신설
동서대,[광역] 계열2(방송영상·광고홍보),교과,학생부교과(학생부면접전형),신설
동서대,계열4(건축),교과,학생부교과(학생부면접전형),신설
동서대,[광역] 계열1(영화·뮤지컬·연기),교과,학생부교과(학생부면접전형),신설
동서대,[광역] 계열3(게임·애니메이션·웹툰),교과,학생부교과(학생부면접전형),신설
동서대,[광역] 계열5(디자인·패션),교과,학생부교과(학생부면접전형),신설
동서대,[광역] 계열2(방송영상·광고홍보),종합,학생부종합(학생부종합전형),신설
동서대,계열4(건축),종합,학생부종합(학생부종합전형),신설
동서대,디지털금융학과,종합,학생부종합(학생부종합전형),신설
동서대,[광역] 계열1(영화·뮤지컬·연기),종합,학생부종합(학생부종합전형),신설
동서대,[광역] 계열3(게임·애니메이션·웹툰),종합,학생부종합(학생부종합전형),신설
동서대,[광역] 계열5(디자인·패션),종합,학생부종합(학생부종합전형),신설
동신대,AI보안학과,교과,학생부교과(일반전형),신설
동신대,뮤지컬·실용음악학과,교과,학생부교과(면접전형),신설
동신대,AI미디어콘텐츠학과,교과,학생부교과(일반전형),신설
동신대,보건복지대학(자율전공),교과,학생부교과(자율인재전형),신설
동신대,사회문화대학(예체능자율전공),교과,학생부교과(자율인재전형),신설
동신대,사회문화대학(인문사회자율전공),교과,학생부교과(자율인재전형),신설
동신대,에너지공과대학(자율전공),교과,학생부교과(자율인재전형),신설
동아대,환경에너지공학과,교과,학생부교과(지역인재교과전형),신설
동아대,[유형1] 자유전공학부[에너지테크],교과,학생부교과(지역인재교과전형),신설
동아대,[유형1] 자유전공학부[휴먼케어],교과,학생부교과(지역인재교과전형),신설
동아대,환경에너지공학과,종합,학생부종합(학교생활우수자전형),신설
동양대,안전공학부,교과,학생부교과(일반전형Ⅰ),신설
동양대,보건행정학과,교과,학생부교과(일반전형Ⅱ),신설
동의대,[유형2] 상경대학자유전공학부,교과,학생부교과(일반고교과전형),신설
동의대,[유형2] 인문사회과학대학자유전공학부,교과,학생부교과(일반고교과전형),신설
동의대,[유형2] 공과대학자유전공학부,교과,학생부교과(일반고교과전형),신설
명지대,AI응용시스템전공,교과,학생부교과(학교장추천전형),신설
명지대,AI컴퓨터공학전공,교과,학생부교과(학교장추천전형),신설
명지대,전기정보공학전공,교과,학생부교과(학교장추천전형),신설
명지대,전자공학전공,교과,학생부교과(학교장추천전형),신설
명지대,AI응용시스템전공,종합,학생부종합(명지인재서류전형),신설
명지대,AI컴퓨터공학전공,종합,학생부종합(명지인재서류전형),신설
명지대,전기정보공학전공,종합,학생부종합(명지인재서류전형),신설
명지대,전자공학전공,종합,학생부종합(명지인재서류전형),신설
목원대,외식조리·제과제빵학과,종합,학생부종합(학생부종합전형),신설
목포대,외식조리제빵과,교과,학생부교과(교과일반전형),신설
목포대,스마트조선해양·에너지학부,교과,학생부교과(교과일반전형),신설
목포대,토목환경과,교과,학생부교과(교과일반전형),신설
목포대,농수산식품학부,종합,학생부종합(미래인재전형),신설
목포대,스마트조선해양·에너지학부,종합,학생부종합(미래인재전형),신설
목포대,교육학과,종합,학생부종합(종합일반전형),신설
목포대,영어교육과,종합,학생부종합(종합일반전형),신설
목포대,윤리교육과,종합,학생부종합(종합일반전형),신설
목포대,[유형1] 글로벌자율전공학부,종합,학생부종합(종합일반전형),신설
목포대,스마트모빌리티학부,종합,학생부종합(종합일반전형),신설
목포대,토목환경과,종합,학생부종합(종합일반전형),신설
목포대,환경교육과,종합,학생부종합(종합일반전형),신설
목포대,예술크리에이티브학부,종합,학생부종합(종합일반전형),신설
목포대,음악공연기획과,종합,학생부종합(종합일반전형),신설
배재대,AI소프트웨어공학부(인공지능 신설),교과,학생부교과(일반고교과전형),신설
배재대,피지컬AI공학부신설(AI융합전자),교과,학생부교과(일반고교과전형),신설
배재대,공연예술학부(영화영상학 - 연기),교과,학생부교과(교과전형),미공개
배재대,공연예술학부(영화영상학 - 연출 및 스텝),교과,학생부교과(교과전형),신설
배재대,디자인학부(산업디자인),교과,학생부교과(교과전형),신설
배재대,디자인학부(커뮤니케이션디자인),교과,학생부교과(교과전형),신설
배재대,레저스포츠학부(스포츠마케팅),교과,학생부교과(교과전형),신설
배재대,운동재활복지학과,교과,학생부교과(지역인재Ⅰ전형),신설
배재대,자율전공학부,교과,학생부교과(지역인재Ⅰ전형),신설
백석대,문화예술학부(글로벌뷰티아트),교과,학생부교과(지역인재(일반)전형),신설
백석대,문화예술학부(글로벌뷰티아트),종합,학생부종합(창의인재전형),신설
백석대,관광학부(항공서비스),종합,학생부종합(창의인재전형-항공서비스),신설
부경대,AI융합시스템공학과,교과,학생부교과(지역혁신인재전형),신설
부경대,AX지속가능융합학과,교과,학생부교과(지역혁신인재전형),신설
부경대,[유형2] AXIC자유전공학부,교과,학생부교과(지역혁신인재전형),신설
부경대,디지털금융학과,종합,학생부종합(학교생활우수인재전형),신설
부경대,AI융합시스템공학과,종합,학생부종합(학교생활우수인재전형),신설
부경대,AX지속가능융합학과,종합,학생부종합(학교생활우수인재전형),신설
부경대,과학컴퓨팅학과,종합,학생부종합(학교생활우수인재전형),미공개
부경대,"스마트헬스케어학부(바이오메디컬공학전공, 휴먼바이오융합전공)",종합,학생부종합(학교생활우수인재전형),미공개
부경대,[유형2] AXIC자유전공학부,종합,학생부종합(학교생활우수인재전형),신설
부산대,[유형2] AI컴퓨팅자율전공,논술,논술(논술전형),신설
부산대,스마트가전공학과,논술,논술(논술전형),신설
부산대,스마트시티전공,논술,논술(논술전형),신설
부산대,[유형2] AI컴퓨팅자율전공,교과,학생부교과(학생부교과전형),신설
부산대,[유형2] X-모빌리티융합학부,교과,학생부교과(지역인재전형),신설
부산대,스마트가전공학과,교과,학생부교과(지역인재전형),신설
부산대,물리교육과,종합,학생부종합(학생부종합전형),신설
부산대,불어불문학과,종합,학생부종합(학생부종합전형),신설
부산대,사회복지학과,종합,학생부종합(학생부종합전형),신설
부산대,정치외교학과,종합,학생부종합(학생부종합전형),신설
부산대,[유형2] AI컴퓨팅자율전공,종합,학생부종합(학생부종합전형),신설
부산대,[유형2] X-모빌리티융합학부,종합,학생부종합(지역인재전형),신설
부산대,스마트가전공학과,종합,학생부종합(지역인재전형),신설
부산대(양산),데이터사이언스학부,교과,학생부교과(지역인재전형),신설
부산대(양산),바이오메디컬공학과,교과,학생부교과(지역인재전형),신설
부산대(양산),데이터사이언스학부,종합,학생부종합(지역인재전형),신설
부산대(양산),바이오메디컬공학과,종합,학생부종합(지역인재전형),신설
삼육대,경영학과,논술,논술(논술우수자전형),미공개
삼육대,글로벌한국학과,논술,논술(논술우수자전형),미공개
삼육대,사회복지학과,논술,논술(논술우수자전형),미공개
삼육대,상담심리학과,논술,논술(논술우수자전형),미공개
삼육대,영어영문학과,논술,논술(논술우수자전형),미공개
삼육대,유아교육과,논술,논술(논술우수자전형),미공개
삼육대,항공관광외국어학부,논술,논술(논술우수자전형),미공개
삼육대,간호학과,논술,논술(논술우수자전형),미공개
삼육대,건축학과(5년제),논술,논술(논술우수자전형),미공개
삼육대,데이터클라우드공학과,논술,논술(논술우수자전형),미공개
삼육대,동물자원과학과,논술,논술(논술우수자전형),미공개
삼육대,물리치료학과,논술,논술(논술우수자전형),미공개
삼육대,바이오융합공학과,논술,논술(논술우수자전형),미공개
삼육대,보건관리학과,논술,논술(논술우수자전형),미공개
삼육대,식품영양학과,논술,논술(논술우수자전형),미공개
삼육대,약학과,논술,논술(논술우수자전형),신설
삼육대,인공지능융합학부,논술,논술(논술우수자전형),미공개
삼육대,컴퓨터공학부,논술,논술(논술우수자전형),미공개
삼육대,화학생명과학과,논술,논술(논술우수자전형),미공개
삼육대,환경디자인원예학과,논술,논술(논술우수자전형),미공개
삼육대,[유형2] 미래융합자유전공학부,논술,논술(논술우수자전형),신설
삼육대,[유형2] 창의융합자유전공학부,논술,논술(논술우수자전형),신설
삼육대,[유형2] 미래융합자유전공학부,종합,학생부종합(재림교회목회자추천전형),신설
삼육대,[유형2] 창의융합자유전공학부,종합,학생부종합(재림교회목회자추천전형),신설
상지대,시각영상디자인학과,교과,학생부교과(교과일반전형),신설
상지대,군사학과,종합,학생부종합(종합강원인재전형),신설
상지대,소방공학과,종합,학생부종합(종합일반전형),신설
서강대,경영학부,논술,논술(일반),미공개
서강대,경제학과,논술,논술(일반),미공개
서강대,사회과학부,논술,논술(일반),미공개
서강대,영문학부,논술,논술(일반),미공개
서강대,인문학부,논술,논술(일반),미공개
서강대,지식융합미디어학부,논술,논술(일반),미공개
서강대,기계공학과,논술,논술(일반),미공개
서강대,물리학과,논술,논술(일반),미공개
서강대,수학과,논술,논술(일반),미공개
서강대,시스템반도체공학과,논술,논술(일반),미공개
서강대,인공지능학과,논술,논술(일반),미공개
서강대,전자공학과,논술,논술(일반),미공개
서강대,컴퓨터공학과,논술,논술(일반),미공개
서강대,화공생명공학과,논술,논술(일반),미공개
서강대,반도체공학과,교과,학생부교과(지역균형),신설
서경대,아트앤테크놀로지학과,논술,논술(논술우수자),신설
서경대,[유형1] 자유전공학부,교과,학생부교과(교과우수자),신설
서경대,미래융합학부1,교과,학생부교과(교과우수자),신설
서경대,미래융합학부2,교과,학생부교과(교과우수자),신설
서경대,아트앤테크놀로지학과,교과,학생부교과(교과우수자),신설
서울과학기술대,[유형1] ST자유전공학부_자연,논술,논술(논술전형),신설
서울과학기술대,양자융합물리학과,교과,학생부교과(고교추천전형),신설
서울과학기술대,양자융합물리학과,종합,학생부종합(창의융합인재전형),신설
서울과학기술대,[유형1] ST자유전공학부_인문,종합,학생부종합(학교생활우수자전형),신설
서울기독대,기독교신학,교과,학생부교과(일반전형),미공개
서울기독대,상담심리(야),교과,학생부교과(일반전형),미공개
서울시립대,건축공학전공,논술,논술(논술전형),미공개
서울시립대,교통공학과,논술,논술(논술전형),미공개
서울시립대,기계정보공학과,논술,논술(논술전형),미공개
서울시립대,물리학과,논술,논술(논술전형),미공개
서울시립대,생명과학과,논술,논술(논술전형),미공개
서울시립대,수학과,논술,논술(논술전형),미공개
서울시립대,신소재공학과,논술,논술(논술전형),미공개
서울시립대,인공지능학과,논술,논술(논술전형),신설
서울시립대,전자전기컴퓨터공학부,논술,논술(논술전형),미공개
서울시립대,컴퓨터과학부,논술,논술(논술전형),미공개
서울시립대,토목공학과,논술,논술(논술전형),미공개
서울시립대,통계학과,논술,논술(논술전형),신설
서울시립대,환경공학부,논술,논술(논술전형),미공개
서울시립대,경영학부,교과,학생부교과(고교추천전형),신설
서울시립대,바이오헬스전공,교과,학생부교과(고교추천전형),신설
서울시립대,첨단인공지능전공,교과,학생부교과(고교추천전형),신설
서울시립대,지능형반도체전공,종합,학생부종합(학생부종합전형Ⅰ(면접형)),신설
서울신학대,데이터사이언스학과,종합,학생부종합(H+인재전형),신설
서울여대,[유형2] 자유전공학부(광역) 인문사회계열,논술,논술(논술우수자전형),신설
서울여대,[유형2] 자유전공학부(광역) 자연계열,논술,논술(논술우수자전형),신설
서울여대,인공지능전공,교과,학생부교과(교과우수자전형),신설
서울여대,인공지능전공,종합,학생부종합(바롬인재서류전형),신설
서울장신대,사회복지학과,교과,학생부교과(일반전형),신설
서울장신대,상담심리학과,교과,학생부교과(일반전형),신설
서울장신대,자율전공학부,교과,학생부교과(일반전형),신설
서원대,AI로봇학과,교과,학생부교과(일반전형),신설
선문대,반도체소재공학과,종합,학생부종합(서류전형),신설
성결대,스마트관광항공학부 항공경영전공,교과,학생부교과(교과성적우수자),신설
성결대,화장품공학과,교과,학생부교과(교과성적우수자),신설
성결대,경영학과,종합,학생부종합(영암인재),신설
성결대,국제교류·개발협력학과,종합,학생부종합(영암인재),신설
성결대,사회복지학과,종합,학생부종합(영암인재),신설
성결대,스마트관광항공학부 관광학전공,종합,학생부종합(영암인재),신설
성결대,스마트관광항공학부 항공경영전공,종합,학생부종합(영암인재),신설
성결대,영미언어문화학과,종합,학생부종합(영암인재),신설
성결대,한국어문화학과,종합,학생부종합(영암인재),신설
성결대,ICT공학과,종합,학생부종합(영암인재),신설
성결대,미디어소프트웨어학과,종합,학생부종합(영암인재),신설
성결대,컴퓨터AI공학과,종합,학생부종합(영암인재),신설
성결대,화장품공학과,종합,학생부종합(영암인재),신설
성균관대,경영학과,논술,논술(언어형),신설
성균관대,글로벌경영학과,논술,논술(언어형),신설
성균관대,글로벌경제학과,논술,논술(언어형),신설
성균관대,글로벌리더학부,논술,논술(언어형),신설
성균관대,사회과학계열,논술,논술(언어형),신설
성균관대,건설환경공학부,논술,논술(언어형),신설
성균관대,공학계열,논술,논술(언어형),신설
성균관대,글로벌AI융합학부,논술,논술(언어형),신설
성균관대,글로벌바이오메디컬공학과,논술,논술(수리형),신설
성균관대,반도체시스템공학과,논술,논술(수리형),신설
성균관대,반도체융합공학과,논술,논술(수리형),신설
성균관대,약학과,논술,논술(수리형),신설
성균관대,에너지학과,논술,논술(수리형),신설
성균관대,의예과,논술,논술(수리형),신설
성균관대,인공지능학과,논술,논술(수리형),신설
성균관대,자연과학계열,논술,논술(언어형),신설
성균관대,전자전기정보공학부,논술,논술(언어형),신설
성균관대,지능형소프트웨어학과,논술,논술(수리형),신설
성균관대,컴퓨터공학과,논술,논술(언어형),신설
성균관대,[유형1] 자유전공계열,논술,논술(언어형),신설
성균관대,인문과학계열,논술,논술(언어형),신설
성균관대,컴퓨터공학과,교과,학생부교과(추천인재),신설
성균관대,컴퓨터공학과,종합,학생부종합(탐구인재),신설
성균관대,연기예술학과(연출),종합,학생부종합(성균인재),신설
성균관대,국어국문학과,종합,학생부종합(탐구인재),신설
성균관대,사학과,종합,학생부종합(탐구인재),신설
성균관대,심리학과,종합,학생부종합(탐구인재),신설
성균관대,철학과,종합,학생부종합(탐구인재),신설
성균관대,통계학과,종합,학생부종합(탐구인재),신설
성균관대,물리학과,종합,학생부종합(탐구인재),신설
성균관대,생명과학과,종합,학생부종합(탐구인재),신설
성균관대,수학과,종합,학생부종합(탐구인재),신설
성균관대,인공지능학과,종합,학생부종합(탐구인재),신설
성균관대,화학과,종합,학생부종합(탐구인재),신설
성신여대,융합AI반도체공학과,논술,논술(논술우수자전형),신설
성신여대,경영학과,교과,학생부교과(지역균형전형),신설
성신여대,경제학과,교과,학생부교과(지역균형전형),신설
성신여대,국어국문학과,교과,학생부교과(지역균형전형),신설
성신여대,독일어문·문화학과,교과,학생부교과(지역균형전형),신설
성신여대,문화예술경영학과,교과,학생부교과(지역균형전형),신설
성신여대,미디어커뮤니케이션학과,교과,학생부교과(지역균형전형),신설
성신여대,법학부,교과,학생부교과(지역균형전형),신설
성신여대,사학과,교과,학생부교과(지역균형전형),신설
성신여대,사회복지학과,교과,학생부교과(지역균형전형),신설
성신여대,소비자산업학과,교과,학생부교과(지역균형전형),신설
성신여대,심리학과,교과,학생부교과(지역균형전형),신설
성신여대,영어영문학과,교과,학생부교과(지역균형전형),신설
성신여대,의류산업학과,교과,학생부교과(지역균형전형),신설
성신여대,일본어문·문화학과,교과,학생부교과(지역균형전형),신설
성신여대,정치외교학과,교과,학생부교과(지역균형전형),신설
성신여대,중국어문·문화학과,교과,학생부교과(지역균형전형),신설
성신여대,지리학과,교과,학생부교과(지역균형전형),신설
성신여대,프랑스어문·문화학과,교과,학생부교과(지역균형전형),신설
성신여대,AI융합학과,교과,학생부교과(지역균형전형),신설
성신여대,바이오식품공학과,교과,학생부교과(지역균형전형),신설
성신여대,바이오신약의과학부,교과,학생부교과(지역균형전형),신설
성신여대,바이오헬스융합학부,교과,학생부교과(지역균형전형),신설
성신여대,서비스디자인공학과,교과,학생부교과(지역균형전형),신설
성신여대,수리통계데이터사이언스학부,교과,학생부교과(지역균형전형),신설
성신여대,융합AI반도체공학과,교과,학생부교과(지역균형전형),신설
성신여대,융합보안공학과,교과,학생부교과(지역균형전형),신설
성신여대,청정신소재공학과,교과,학생부교과(지역균형전형),신설
성신여대,컴퓨터공학과,교과,학생부교과(지역균형전형),신설
성신여대,화학·에너지융합학부,교과,학생부교과(지역균형전형),신설
성신여대,융합AI반도체공학과,종합,학생부종합(자기주도인재전형),신설
세명대,공연예술학과,교과,학생부교과(지역인재(일반)전형),신설
세명대,시각·영상디자인학과,교과,학생부교과(인문계고교전형),신설
세명대,아트&산업디자인학과,교과,학생부교과(인문계고교전형),신설
세명대,영화웹툰애니메이션학과,교과,학생부교과(인문계고교전형),신설
세명대,패션디자인학과,교과,학생부교과(인문계고교전형),신설
세종대,양자지능정보학과,논술,논술(논술우수자전형),신설
세종대,[유형1] 자유전공학부,논술,논술(논술우수자전형),신설
세종대,국방AI로봇융합공학과(해병대)계약,종합,학생부종합(국방AI로봇융합공학특별전형)(정원외),신설
세종대,[유형2] 경상호텔관광계열,종합,학생부종합(세종인재전형(서류형)),신설
세종대,[유형2] 인문사회계열,종합,학생부종합(세종인재전형(서류형)),신설
세종대,[유형2] IT계열,종합,학생부종합(세종인재전형(서류형)),신설
세종대,[유형2] 공과계열,종합,학생부종합(세종인재전형(서류형)),신설
세종대,[유형2] 자연생명계열,종합,학생부종합(세종인재전형(서류형)),신설
세종대,[유형2] 첨단융합계열,종합,학생부종합(세종인재전형(서류형)),신설
세한대(당진),공공안전학부,교과,학생부교과(일반학생전형),신설
송원대,스포츠AI자율전공학과,교과,학생부교과(면접우수자면접전형),신설
송원대,국제자율학부(한국어교육과),교과,학생부교과(학생부우수자일반전형),미공개
송원대,모빌리티자율전공학과,교과,학생부교과(학생부우수자일반전형),신설
수원대,건축학과,교과,학생부교과(면접위주교과전형),신설
수원대,소방재난공학과,교과,학생부교과(면접위주교과전형),신설
숙명여대,가족자원경영학과,논술,논술(논술우수자전형),미공개
숙명여대,경영학부,논술,논술(논술우수자전형),미공개
숙명여대,경제학부,논술,논술(논술우수자전형),미공개
숙명여대,교육학부,논술,논술(논술우수자전형),미공개
숙명여대,독일언어·문화학과,논술,논술(논술우수자전형),미공개
숙명여대,르꼬르동블루외식경영전공,논술,논술(논술우수자전형),미공개
숙명여대,문헌정보학과,논술,논술(논술우수자전형),미공개
숙명여대,문화관광외식학부,논술,논술(논술우수자전형),미공개
숙명여대,미디어학부,논술,논술(논술우수자전형),미공개
숙명여대,법학부,논술,논술(논술우수자전형),미공개
숙명여대,사회심리학과,논술,논술(논술우수자전형),미공개
숙명여대,소비자경제학과,논술,논술(논술우수자전형),미공개
숙명여대,아동복지학부,논술,논술(논술우수자전형),미공개
숙명여대,역사문화학과,논술,논술(논술우수자전형),미공개
숙명여대,영어영문학부,논술,논술(논술우수자전형),미공개
숙명여대,일본학과,논술,논술(논술우수자전형),미공개
숙명여대,정치외교학과,논술,논술(논술우수자전형),미공개
숙명여대,중어중문학부,논술,논술(논술우수자전형),미공개
숙명여대,프랑스언어·문화학과,논술,논술(논술우수자전형),미공개
숙명여대,한국어문학부,논술,논술(논술우수자전형),미공개
숙명여대,행정학과,논술,논술(논술우수자전형),미공개
숙명여대,홍보광고학과,논술,논술(논술우수자전형),미공개
숙명여대,기계시스템학부,논술,논술(논술우수자전형),미공개
숙명여대,데이터사이언스전공,논술,논술(논술우수자전형),미공개
숙명여대,생명시스템학부,논술,논술(논술우수자전형),미공개
숙명여대,수학과,논술,논술(논술우수자전형),미공개
숙명여대,식품영양학과,논술,논술(논술우수자전형),미공개
숙명여대,신소재물리학부,논술,논술(논술우수자전형),미공개
숙명여대,약학부,논술,논술(논술우수자전형),신설
숙명여대,의류학과,논술,논술(논술우수자전형),미공개
숙명여대,인공지능공학부,논술,논술(논술우수자전형),미공개
숙명여대,지능형전자시스템학부,논술,논술(논술우수자전형),미공개
숙명여대,컴퓨터과학전공,논술,논술(논술우수자전형),미공개
숙명여대,통계학과,논술,논술(논술우수자전형),미공개
숙명여대,화공생명공학부,논술,논술(논술우수자전형),미공개
숙명여대,화학과,논술,논술(논술우수자전형),미공개
숙명여대,첨단공학부,교과,학생부교과(지역균형선발전형),신설
숙명여대,[유형1] 자유전공학부,교과,학생부교과(지역균형선발전형),신설
순천대,물리교육과,교과,학생부교과(지역인재전형),신설
순천대,생물교육과,교과,학생부교과(지역인재전형),신설
순천대,화학교육과,교과,학생부교과(지역인재전형),신설
순천대,사회과학분야,종합,학생부종합(종합서류전형),신설
순천대,사회교육과,종합,학생부종합(종합면접전형),신설
순천대,인문분야,종합,학생부종합(종합서류전형),신설
순천대,간호학과,종합,학생부종합(종합면접전형),신설
순천대,건축학부,종합,학생부종합(종합서류전형),신설
순천대,공학분야,종합,학생부종합(종합서류전형),신설
순천대,농업교육과,종합,학생부종합(종합서류전형),신설
순천대,물리교육과,종합,학생부종합(종합면접전형),신설
순천대,생물교육과,종합,학생부종합(종합면접전형),신설
순천대,수학교육과,종합,학생부종합(종합면접전형),신설
순천대,약학과,종합,학생부종합(종합면접전형),신설
순천대,컴퓨터교육과,종합,학생부종합(종합면접전형),신설
순천대,화학교육과,종합,학생부종합(종합면접전형),신설
순천대,예체능분야,종합,학생부종합(종합면접전형),신설
순천대,생명산업과학분야,종합,학생부종합(종합서류전형),신설
순천대,국어교육과,종합,학생부종합(종합서류전형),신설
순천대,영어교육과,종합,학생부종합(종합서류전형),신설
순천대,식품영양학과,종합,학생부종합(종합서류전형),신설
순천대,융합바이오시스템기계공학과,종합,학생부종합(종합서류전형),신설
순천대,[유형1] 자유전공학부(인문사회·자연),종합,학생부종합(종합서류전형),신설
순천향대,[광역] 디지털의료스쿨,교과,학생부교과(충청형지역인재전형),신설
순천향대,[광역] 의약바이오스쿨(바이오의약계열),교과,학생부교과(충청형지역인재전형),신설
순천향대,[광역] 첨단의료기기스쿨,교과,학생부교과(충청형지역인재전형),신설
순천향대,[광역] 헬스케어서비스스쿨(스포츠의학계열),교과,학생부교과(충청형지역인재전형),신설
순천향대,AI게임공학과,교과,학생부교과(충청형지역인재전형),신설
순천향대,소프트웨어공학전공,교과,학생부교과(충청형지역인재전형),미공개
순천향대,컴퓨터공학전공,교과,학생부교과(충청형지역인재전형),미공개
순천향대,[유형1] 자율전공학과,교과,학생부교과(충청형지역인재전형),신설
순천향대,[광역] 디지털의료스쿨,종합,학생부종합(일반학생전형),신설
순천향대,AI게임공학과,종합,학생부종합(일반학생전형),신설
순천향대,[광역] 의약바이오스쿨(바이오의약계열),종합,학생부종합(일반학생전형),신설
순천향대,[광역] 첨단의료기기스쿨,종합,학생부종합(일반학생전형),신설
순천향대,[광역] 헬스케어서비스스쿨(스포츠의학계열),종합,학생부종합(일반학생전형),신설
순천향대,컴퓨터공학전공,종합,학생부종합(일반학생전형),미공개
순천향대,디지털애니메이션학과,종합,학생부종합(일반학생전형),신설
순천향대,스포츠응용산업학과,종합,학생부종합(일반학생전형),신설
순천향대,[유형1] 자율전공학과,종합,학생부종합(일반학생전형),신설
숭실대,회계학과,논술,논술(논술우수자),미공개
숭실대,[유형1] 자유전공학부(인문),종합,학생부종합(SSU미래인재전형(서류형)),신설
숭실대,[유형1] 자유전공학부(자연),종합,학생부종합(SSU미래인재전형(서류형)),신설
신경주대,미래라이프학부,교과,학생부교과(일반전형),신설
신경주대,말산업학과,교과,학생부교과(일반전형),신설
신경주대,재난안전경영학과,교과,학생부교과(일반전형),신설
신경주대,미용예술향장학과,교과,학생부교과(일반전형),신설
신경주대,전통문화예술학과,교과,학생부교과(일반전형),신설
신경주대,태권도학과,교과,학생부교과(일반전형),신설
신라대,AI로봇학과,교과,학생부교과(일반고교과전형),신설
신라대,[유형2] 자율전공학부,교과,학생부교과(일반고교과전형),신설
신라대,경영학과,종합,학생부종합(학생부종합Ⅰ전형),미공개
신라대,교육학과,종합,학생부종합(학생부종합Ⅰ전형),신설
신라대,국어교육과,종합,학생부종합(학생부종합Ⅰ전형),신설
신라대,문화콘텐츠학과,종합,학생부종합(학생부종합Ⅰ전형),미공개
신라대,역사교육과,종합,학생부종합(학생부종합Ⅰ전형),신설
신라대,영어교육과,종합,학생부종합(학생부종합Ⅰ전형),신설
신라대,유아교육과,종합,학생부종합(학생부종합Ⅰ전형),신설
신라대,일어교육과,종합,학생부종합(학생부종합Ⅰ전형),신설
신라대,AI로봇학과,종합,학생부종합(학생부종합Ⅰ전형),신설
신라대,"건축학과(4년제, 5년제)",종합,학생부종합(학생부종합Ⅰ전형),신설
신라대,수학교육과,종합,학생부종합(학생부종합Ⅰ전형),신설
신라대,응급구조학과,종합,학생부종합(학생부종합Ⅰ전형),신설
신라대,컴퓨터교육과,종합,학생부종합(학생부종합Ⅰ전형),신설
신라대,항공운항학과,종합,학생부종합(학생부종합Ⅰ전형),신설
신라대,[유형2] 자율전공학부,종합,학생부종합(학생부종합Ⅰ전형),신설
신라대,미디어커뮤니케이션학부,종합,학생부종합(학생부종합Ⅰ전형),신설
신라대,외식조리학부,종합,학생부종합(학생부종합Ⅰ전형),신설
신한대,기후환경·에너지공학과,논술,논술(논술전형),신설
신한대,미래자동차공학과,논술,논술(논술전형),신설
신한대,첨단소재공학과,논술,논술(논술전형),신설
신한대,[유형2] K-CULTURE대학(자율전공),교과,학생부교과(학생부우수자전형),신설
신한대,미디어영상학과,교과,학생부교과(학생부우수자전형),신설
신한대,바둑콘텐츠학과,교과,학생부교과(일반전형),신설
신한대,[유형2] K-CULTURE대학(자율전공),종합,학생부종합(신한국인전형),신설
신한대,미디어영상학과,종합,학생부종합(신한국인전형),신설
신한대,바둑콘텐츠학과,종합,학생부종합(신한국인전형),신설
아주대,AI컴퓨터공학부,논술,논술(논술우수자전형),신설
아주대,첨단스마트산업공학과,논술,논술(논술우수자전형),신설
아주대,첨단에코에너지공학과,논술,논술(논술우수자전형),신설
아주대,AI컴퓨터공학부,교과,학생부교과(고교추천전형),신설
아주대,첨단에코에너지공학과,교과,학생부교과(고교추천전형),신설
아주대,AI컴퓨터공학부,종합,학생부종합(첨단융합인재전형),신설
아주대,첨단에코에너지공학과,종합,학생부종합(첨단융합인재전형),신설
연세대,[유형1] 진리자유학부(인문),논술,논술(논술전형),신설
연세대,경영학과,논술,논술(논술전형),미공개
연세대,경제학부,논술,논술(논술전형),미공개
연세대,교육학부,논술,논술(논술전형),미공개
연세대,국어국문학과,논술,논술(논술전형),미공개
연세대,노어노문학과,논술,논술(논술전형),미공개
연세대,독어독문학과,논술,논술(논술전형),미공개
연세대,문헌정보학과,논술,논술(논술전형),미공개
연세대,불어불문학과,논술,논술(논술전형),미공개
연세대,사학과,논술,논술(논술전형),미공개
연세대,사회학과,논술,논술(논술전형),미공개
연세대,심리학과,논술,논술(논술전형),미공개
연세대,언론홍보영상학부,논술,논술(논술전형),미공개
연세대,영어영문학과,논술,논술(논술전형),미공개
연세대,정치외교학과,논술,논술(논술전형),미공개
연세대,중어중문학과,논술,논술(논술전형),미공개
연세대,철학과,논술,논술(논술전형),미공개
연세대,행정학과,논술,논술(논술전형),미공개
연세대,[유형1] 진리자유학부(자연),논술,논술(논술전형),신설
연세대,IT융합공학전공,논술,논술(논술전형),미공개
연세대,건축공학과,논술,논술(논술전형),미공개
연세대,기계공학부,논술,논술(논술전형),미공개
연세대,대기과학과,논술,논술(논술전형),미공개
연세대,도시공학과,논술,논술(논술전형),미공개
연세대,디스플레이융합공학과,논술,논술(논술전형),미공개
연세대,모빌리티시스템전공,논술,논술(논술전형),신설
연세대,물리학과,논술,논술(논술전형),미공개
연세대,사회환경시스템공학부,논술,논술(논술전형),미공개
연세대,산업공학과,논술,논술(논술전형),미공개
연세대,생명공학과,논술,논술(논술전형),미공개
연세대,생화학과,논술,논술(논술전형),미공개
연세대,수학과,논술,논술(논술전형),미공개
연세대,시스템반도체공학과,논술,논술(논술전형),미공개
연세대,시스템생물학과,논술,논술(논술전형),미공개
연세대,신소재공학부,논술,논술(논술전형),미공개
연세대,약학과,논술,논술(논술전형),미공개
연세대,인공지능시스템학과,논술,논술(논술전형),신설
연세대,인공지능학과,논술,논술(논술전형),신설
연세대,전기전자공학부,논술,논술(논술전형),미공개
연세대,지구시스템과학과,논술,논술(논술전형),미공개
연세대,지능형반도체전공,논술,논술(논술전형),신설
연세대,천문우주학과,논술,논술(논술전형),미공개
연세대,컴퓨터과학과,논술,논술(논술전형),신설
연세대,화공생명공학부,논술,논술(논술전형),미공개
연세대,화학과,논술,논술(논술전형),미공개
연세대,응용통계학과,논술,논술(논술전형),미공개
연세대,인공지능시스템학과,교과,학생부교과(추천형),신설
연세대,인공지능학과,교과,학생부교과(추천형),신설
연세대,첨단약과학과,교과,학생부교과(추천형),신설
연세대,컴퓨터과학과,교과,학생부교과(추천형),신설
연세대,글로벌인재학부,종합,학생부종합(국제형-해외고/검정고시),미공개
연세대,인공지능시스템학과,종합,학생부종합(활동우수형),신설
연세대,인공지능학과,종합,학생부종합(활동우수형),신설
연세대,첨단약과학과,종합,학생부종합(활동우수형),신설
연세대,컴퓨터과학과,종합,학생부종합(활동우수형),신설
연세대(미래),[유형2] 자율융합계열(인문),논술,논술(논술우수자),신설
연세대(미래),[유형2] 자율융합계열(자연),논술,논술(논술우수자),신설
연세대(미래),AI반도체학부,논술,논술(논술우수자),신설
연세대(미래),기후에너지시스템공학부,논술,논술(논술우수자),신설
연세대(미래),데이터사이언스학부,논술,논술(논술우수자),신설
연세대(미래),소프트웨어학부,논술,논술(논술우수자),신설
연세대(미래),의공학부,논술,논술(논술우수자),신설
연세대(미래),[유형2] 자율융합계열(인문),교과,학생부교과(교과우수자(일반형)),신설
연세대(미래),[유형2] 자율융합계열(자연),교과,학생부교과(교과우수자(일반형)),신설
연세대(미래),기후에너지시스템공학부,교과,학생부교과(교과우수자(추천형)),신설
연세대(미래),반도체공학물리학과,교과,학생부교과(교과우수자(추천형)),신설
연세대(미래),의공학부,교과,학생부교과(교과우수자(추천형)),신설
연세대(미래),글로벌엘리트학부,종합,학생부종합(글로벌인재),미공개
연세대(미래),[유형2] 자율융합계열(인문),종합,학생부종합(학교생활우수자(면접형)),신설
연세대(미래),[유형2] 자율융합계열(자연),종합,학생부종합(학교생활우수자(면접형)),신설
연세대(미래),기후에너지시스템공학부,종합,학생부종합(강원인재(일반)),신설
연세대(미래),반도체공학물리학과,종합,학생부종합(강원인재(일반)),신설
연세대(미래),의공학부,종합,학생부종합(강원인재(일반)),신설
영남대,AI융합전공,교과,학생부교과(지역인재전형),신설
영남대,음악학부,교과,학생부교과(일반학생전형),신설
영남대,AI융합전공,종합,학생부종합(잠재능력우수자전형),신설
영남대,의예과(경주권),종합,학생부종합(지역의사선발전형(진료권)),신설
영남대,의예과(구미권),종합,학생부종합(지역의사선발전형(진료권)),신설
영남대,의예과(상주권),종합,학생부종합(지역의사선발전형(진료권)),신설
영남대,의예과(안동권),종합,학생부종합(지역의사선발전형(진료권)),신설
영남대,의예과(영주권),종합,학생부종합(지역의사선발전형(진료권)),신설
영남대,의예과(포항권),종합,학생부종합(지역의사선발전형(진료권)),신설
영산대,법행정학부,교과,학생부교과(일반계고전형),신설
영산대,AI공학과,교과,학생부교과(일반계고전형),신설
영산대,Bakery&Beverage학과,교과,학생부교과(일반계고전형),신설
영산대,스마트건설교통공학과,교과,학생부교과(일반계고전형),신설
영산대,조리예술학부,교과,학생부교과(일반계고전형),신설
영산대,K-공연방송미디어학과,교과,학생부교과(일반계고전형),신설
영산대(양산),상담심리학과,교과,학생부교과(일반계고전형),신설
용인대,AI시스템반도체학과,교과,학생부교과(일반학생전형),신설
우석대,조리제과제빵학부,교과,학생부교과(교과면접),신설
우석대,AI융합학부,교과,학생부교과(교과),신설
우석대(진천),경찰범죄심리학과,교과,학생부교과(교과),신설
우석대(진천),글로벌디자인문화경영학부,교과,학생부교과(교과면접),신설
우석대(진천),바이오융합학과,교과,학생부교과(교과),신설
우석대(진천),[유형1] 체육 자율전공학부(진천),교과,학생부교과(교과),신설
우석대(진천),생활체육학부,교과,학생부교과(교과),신설
우석대(진천),스포츠문화예술학부,교과,학생부교과(교과),신설
우송대,호텔관광학부(글로벌호텔관광학과),교과,학생부교과(자기추천전형),신설
우송대,제과제빵·조리학부(글로벌제과제빵학과),교과,학생부교과(지역인재전형),신설
우송대,제과제빵·조리학부(글로벌제과제빵학과),종합,학생부종합(종합서류형전형),신설
우송대,호텔관광학부(글로벌호텔관광학과),종합,학생부종합(종합서류형전형),신설
울산대,예술학부(음악),교과,학생부교과(일반교과전형),신설
울산대,신소재·반도체융합학부,종합,학생부종합(지역인재특별전형),신설
울산대,의예과-거창권,교과,학생부교과(지역의사제전형),신설
울산대,의예과-김해권,교과,학생부교과(지역의사제전형),신설
울산대,의예과-진주권,교과,학생부교과(지역의사제전형),신설
울산대,의예과-창원권,교과,학생부교과(지역의사제전형),신설
울산대,의예과-통영권,교과,학생부교과(지역의사제전형),신설
원광대,AI공학계열,교과,학생부교과(일반),신설
원광대,AI공학계열,종합,학생부종합,신설
원광대,치의예과(자연),교과,학생부교과(지역인재교과-호남),신설
원광대,한의예과(자연),교과,학생부교과(지역인재교과-호남),신설
유원대,국방인재개발학과,교과,학생부교과(유원교과전형),신설
유원대,유아교육과,교과,학생부교과(유원교과전형),신설
유원대,와인사이언스학과,교과,학생부교과(유원교과전형),신설
유원대,스포츠학부,교과,학생부교과(유원교과전형),신설
유원대,사회복지학부,종합,학생부종합(학생부종합전형),신설
유원대,산업안전보건학과,종합,학생부종합(학생부종합전형),신설
유원대,응급구조학과,종합,학생부종합(학생부종합전형),신설
유원대,자율설계학부,종합,학생부종합(학생부종합전형),신설
유원대,창의설계학부,종합,학생부종합(학생부종합전형),신설
을지대(대전),의예과,종합,학생부종합(지역의료인재특별형),신설
을지대(성남),빅데이터인공지능전공,논술,논술(논술우수자전형),신설
을지대(성남),빅데이터인공지능전공,교과,학생부교과(지역균형전형)(학교장추천),신설
을지대(성남),빅데이터인공지능전공,종합,학생부종합(EU서류형),신설
을지대(의정부),임상병리학과(의정부),논술,논술(논술우수자전형),신설
이화여대,경영학부,논술,논술(논술전형),미공개
이화여대,경제학과,논술,논술(논술전형),미공개
이화여대,국어국문학과,논술,논술(논술전형),미공개
이화여대,국제사무학과,논술,논술(논술전형),미공개
이화여대,기독교학과,논술,논술(논술전형),미공개
이화여대,독어독문학과,논술,논술(논술전형),미공개
이화여대,문헌정보학과,논술,논술(논술전형),미공개
이화여대,불어불문학과,논술,논술(논술전형),미공개
이화여대,사학과,논술,논술(논술전형),미공개
이화여대,사회복지학과,논술,논술(논술전형),미공개
이화여대,사회학과,논술,논술(논술전형),미공개
이화여대,소비자학과,논술,논술(논술전형),미공개
이화여대,심리학과,논술,논술(논술전형),미공개
이화여대,영어영문학부,논술,논술(논술전형),미공개
이화여대,의류산업학과,논술,논술(논술전형),미공개
이화여대,정치외교학과,논술,논술(논술전형),미공개
이화여대,중어중문학과,논술,논술(논술전형),미공개
이화여대,철학과,논술,논술(논술전형),미공개
이화여대,커뮤니케이션·미디어학부,논술,논술(논술전형),미공개
이화여대,행정학과,논술,논술(논술전형),미공개
이화여대,간호학부,논술,논술(논술전형),미공개
이화여대,건축도시시스템공학과,논술,논술(논술전형),미공개
이화여대,건축학과,논술,논술(논술전형),미공개
이화여대,기후에너지시스템공학과,논술,논술(논술전형),미공개
이화여대,물리학과,논술,논술(논술전형),미공개
이화여대,사이버보안학과,논술,논술(논술전형),미공개
이화여대,생명과학과,논술,논술(논술전형),미공개
이화여대,수학과,논술,논술(논술전형),미공개
이화여대,식품생명공학과,논술,논술(논술전형),미공개
이화여대,식품영양학과,논술,논술(논술전형),미공개
이화여대,약학부 약학전공,논술,논술(논술전형),미공개
이화여대,융합보건학과,논술,논술(논술전형),미공개
이화여대,융합전자반도체공학부 전자전기공학전공,논술,논술(논술전형),미공개
이화여대,융합전자반도체공학부 지능형반도체공학전공,논술,논술(논술전형),미공개
이화여대,융합콘텐츠학과,논술,논술(논술전형),미공개
이화여대,의예과,논술,논술(논술전형),신설
이화여대,컴퓨터공학과,논술,논술(논술전형),미공개
이화여대,통계학과,논술,논술(논술전형),미공개
이화여대,화공신소재공학과,논술,논술(논술전형),미공개
이화여대,화학·나노과학과,논술,논술(논술전형),미공개
이화여대,환경공학과,논술,논술(논술전형),미공개
이화여대,휴먼기계바이오공학과,논술,논술(논술전형),미공개
이화여대,스크랜튼학부,논술,논술(논술전형),미공개
이화여대,디자인학부,종합,학생부종합(예체능서류전형),신설
이화여대,체육과학부,종합,학생부종합(예체능서류전형),신설
인천대,인공지능시스템공학과,교과,학생부교과(지역균형전형),신설
인천대,인공지능시스템공학과,종합,학생부종합(자기추천전형),신설
인천대,스포츠의학부,종합,학생부종합(자기추천전형),신설
인하대,경영학부(경영학과),논술,논술(논술우수자),미공개
인하대,경영학부(파이낸스경영학과),논술,논술(논술우수자),미공개
인하대,경제학과,논술,논술(논술우수자),미공개
인하대,국제통상학과,논술,논술(논술우수자),미공개
인하대,문화콘텐츠문화경영학과,논술,논술(논술우수자),미공개
인하대,미디어커뮤니케이션학과,논술,논술(논술우수자),미공개
인하대,사학과,논술,논술(논술우수자),미공개
인하대,사회교육과,논술,논술(논술우수자),미공개
인하대,사회복지학과,논술,논술(논술우수자),미공개
인하대,아태물류학부,논술,논술(논술우수자),미공개
인하대,일본언어문화학과,논술,논술(논술우수자),미공개
인하대,정치외교학과,논술,논술(논술우수자),미공개
인하대,중국학과,논술,논술(논술우수자),미공개
인하대,철학과,논술,논술(논술우수자),미공개
인하대,한국어문학과,논술,논술(논술우수자),미공개
인하대,행정학과,논술,논술(논술우수자),미공개
인하대,간호학과,논술,논술(논술우수자),미공개
인하대,건축학부,논술,논술(논술우수자),미공개
인하대,고분자공학과,논술,논술(논술우수자),미공개
인하대,공간정보공학과,논술,논술(논술우수자),미공개
인하대,기계공학과,논술,논술(논술우수자),미공개
인하대,데이터사이언스학과,논술,논술(논술우수자),미공개
인하대,물리학과,논술,논술(논술우수자),미공개
인하대,반도체시스템공학과,논술,논술(논술우수자),미공개
인하대,사회인프라공학과,논술,논술(논술우수자),미공개
인하대,산업경영공학과,논술,논술(논술우수자),미공개
인하대,생명공학과,논술,논술(논술우수자),미공개
인하대,생명과학과,논술,논술(논술우수자),신설
인하대,수학과,논술,논술(논술우수자),미공개
인하대,수학교육과,논술,논술(논술우수자),미공개
인하대,스마트모빌리티공학과,논술,논술(논술우수자),미공개
인하대,식품영양학과,논술,논술(논술우수자),미공개
인하대,신소재공학과,논술,논술(논술우수자),미공개
인하대,에너지자원공학과,논술,논술(논술우수자),미공개
인하대,의예과,논술,논술(논술우수자),미공개
인하대,인공지능공학과,논술,논술(논술우수자),미공개
인하대,조선해양공학과,논술,논술(논술우수자),미공개
인하대,첨단바이오의약학과,논술,논술(논술우수자),신설
인하대,컴퓨터공학과,논술,논술(논술우수자),미공개
인하대,통계학과,논술,논술(논술우수자),미공개
인하대,항공우주공학과,논술,논술(논술우수자),미공개
인하대,해양과학과,논술,논술(논술우수자),미공개
인하대,화공에너지공학부(이차전지공학전공),논술,논술(논술우수자),신설
인하대,화공에너지공학부(화학공학전공),논술,논술(논술우수자),미공개
인하대,화학과,논술,논술(논술우수자),미공개
인하대,환경공학과,논술,논술(논술우수자),미공개
인하대,에너지자원공학과,교과,학생부교과(지역균형),신설
인하대,첨단바이오의약학과,교과,학생부교과(지역균형),신설
장로회신학대,[유형1] 자유전공,종합,학생부종합(드림(PUTS인재)),신설
장로회신학대,기독교교육과,종합,학생부종합(드림(PUTS인재)),신설
장로회신학대,신학과,종합,학생부종합(드림(PUTS인재)),신설
전남대,"에너지공학계열(에너지자원공학과, 토목공학과, 신소재공학부, 화학공학부, 전기공학과, 에너지공학부)",교과,학생부교과(지역인재전형),신설
전남대(여수),"기계공학계열(기계설계공학과, 기계시스템공학과, 메카트로닉스공학과, 냉동공조공학과)",교과,학생부교과(지역인재전형),신설
전남대(여수),기계설계공학과,교과,학생부교과(지역인재전형),신설
전남대(여수),기계시스템공학과,교과,학생부교과(지역인재전형),신설
전남대(여수),냉동공조공학과,교과,학생부교과(지역인재전형),신설
전남대(여수),메카트로닉스공학과,교과,학생부교과(지역인재전형),신설
전남대(여수),산업기술융합공학과(야간),교과,학생부교과(일반전형),미공개
전남대(여수),양식생물학과,교과,학생부교과(지역인재전형),신설
전남대(여수),융합생명공학과,교과,학생부교과(지역인재전형),신설
전남대(여수),"전기전자컴퓨터공학계열 (전자통신공학과, 전기및반도체공학과, 컴퓨터공학과)",교과,학생부교과(지역인재전형),신설
전남대(여수),해양경찰학과,교과,학생부교과(지역인재전형),신설
전남대(여수),해양바이오식품학과,교과,학생부교과(지역인재전형),신설
전남대(여수),해양생산관리학과,교과,학생부교과(지역인재전형),신설
전남대(여수),"해양수산자율전공계열(양식생물학과, 해양생산관리학과, 해양융합과학과, 해양바이오식품학과, 해양경찰학과)",교과,학생부교과(지역인재전형),신설
전남대(여수),해양융합과학과,교과,학생부교과(지역인재전형),신설
전남대(여수),화공생명공학과,교과,학생부교과(지역인재전형),신설
전남대(여수),"화공환경공학계열(환경시스템공학과, 융합생명공학과, 화공생명공학과)",교과,학생부교과(지역인재전형),신설
전남대(여수),환경시스템공학과,교과,학생부교과(지역인재전형),신설
전남대(여수),물류교통학과,종합,학생부종합(고교생활우수자Ⅱ전형),미공개
전남대(여수),기계설계공학과,종합,학생부종합(고교생활우수자Ⅱ전형),신설
전남대(여수),기계시스템공학과,종합,학생부종합(고교생활우수자Ⅱ전형),신설
전남대(여수),냉동공조공학과,종합,학생부종합(고교생활우수자Ⅱ전형),신설
전남대(여수),메카트로닉스공학과,종합,학생부종합(고교생활우수자Ⅱ전형),신설
전남대(여수),양식생물학과,종합,학생부종합(고교생활우수자Ⅱ전형),신설
전남대(여수),융합생명공학과,종합,학생부종합(고교생활우수자Ⅱ전형),신설
전남대(여수),"전기전자컴퓨터공학계열 (전자통신공학과, 전기및반도체공학과, 컴퓨터공학과)",종합,학생부종합(고교생활우수자Ⅱ전형),신설
전남대(여수),조선해양공학과,종합,학생부종합(고교생활우수자Ⅱ전형),미공개
전남대(여수),해양경찰학과,종합,학생부종합(고교생활우수자Ⅱ전형),신설
전남대(여수),해양바이오식품학과,종합,학생부종합(고교생활우수자Ⅱ전형),신설
전남대(여수),해양생산관리학과,종합,학생부종합(고교생활우수자Ⅱ전형),신설
전남대(여수),해양융합과학과,종합,학생부종합(고교생활우수자Ⅱ전형),신설
전남대(여수),화공생명공학과,종합,학생부종합(고교생활우수자Ⅱ전형),신설
전남대(여수),환경시스템공학과,종합,학생부종합(고교생활우수자Ⅱ전형),신설
전북대,국제학부,교과,학생부교과(일반학생),미공개
전북대,독어교육과,종합,학생부종합(지역인재1유형-호남권),신설
전북대,약학과,종합,학생부종합(지역인재1유형-호남권),신설
전북대,본부 융합자율전공학부1(전주캠퍼스),종합,학생부종합(지역인재1유형-호남권),신설
전북대(익산),본부 융합자율전공학부2(특성화캠퍼스),종합,학생부종합(지역인재1유형-호남권),신설
전주대,동물보건학과,교과,학생부교과(지역인재1전형),신설
전주대,첨단신소재공학과,교과,학생부교과(일반학생전형),신설
전주대,펫산업학과,교과,학생부교과(지역인재1전형),신설
전주대,산업디자인학과,교과,학생부교과(일반학생전형),신설
전주대,축구학과,교과,학생부교과(일반학생전형),신설
전주대,행정학과,종합,학생부종합(일반학생전형),신설
전주대,동물보건학과,종합,학생부종합(일반학생전형),신설
전주대,펫산업학과,종합,학생부종합(일반학생전형),신설
전주대,예술심리치료학과,종합,학생부종합(일반학생전형),신설
제주국제대,융합경영학부,교과,학생부교과(일반학생전형),미공개
제주국제대,건설공학부,교과,학생부교과(일반학생전형),미공개
제주국제대,건설공학부(야),교과,학생부교과(일반학생전형),미공개
제주국제대,안전공학부,교과,학생부교과(일반학생전형),미공개
제주국제대,에너지기계공학부,교과,학생부교과(일반학생전형),미공개
제주대,물리교육전공,교과,학생부교과(지역인재),미공개
제주대,글로벌자율학부,교과,학생부교과(지역인재),신설
제주대,(야)경영학과,종합,학생부종합(일반학생),신설
제주대,경제학과,종합,학생부종합(일반학생),신설
제주대,관광개발학과,종합,학생부종합(일반학생),신설
제주대,국어국문학과,종합,학생부종합(일반학생),신설
제주대,독일학과,종합,학생부종합(일반학생),신설
제주대,무역학과,종합,학생부종합(일반학생),신설
제주대,사학과,종합,학생부종합(일반학생),신설
제주대,사회학과,종합,학생부종합(일반학생),신설
제주대,산업응용경제학과,종합,학생부종합(일반학생),신설
제주대,언론홍보학과,종합,학생부종합(일반학생),신설
제주대,영어영문학과,종합,학생부종합(일반학생),신설
제주대,일어일문학과,종합,학생부종합(일반학생),신설
제주대,정치외교학과,종합,학생부종합(일반학생),신설
제주대,중어중문학과,종합,학생부종합(일반학생),신설
제주대,철학과,종합,학생부종합(일반학생),신설
제주대,건축공학과,종합,학생부종합(일반학생),신설
제주대,건축학과,종합,학생부종합(일반학생),신설
제주대,데이터사이언스학 과,종합,학생부종합(일반학생),신설
제주대,물리학과,종합,학생부종합(일반학생),신설
제주대,생물학과,종합,학생부종합(일반학생),신설
제주대,생활환경복지학과,종합,학생부종합(일반학생),신설
제주대,수산생명의학과,종합,학생부종합(일반학생),신설
제주대,수학과,종합,학생부종합(일반학생),신설
제주대,식물자원환경전공,종합,학생부종합(일반학생),신설
제주대,식품생명공학과,종합,학생부종합(일반학생),신설
제주대,식품영양학과,종합,학생부종합(일반학생),신설
제주대,원예과학전공,종합,학생부종합(일반학생),신설
제주대,원자력공학과,종합,학생부종합(일반학생),신설
제주대,인공지능학과,종합,학생부종합(일반학생),신설
제주대,전기공학과,종합,학생부종합(일반학생),신설
제주대,전자공학과,종합,학생부종합(일반학생),신설
제주대,지구해양과학과,종합,학생부종합(일반학생),신설
제주대,토목공학과,종합,학생부종합(일반학생),신설
제주대,통신공학과,종합,학생부종합(일반학생),신설
제주대,패션의류학과,종합,학생부종합(일반학생),신설
제주대,해양산업경찰학과,종합,학생부종합(일반학생),신설
제주대,해양생명과학과,종합,학생부종합(일반학생),신설
제주대,해양시스템공학과,종합,학생부종합(일반학생),신설
제주대,화공그린에너지학과,종합,학생부종합(일반학생),신설
제주대,화학·코스메틱스학과,종합,학생부종합(일반학생),신설
제주대,환경공학과,종합,학생부종합(일반학생),신설
제주대,글로벌자율학부,종합,학생부종합(지역인재),신설
제주대,의예과,종합,학생부종합(지역인재),신설
조선대,유럽언어문화학부,교과,학생부교과(지역인재전형),신설
조선대,행정·사회복지학부,교과,학생부교과(지역인재전형),신설
조선대,AI·SW학부,교과,학생부교과(일반전형),신설
조선대,반도체광공학과,교과,학생부교과(지역인재전형),신설
조선대,문화콘텐츠학부,교과,학생부교과(일반전형),신설
조선대,[유형2] 라이프케어,교과,학생부교과(지역인재전형),신설
조선대,[유형2] 바이오메디,교과,학생부교과(지역인재전형),신설
조선대,[유형2] 에이지테크,교과,학생부교과(지역인재전형),신설
조선대,[유형2] 자유전공(공학),교과,학생부교과(지역인재전형),신설
조선대,[유형2] 자유전공(법사회·경상),교과,학생부교과(지역인재전형),신설
조선대,[유형2] 자유전공(인문·예체능),교과,학생부교과(지역인재전형),신설
조선대,행정·사회복지학부,종합,학생부종합(서류전형),신설
조선대,AI·SW학부,종합,학생부종합(서류전형),신설
조선대,[유형2] 라이프케어,종합,학생부종합(서류전형),신설
조선대,[유형2] 바이오메디,종합,학생부종합(서류전형),신설
조선대,[유형2] 에이지테크,종합,학생부종합(서류전형),신설
조선대,[유형2] 자유전공(공학),종합,학생부종합(서류전형),신설
조선대,[유형2] 자유전공(법사회·경상),종합,학생부종합(서류전형),신설
조선대,[유형2] 자유전공(인문·예체능),종합,학생부종합(서류전형),신설
조선대,서양화전공,종합,학생부종합(서류전형),신설
조선대,한국화전공,종합,학생부종합(서류전형),신설
중부대(고양),글로벌무역학전공,교과,학생부교과(학생부우수자전형),신설
중앙대,간호학과(인문),논술,논술(논술일반형),미공개
중앙대,경영학부 경영학,논술,논술(논술창의형),신설
중앙대,경영학부 글로벌금융,논술,논술(논술일반형),미공개
중앙대,경제학부,논술,논술(논술창의형),신설
중앙대,공공인재학부,논술,논술(논술창의형),신설
중앙대,광고홍보학부 광고홍보학,논술,논술(논술일반형),미공개
중앙대,교육학과,논술,논술(논술일반형),미공개
중앙대,국어국문학부 국어국문학,논술,논술(논술일반형),미공개
중앙대,국제물류학과,논술,논술(논술일반형),미공개
중앙대,도시계획·부동산학과,논술,논술(논술일반형),미공개
중앙대,문헌정보학과,논술,논술(논술일반형),미공개
중앙대,미디어커뮤니케이션학부,논술,논술(논술창의형),신설
중앙대,사회복지학부,논술,논술(논술일반형),미공개
중앙대,사회학과,논술,논술(논술일반형),미공개
중앙대,심리학과,논술,논술(논술창의형),신설
중앙대,아시아문화학부 일본어문학,논술,논술(논술일반형),미공개
중앙대,아시아문화학부 중국어문학,논술,논술(논술일반형),미공개
중앙대,역사학과,논술,논술(논술일반형),미공개
중앙대,영어교육과,논술,논술(논술일반형),미공개
중앙대,영어영문학과,논술,논술(논술창의형),신설
중앙대,유럽문화학부 독일어문학,논술,논술(논술일반형),미공개
중앙대,유럽문화학부 러시아어문학,논술,논술(논술일반형),미공개
중앙대,유럽문화학부 프랑스어문학,논술,논술(논술일반형),미공개
중앙대,응용통계학과,논술,논술(논술일반형),미공개
중앙대,정치국제학과,논술,논술(논술창의형),신설
중앙대,철학과,논술,논술(논술일반형),미공개
중앙대,AI학과,논술,논술(논술일반형),미공개
중앙대,간호학과(자연),논술,논술(논술일반형),미공개
중앙대,건축학부,논술,논술(논술일반형),미공개
중앙대,기계공학부,논술,논술(논술창의형),신설
중앙대,물리학과,논술,논술(논술일반형),미공개
중앙대,사회기반시스템공학부 건설환경플랜트공학,논술,논술(논술일반형),미공개
중앙대,사회기반시스템공학부 도시시스템공학,논술,논술(논술일반형),미공개
중앙대,산업보안학과(자연),논술,논술(논술일반형),신설
중앙대,생명과학과,논술,논술(논술일반형),미공개
중앙대,소프트웨어학부,논술,논술(논술창의형),신설
중앙대,수학과,논술,논술(논술일반형),미공개
중앙대,약학부,논술,논술(논술창의형),신설
중앙대,에너지시스템공학부,논술,논술(논술일반형),미공개
중앙대,융합공학부,논술,논술(논술창의형),신설
중앙대,의학부,논술,논술(논술창의형),신설
중앙대,전자전기공학부,논술,논술(논술창의형),신설
중앙대,지능형반도체공학과,논술,논술(논술일반형),신설
중앙대,화학공학과,논술,논술(논술창의형),신설
중앙대,화학과,논술,논술(논술일반형),미공개
중앙대,경영학부 글로벌금융,종합,학생부종합(탐구형인재),신설
중앙대,산업보안학과(자연),종합,학생부종합(탐구형인재),신설
중앙대(다빈치),생명자원공학부 동물생명공학,논술,논술(논술일반형),미공개
중앙대(다빈치),생명자원공학부 식물생명공학,논술,논술(논술일반형),미공개
중앙대(다빈치),시스템생명공학과,논술,논술(논술일반형),미공개
중앙대(다빈치),식품공학부 식품공학,논술,논술(논술일반형),미공개
중앙대(다빈치),식품공학부 식품영양학,논술,논술(논술일반형),미공개
중앙대(다빈치),예술공학부,논술,논술(논술일반형),미공개
중앙대(다빈치),첨단소재공학과,논술,논술(논술일반형),미공개
중원대,기계공학과,교과,학생부교과(일반1),신설
중원대,바이오융합학과,교과,학생부교과(일반1),신설
중원대,항공운항학과,교과,학생부교과(지역인재1),미공개
중원대,[유형2] AI융합디자인학부,교과,학생부교과(일반1),신설
중원대,AI드라마제작학과,교과,학생부교과(일반1),신설
중원대,[유형2] 스포츠산업학부,교과,학생부교과(일반2),신설
중원대,임상병리학과,종합,학생부종합(학생부종합),신설
차의과학대,간호학과,종합,학생부종합(CHA학생부종합전형),미공개
차의과학대,약학과,종합,학생부종합(CHA학생부종합전형),신설
차의과학대,[유형1] 글로벌미래인재대학,종합,학생부종합(CHA학생부종합전형),미공개
창신대,AI융합경영학과,교과,학생부교과(창신인재면접전형),신설
창신대,사회복지학과(야),교과,학생부교과(지역인재전형),신설
창신대,AI로봇산업학과,교과,학생부교과(창신인재면접전형),신설
창신대,방산AI융합학과,교과,학생부교과(창신인재면접전형),신설
창신대,[유형1] 자유전공학부 공통,교과,학생부교과(창신인재면접전형),신설
창신대,부동산경영학과(야),교과,학생부교과(창신인재면접전형),신설
창신대,[유형2] 자유전공학부 인문·사회·예술계열,교과,학생부교과(지역인재전형),신설
창신대,[유형2] 자유전공학부 자연·공학계열,교과,학생부교과(지역인재전형),신설
창원대,GAST자율전공학부,교과,학생부교과(글로컬인재전형),신설
창원대,기계항공자율전공학부,교과,학생부교과(글로컬인재전형),신설
창원대,자연과학계열 자율전공학부,교과,학생부교과(글로컬인재전형),신설
창원대,AI생명과학과,교과,학생부교과(학업성적우수자전형),신설
창원대,AI전기공학과,교과,학생부교과(학업성적우수자전형),신설
창원대,모빌리티기계공학과,교과,학생부교과(학업성적우수자전형),신설
창원대,문화기술융합학과,교과,학생부교과(학업성적우수자전형),신설
창원대,미생물생명공학과,교과,학생부교과(학업성적우수자전형),신설
창원대,반도체물리학과,교과,학생부교과(학업성적우수자전형),신설
창원대,생명보건학과,교과,학생부교과(학업성적우수자전형),신설
창원대,수학과,교과,학생부교과(학업성적우수자전형),신설
창원대,에너지기계공학과,교과,학생부교과(학업성적우수자전형),신설
창원대,원자력기계공학과,교과,학생부교과(학업성적우수자전형),신설
창원대,인공지능공학과,교과,학생부교과(학업성적우수자전형),신설
창원대,인공지능디펜스공학과,교과,학생부교과(학업성적우수자전형),신설
창원대,인공지능파이낸스학과,교과,학생부교과(학업성적우수자전형),신설
창원대,인공지능화학공학과,교과,학생부교과(학업성적우수자전형),신설
창원대,화학과,교과,학생부교과(학업성적우수자전형),신설
창원대,모빌리티기계공학과,종합,학생부종합(지역인재전형),신설
창원대,문화기술융합학과,종합,학생부종합(지역인재전형),신설
창원대,생명보건학과,종합,학생부종합(지역인재전형),신설
창원대,에너지기계공학과,종합,학생부종합(지역인재전형),신설
창원대,원자력기계공학과,종합,학생부종합(지역인재전형),신설
창원대,인공지능공학과,종합,학생부종합(지역인재전형),신설
창원대,인공지능화학공학과,종합,학생부종합(지역인재전형),신설
창원대,재료금속공학과,종합,학생부종합(지역인재전형),신설
창원대,화학과,종합,학생부종합(지역인재전형),신설
창원대,글로벌문화산업학과,종합,학생부종합(지역인재전형),신설
창원대,글로벌인재개발학과,종합,학생부종합(지역인재전형),신설
창원대,AI생명과학과,종합,학생부종합(지역인재전형),신설
창원대,AI전기공학과,종합,학생부종합(지역인재전형),신설
창원대,GAST자율전공학부,종합,학생부종합(지역인재전형),신설
창원대,기계항공자율전공학부,종합,학생부종합(지역인재전형),신설
창원대,미생물생명공학과,종합,학생부종합(지역인재전형),신설
창원대,반도체물리학과,종합,학생부종합(지역인재전형),신설
창원대,수학과,종합,학생부종합(지역인재전형),신설
창원대,인공지능디펜스공학과,종합,학생부종합(지역인재전형),신설
창원대,인공지능파이낸스학과,종합,학생부종합(지역인재전형),신설
창원대,자연과학계열 자율전공학부,종합,학생부종합(지역인재전형),신설
청운대(인천),AI융합학과,교과,학생부교과(일반전형),신설
청주대,경제금융학과,교과,학생부교과(지역인재전형),신설
초당대,뷰티디자인학부,교과,학생부교과(일반학생전형),신설
초당대,사회복지·제약보건학부,교과,학생부교과(일반학생전형),신설
초당대,소방·군사·경찰학부,교과,학생부교과(일반학생전형),신설
초당대,호텔조리베이커리학부,교과,학생부교과(일반학생전형),신설
총신대,기독교교육과,교과,학생부교과(교과우수자),신설
총신대,아동학과,교과,학생부교과(교과우수자),신설
총신대,역사교육과,교과,학생부교과(교과우수자),신설
총신대,영어교육과,교과,학생부교과(교과우수자),신설
총신대,중독상담학과,교과,학생부교과(교과우수자),신설
총신대,중독상담학과,종합,학생부종합(코람데오인재),신설
추계예술대,콘텐츠창작학부,교과,학생부교과(미래인재전형),신설
충남대,국토안보학전공(남),교과,학생부교과(국가안보교과전형),신설
충남대,국토안보학전공(여),교과,학생부교과(국가안보교과전형),신설
충남대,[유형2] 경상대학자율전공,교과,학생부교과(지역인재전형),신설
충남대,[유형2] 사회과학대학자율전공,교과,학생부교과(지역인재전형),신설
충남대,[유형2] 인문대학자율전공,교과,학생부교과(지역인재전형),신설
충남대,[유형2] 지식융합학부자율전공,교과,학생부교과(지역인재전형),신설
충남대,농업경제학과,교과,학생부교과(지역인재전형),신설
충남대,동물바이오시스템과학과,교과,학생부교과(지역인재전형),신설
충남대,동물자원생명과학과,교과,학생부교과(지역인재전형),신설
충남대,산림환경자원학과,교과,학생부교과(지역인재전형),신설
충남대,생물환경화학과,교과,학생부교과(지역인재전형),신설
충남대,스마트농업시스템기계공학과,교과,학생부교과(지역인재전형),신설
충남대,식물자원학과,교과,학생부교과(지역인재전형),신설
충남대,식품공학과,교과,학생부교과(지역인재전형),신설
충남대,원예학과,교과,학생부교과(지역인재전형),신설
충남대,응용생물학과,교과,학생부교과(지역인재전형),신설
충남대,지역환경토목학과,교과,학생부교과(지역인재전형),신설
충남대,환경소재공학과,교과,학생부교과(지역인재전형),신설
충남대,[유형2] 공과대학자율전공,교과,학생부교과(지역인재전형),신설
충남대,[유형2] 농업생명과학대학자율전공,교과,학생부교과(지역인재전형),신설
충남대,[유형2] 생명시스템과학대학자율전공,교과,학생부교과(지역인재전형),신설
충남대,[유형2] 생활과학대학자율전공,교과,학생부교과(지역인재전형),신설
충남대,[유형2] 자연과학대학자율전공,교과,학생부교과(지역인재전형),신설
충남대,동물바이오시스템과학과,종합,학생부종합(학생부종합Ⅰ-서류전형),신설
충남대,동물자원생명과학과,종합,학생부종합(학생부종합Ⅰ-서류전형),신설
충남대,산림환경자원학과,종합,학생부종합(학생부종합Ⅰ-서류전형),신설
충남대,스마트농업시스템기계공학과,종합,학생부종합(학생부종합Ⅰ-서류전형),신설
충남대,식물자원학과,종합,학생부종합(학생부종합Ⅰ-서류전형),신설
충남대,식품공학과,종합,학생부종합(학생부종합Ⅰ-서류전형),신설
충남대,응용생물학과,종합,학생부종합(학생부종합Ⅰ-서류전형),신설
충남대,전기․전자․통신공학교육과,종합,학생부종합(학생부종합Ⅰ-면접전형),신설
충남대,지역환경토목학과,종합,학생부종합(학생부종합Ⅰ-서류전형),신설
충남대,환경소재공학과,종합,학생부종합(학생부종합Ⅰ-서류전형),신설
충북대,생물교육과,교과,학생부교과(지역인재전형),신설
충북대,인공지능학부,교과,학생부교과(지역인재전형),신설
충북대,화학교육과,교과,학생부교과(지역인재전형),신설
충북대,인공지능학부,종합,학생부종합(학생부종합Ⅱ전형),신설
충북대,[유형2] 인문사회자율전공계열,종합,학생부종합(학생부종합Ⅱ전형),신설
충북대,[유형2] 자연과학자율전공계열,종합,학생부종합(학생부종합Ⅱ전형),신설
충북대,약학과,종합,학생부종합(학생부종합Ⅱ전형),미공개
충북대,제약학과,종합,학생부종합(학생부종합Ⅱ전형),미공개
칼빈대,[유형1] 자유전공학부,교과,학생부교과(일반학생전형),신설
평택대,[유형2] AI융합자율전공,교과,학생부교과(PTU추천전형),신설
평택대,AI소프트웨어학과,교과,학생부교과(PTU추천전형),신설
평택대,AI콘텐츠학과,교과,학생부교과(PTU추천전형),신설
평택대,[유형2] 인문사회자율전공,종합,학생부종합(PTU종합전형),신설
평택대,[유형2] AI융합자율전공,종합,학생부종합(PTU종합전형),신설
평택대,AI소프트웨어학과,종합,학생부종합(PTU종합전형),신설
평택대,연극영화과(영화영상),종합,학생부종합(PTU종합전형),신설
평택대,[유형1] 글로벌자율전공학부,종합,학생부종합(PTU종합전형),신설
한경국립대,인공지능학과,교과,학생부교과(지역균형선발-안성),신설
한경국립대,[유형2] AI융합대학,교과,학생부교과(지역균형선발-안성),신설
한경국립대,[유형2] 공과대학,교과,학생부교과(지역균형선발-안성),신설
한경국립대,[유형2] 생명자원과학대학,교과,학생부교과(지역균형선발-안성),신설
한경국립대,[유형2] 인문사회과학대학,교과,학생부교과(지역균형선발-안성),신설
한경국립대,인공지능학과,종합,학생부종합(잠재력우수자-안성),신설
한경국립대,[유형2] AI융합대학,종합,학생부종합(잠재력우수자-안성),신설
한경국립대,[유형2] 공과대학,종합,학생부종합(잠재력우수자-안성),신설
한경국립대,[유형2] 생명자원과학대학,종합,학생부종합(잠재력우수자-안성),신설
한경국립대,[유형2] 인문사회과학대학,종합,학생부종합(잠재력우수자-안성),신설
한국공대,[유형2] 경영학부,논술,논술(논술우수자),신설
한국공대,[유형2] AI융합대학,논술,논술(논술우수자),신설
한국공대,[유형2] 첨단융합대학,논술,논술(논술우수자),신설
한국공대,에너지공학전공,교과,학생부교과(지역균형),신설
한국공대,전기공학전공,교과,학생부교과(지역균형),신설
한국공대,에너지공학전공,종합,학생부종합(창의인재),신설
한국공대,전기공학전공,종합,학생부종합(창의인재),신설
한국교통대,AI소프트웨어학과,교과,학생부교과(지역인재전형),신설
한국교통대,항공서비스학과,종합,학생부종합(학생부종합Ⅰ전형),신설
한국교통대,AI소프트웨어학과,종합,학생부종합(학생부종합Ⅱ전형),신설
한국교통대,컴퓨터공학과,종합,학생부종합(학생부종합Ⅱ전형),신설
한국교통대(증평),생명공학과,교과,학생부교과(지역인재전형),신설
한국교통대(증평),식품공학과,교과,학생부교과(지역인재전형),신설
한국교통대(증평),식품영양학과,교과,학생부교과(지역인재전형),신설
한국기술교대,[유형1] 사회융합자율전공,논술,논술(논술전형),신설
한국기술교대,고용서비스정책학과,논술,논술(논술전형),미공개
한국기술교대,데이터경영전공,논술,논술(논술전형),신설
한국기술교대,융합경영전공,논술,논술(논술전형),신설
한국기술교대,[유형1] ICT융합자율전공,논술,논술(논술전형),신설
한국기술교대,[유형1] 공학융합자율전공,논술,논술(논술전형),신설
한국기술교대,AI·소프트웨어전공,논술,논술(논술전형),신설
한국기술교대,AI정보통신공학전공,논술,논술(논술전형),신설
한국기술교대,건축공학과,논술,논술(논술전형),미공개
한국기술교대,기계공학부,논술,논술(논술전형),미공개
한국기술교대,디자인공학과,논술,논술(논술전형),미공개
한국기술교대,메카트로닉스공학부,논술,논술(논술전형),미공개
한국기술교대,에너지신소재공학전공,논술,논술(논술전형),미공개
한국기술교대,전기공학전공,논술,논술(논술전형),신설
한국기술교대,전자공학전공,논술,논술(논술전형),신설
한국기술교대,컴퓨터공학전공,논술,논술(논술전형),신설
한국기술교대,화학생명공학전공,논술,논술(논술전형),미공개
한국기술교대,반도체·디스플레이공학과,종합,학생부종합(충남형계약학과(조기취업형))(정원외),신설
한국외대,AI융합대학(서울)[통합모집],논술,논술(논술전형),신설
한국외대,ELLT학과,논술,논술(논술전형),미공개
한국외대,Language & AI융합학부,논술,논술(논술전형),미공개
한국외대,Language & Diplomacy학부,논술,논술(논술전형),미공개
한국외대,Language & Trade학부,논술,논술(논술전형),미공개
한국외대,Social Science & AI융합학부,논술,논술(논술전형),미공개
한국외대,경영학부,논술,논술(논술전형),미공개
한국외대,경제학부,논술,논술(논술전형),미공개
한국외대,국제통상학과,논술,논술(논술전형),미공개
한국외대,국제학부,논술,논술(논술전형),미공개
한국외대,네덜란드어과,논술,논술(논술전형),미공개
한국외대,노어과,논술,논술(논술전형),미공개
한국외대,독일어과,논술,논술(논술전형),미공개
한국외대,말레이·인도네시아학과,논술,논술(논술전형),미공개
한국외대,몽골학과,논술,논술(논술전형),미공개
한국외대,미디어커뮤니케이션학부,논술,논술(논술전형),미공개
한국외대,베트남학과,논술,논술(논술전형),미공개
한국외대,스칸디나비아어과,논술,논술(논술전형),미공개
한국외대,스페인어과,논술,논술(논술전형),미공개
한국외대,아랍어과,논술,논술(논술전형),미공개
한국외대,영미문학·문화학과,논술,논술(논술전형),미공개
한국외대,영어통번역학과,논술,논술(논술전형),미공개
한국외대,융합일본지역학부,논술,논술(논술전형),미공개
한국외대,이탈리아어과,논술,논술(논술전형),미공개
한국외대,인도·남아시아학과,논술,논술(논술전형),미공개
한국외대,일본언어문화학부,논술,논술(논술전형),미공개
한국외대,정치외교학과,논술,논술(논술전형),미공개
한국외대,중국언어문화학부,논술,논술(논술전형),미공개
한국외대,중국외교통상학부,논술,논술(논술전형),미공개
한국외대,태국학과,논술,논술(논술전형),미공개
한국외대,튀르키예·아제르바이잔학과,논술,논술(논술전형),미공개
한국외대,페르시아어·이란학과,논술,논술(논술전형),미공개
한국외대,포르투갈어과,논술,논술(논술전형),미공개
한국외대,프랑스어학부,논술,논술(논술전형),미공개
한국외대,행정학과,논술,논술(논술전형),미공개
한국외대,[유형1] 자유전공학부(서울),논술,논술(논술전형),신설
한국외대,AI융합대학(서울)[통합모집],종합,학생부종합(서류형),신설
한국외대(글로벌),Global Business & Technology학부,논술,논술(논술전형),미공개
한국외대(글로벌),국제금융학과,논술,논술(논술전형),미공개
한국외대(글로벌),글로벌스포츠산업학부,논술,논술(논술전형),미공개
한국외대(글로벌),디지털콘텐츠학부,논술,논술(논술전형),미공개
한국외대(글로벌),사학과,논술,논술(논술전형),미공개
한국외대(글로벌),언어인지과학과,논술,논술(논술전형),미공개
한국외대(글로벌),융합인재학부,논술,논술(논술전형),미공개
한국외대(글로벌),철학과,논술,논술(논술전형),미공개
한국외대(글로벌),투어리즘 & 웰니스학부,논술,논술(논술전형),미공개
한국외대(글로벌),AI데이터융합학부,논술,논술(논술전형),미공개
한국외대(글로벌),AI로봇공학과,논술,논술(논술전형),신설
한국외대(글로벌),AI융합대학(글로벌)[통합모집],논술,논술(논술전형),신설
한국외대(글로벌),Finance & AI융합학부,논술,논술(논술전형),미공개
한국외대(글로벌),기후변화융합학부,논술,논술(논술전형),미공개
한국외대(글로벌),바이오메디컬공학부,논술,논술(논술전형),미공개
한국외대(글로벌),반도체전자공학부(반도체공학전공),논술,논술(논술전형),미공개
한국외대(글로벌),반도체전자공학부(전자공학전공),논술,논술(논술전형),신설
한국외대(글로벌),산업경영공학과,논술,논술(논술전형),미공개
한국외대(글로벌),생명공학과,논술,논술(논술전형),미공개
한국외대(글로벌),수학과,논술,논술(논술전형),미공개
한국외대(글로벌),전자물리학과,논술,논술(논술전형),미공개
한국외대(글로벌),컴퓨터공학부,논술,논술(논술전형),미공개
한국외대(글로벌),통계학과,논술,논술(논술전형),미공개
한국외대(글로벌),화학과,논술,논술(논술전형),미공개
한국외대(글로벌),환경학과,논술,논술(논술전형),미공개
한국외대(글로벌),[유형1] 자유전공학부(글로벌),논술,논술(논술전형),미공개
한국외대(글로벌),AI로봇공학과,종합,학생부종합(SW인재),신설
한국외대(글로벌),AI융합대학(글로벌)[통합모집],종합,학생부종합(서류형),신설
한국외대(송도),글로벌바이오 & 비즈니스융합학부,종합,학생부종합(서류형),신설
한국체육대,사회체육학과,교과,학생부교과(교과성적우수자전형),신설
한국항공대,항공운항학과,논술,논술(논술우수자),미공개
한국항공대,[유형1] 자유전공학부(공학적성),논술,논술(논술우수자),신설
한국항공대,[유형1] 자유전공학부(사회적성),논술,논술(논술우수자),신설
한국항공대,[유형1] 자유전공학부(이학적성),논술,논술(논술우수자),신설
한국해양대,첨단소재공학과,교과,학생부교과(지역인재전형),신설
한국해양대,첨단소재공학과,종합,학생부종합(아치해양인재전형Ⅰ(일반)),신설
한국해양대,해양과학융합학부 해양환경학전공,종합,학생부종합(아치해양인재전형Ⅰ(일반)),미공개
한남대,탈메이지교양·융합대학자유전공학부,교과,학생부교과(지역인재교과우수자전형),신설
한남대,AI데이터사이언스학과,교과,학생부교과(지역인재교과우수자전형),신설
한남대,AI로봇융합공학과,교과,학생부교과(지역인재교과우수자전형),신설
한남대,나노반도체소재공학과,교과,학생부교과(지역인재교과우수자전형),신설
한남대,산업정보공학과,교과,학생부교과(지역인재교과우수자전형),신설
한남대,AI데이터사이언스학과,종합,학생부종합(한남인재Ⅰ전형),신설
한남대,나노반도체소재공학과,종합,학생부종합(한남인재Ⅰ전형),신설
한남대,산업정보공학과,종합,학생부종합(한남인재Ⅰ전형),신설
한라대,스포츠학과,종합,학생부종합(운곡인재),미공개
한라대,자유전공학부,종합,학생부종합(운곡인재),신설
한림대,글로컬MICE학과,교과,학생부교과(지역인재전형),신설
한림대,[유형2] 의생명과학대학 자율전공,교과,학생부교과(지역인재전형),신설
한림대,인공지능컴퓨팅학부,교과,학생부교과(지역인재전형),신설
한림대,글로컬MICE학과,종합,학생부종합(학교생활우수자전형),신설
한림대,[유형2] 의생명과학대학 자율전공,종합,학생부종합(학교생활우수자전형),신설
한림대,인공지능컴퓨팅학부,종합,학생부종합(학교생활우수자전형),신설
한림대,[유형1] 자유전공학부,종합,학생부종합(학교생활우수자전형),신설
한밭대,회계세무부동산학과(야간),종합,학생부종합(야간),신설
한밭대,전기시스템공학과(야간),종합,학생부종합(야간),신설
한밭대,산업디자인학과,종합,학생부종합(지역인재(종합)),신설
한밭대,시각·영상디자인학과,종합,학생부종합(지역인재(종합)),신설
한서대,[유형2] 인문사회전공자율학과,교과,학생부교과(한서인재전형),신설
한서대,미디어문예창작학과,교과,학생부교과(학생부교과전형),신설
한서대,사회복지학과,교과,학생부교과(지역인재 특별전형),미공개
한서대,항공외국어학과,교과,학생부교과(학생부교과전형),신설
한서대,[유형2] 공학전공자율학과,교과,학생부교과(한서인재전형),신설
한서대,[유형2] 자연과학전공자율학과,교과,학생부교과(한서인재전형),신설
한서대,AI로보틱스학과,교과,학생부교과(학생부교과전형),신설
한서대,AI모빌리티학과,교과,학생부교과(학생부교과전형),신설
한서대,수산생명의학과,교과,학생부교과(지역인재 특별전형),신설
한서대,신소재화학공학과,교과,학생부교과(학생부교과전형),신설
한서대,의료재활학과,교과,학생부교과(학생부교과전형),신설
한서대,항공보안학과,교과,학생부교과(지역인재 특별전형),신설
한서대,환경·토목·건축학과,교과,학생부교과(학생부교과전형),신설
한서대,[유형2] 예체능전공자율학과,교과,학생부교과(학생부교과전형),신설
한서대,공간디자인학과,교과,학생부교과(학생부교과전형),신설
한서대,디지털산업디자인학과,교과,학생부교과(지역인재 특별전형),신설
한서대,문화유산보존학과,교과,학생부교과(학생부교과전형),신설
한서대,영화영상학과,교과,학생부교과(학생부교과전형),신설
한서대,레저해양스포츠학과,교과,학생부교과(한서인재전형),신설
한서대,작업치료학과,종합,학생부종합(융합인재전형),미공개
한성대,AI기계로봇공학과,교과,학생부교과(지역균형전형),신설
한성대,AI기계로봇공학과,종합,학생부종합(한성인재전형),신설
한성대,미래모빌리티학과,종합,학생부종합(한성인재전형),신설
한성대,[유형1] 상상력인재학부,종합,학생부종합(한성인재전형),신설
한세대,[광역] 인문사회학부,교과,학생부교과(면접우수자전형),신설
한세대,[광역] 첨단융합학부,교과,학생부교과(면접우수자전형),신설
한세대,[광역] 인문사회학부,종합,학생부종합(한세인재전형),신설
한세대,신학과,종합,학생부종합(한세인재전형),신설
한세대,[광역] 첨단융합학부,종합,학생부종합(한세인재전형),신설
한세대,간호학과,종합,학생부종합(한세인재전형),신설
한세대,[광역] 디자인학부,종합,학생부종합(한세인재전형),신설
한세대,[유형1] 자유전공학부,종합,학생부종합(한세인재전형),신설
한양대,[유형1] 한양인터칼리지학부(인문),논술,논술,신설
한양대,경영학부,논술,논술,미공개
한양대,경제금융학부,논술,논술,미공개
한양대,관광학부,논술,논술,미공개
한양대,국어국문학과,논술,논술,미공개
한양대,미디어커뮤니케이션학과,논술,논술,미공개
한양대,사학과,논술,논술,미공개
한양대,사회학과,논술,논술,미공개
한양대,연극영화학과(영화),논술,논술,미공개
한양대,정보시스템학과(상경),논술,논술,미공개
한양대,정책학과,논술,논술,미공개
한양대,정치외교학과,논술,논술,미공개
한양대,철학과,논술,논술,미공개
한양대,파이낸스경영학과,논술,논술,미공개
한양대,[유형1] 한양인터칼리지학부(자연),논술,논술,신설
한양대,간호학과,논술,논술,미공개
한양대,건설환경공학과,논술,논술,미공개
한양대,건축공학부,논술,논술,미공개
한양대,건축학부(5년제),논술,논술,미공개
한양대,기계공학부,논술,논술,미공개
한양대,도시공학과,논술,논술,미공개
한양대,물리학과,논술,논술,미공개
한양대,미래자동차공학과,논술,논술,미공개
한양대,산업공학과,논술,논술,미공개
한양대,생명과학과,논술,논술,미공개
한양대,수학과,논술,논술,미공개
한양대,수학교육과,논술,논술,미공개
한양대,식품영양학과,논술,논술,미공개
한양대,신소재공학부,논술,논술,미공개
한양대,융합전자공학부,논술,논술,미공개
한양대,의예과,논술,논술,신설
한양대,전기·생체공학부(전기공학전공),논술,논술,미공개
한양대,컴퓨터소프트웨어학부,논술,논술,미공개
한양대,화학공학과,논술,논술,미공개
한양대,화학과,논술,논술,미공개
한양대,반도체공학과,논술,논술(정원외),신설
한양대(ERICA),지능형시스템공학전공,교과,학생부교과(지역균형선발),신설
한양대(ERICA),지능형클라우드전공,교과,학생부교과(지역균형선발),신설
한양대(ERICA),지능형시스템공학전공,종합,학생부종합(서류형),신설
한양대(ERICA),[계열모집] 서해5도 상경계열,종합,학생부종합(서해 5도)(정원외),신설
한양대(ERICA),[계열모집] 서해5도 인문계열,종합,학생부종합(서해 5도)(정원외),신설
한양대(ERICA),[계열모집] 서해5도 자연계열,종합,학생부종합(서해 5도)(정원외),신설
한양대(ERICA),스마트융합공학부,종합,학생부종합(조기취업형 계약학과)(정원외),신설
협성대,글로벌통상·문화학과,종합,학생부종합(융합인재Ⅱ전형),신설
협성대,[유형1] 자율전공학부(1유형),종합,학생부종합(융합인재Ⅰ전형),신설
호남대,K푸드-조리·영양학부,교과,학생부교과(지역인재전형),신설
호남대,공공안전행정학부,교과,학생부교과(지역인재전형),신설
호남대,AI융합학부,교과,학생부교과(지역인재전형),신설
호남대,건설시스템공학부,교과,학생부교과(지역인재전형),신설
호남대,K컬처·미디어콘텐츠학부,교과,학생부교과(지역인재전형),신설
호서대(아산),산업디자인학과,교과,학생부교과(면접전형),신설
호서대(아산),물류유통학과,교과,학생부교과(조기취업형계약학과전형)(정원외),신설
호서대(아산),반도체디스플레이학과,교과,학생부교과(조기취업형계약학과전형)(정원외),신설
호서대(아산),첨단산업AI공학과,교과,학생부교과(조기취업형계약학과전형)(정원외),신설
호서대(아산),인공지능학과,교과,학생부교과(지역인재전형),신설
호서대(아산),인공지능학과,종합,학생부종합(호서인재전형),신설
호원대,한국어학과,교과,학생부교과(일반전형),신설
호원대,[유형1] 자유전공학부,교과,학생부교과(일반전형),신설
홍익대,경영학부,논술,논술,미공개
홍익대,경제학부,논술,논술,미공개
홍익대,교육학과,논술,논술,미공개
홍익대,국어교육과,논술,논술,미공개
홍익대,국어국문학과,논술,논술,미공개
홍익대,독어독문학과,논술,논술,미공개
홍익대,법학부,논술,논술,미공개
홍익대,불어불문학과,논술,논술,미공개
홍익대,서울캠퍼스자율전공(인문·예능),논술,논술,미공개
홍익대,역사교육과,논술,논술,미공개
홍익대,영어교육과,논술,논술,미공개
홍익대,영어영문학과,논술,논술,미공개
홍익대,건설환경공학과,논술,논술,미공개
홍익대,건축학부 건축학전공(5년제),논술,논술,미공개
홍익대,건축학부 실내건축학전공,논술,논술,미공개
홍익대,기계·시스템디자인공학과,논술,논술,미공개
홍익대,도시공학과,논술,논술,미공개
홍익대,산업·데이터공학과,논술,논술,미공개
홍익대,서울캠퍼스자율전공(자연·예능),논술,논술,미공개
홍익대,수학교육과,논술,논술,미공개
홍익대,신소재·화공시스템공학부,논술,논술,미공개
홍익대,전자·전기공학부,논술,논술,미공개
홍익대,컴퓨터공학과,논술,논술,미공개
홍익대,예술학과,논술,논술,미공개
홍익대(세종),광고홍보학부,논술,논술,신설
홍익대(세종),상경학부,논술,논술,신설
홍익대(세종),세종캠퍼스자율전공(인문·예능),논술,논술,미공개
홍익대(세종),AID융합과학기술대학자율전공,논술,논술,미공개
홍익대(세종),AI기계융합공학과,논술,논술,미공개
홍익대(세종),건축공학부,논술,논술,미공개
홍익대(세종),게임학부 게임소프트웨어전공(공학계),논술,논술,미공개
홍익대(세종),나노반도체공학과,논술,논술,미공개
홍익대(세종),바이오화학융합공학과,논술,논술,미공개
홍익대(세종),세종캠퍼스자율전공(자연·예능),논술,논술,신설
홍익대(세종),소프트웨어융합학과,논술,논술,미공개
홍익대(세종),전자전기융합공학과,논술,논술,미공개
홍익대(세종),조선해양모빌리티공학과,논술,논술,미공개
화성의과학대,서비스디자인학과,교과,학생부교과(학생부교과우수자전형),신설
화성의과학대,라이프스타일테크학과,교과,학생부교과(학생부교과우수자전형),신설
