대학명,유형,전형명,1단계발표,논술일정,면접일정,합격발표,고사시기
DGIST(대구경북과학기술원),종합,학생부종합(과학인재전형),,,11.25(수)~11.27(금),12.18(금),수능후
DGIST(대구경북과학기술원),종합,학생부종합(일반전형),,,,12.18(금),
DGIST(대구경북과학기술원),종합,학생부종합(일반전형)(정원외),,,,12.18(금),
DGIST(대구경북과학기술원),종합,학생부종합(학교장추천전형),,,,12.18(금),
DGIST(대구경북과학기술원),종합,학생부종합(학교장추천전형)(정원외),,,,12.18(금),
GIST(광주과학기술원),종합,학생부종합(일반),,,,12월 18일(금)까지,추후 공지
GIST(광주과학기술원),종합,학생부종합(학교장추천),,,,12월 18일(금)까지,추후 공지
KAIST(한국과학기술원),종합,학생부종합(반도체시스템인재전형I),,,,12월 18일(금)까지,
KAIST(한국과학기술원),종합,학생부종합(반도체시스템인재전형II),,,,12월 18일(금)까지,추후 공지
KAIST(한국과학기술원),종합,학생부종합(일반),,,,12월 18일(금)까지,추후 공지
KAIST(한국과학기술원),종합,학생부종합(창의도전),,,,12월 18일(금)까지,
KAIST(한국과학기술원),종합,학생부종합(특기자),,,,12월 18일(금)까지,추후 공지
KAIST(한국과학기술원),종합,학생부종합(학교장추천),,,,12월 18일(금)까지,
KENTECH(한국에너지공과대학교),종합,학생부종합(일반전형),11.20(금),,11.30(월),12.11(금),수능후
POSTECH(포항공과대학교),종합,학생부종합(반도체공학인재전형)(정원외),11.20(금),,11.29(일),12.18(금),수능후
POSTECH(포항공과대학교),종합,학생부종합(일반전형Ⅰ),11.20(금),,11.28(토),12.18(금),수능후
POSTECH(포항공과대학교),종합,학생부종합(일반전형Ⅱ),11.20(금),,11.29(일),12.18(금),수능후
UNIST(울산과학기술원),종합,학생부종합(그릿인재전형),11.04(수),,11.08(일),12.18(금),수능전
UNIST(울산과학기술원),종합,학생부종합(일반전형),,,,12.18(금),
UNIST(울산과학기술원),종합,학생부종합(일반전형)(정원외),,,,12.18(금),
UNIST(울산과학기술원),종합,학생부종합(탐구우수전형),11.04(수),,11.07(토),12.18(금),수능전
UNIST(울산과학기술원),종합,학생부종합(지역인재전형),,,,12.18(금),
가야대,교과,학생부교과(가야인재전형),,,,10.30(금),
가야대,교과,학생부교과(일반전형),,,,10.30(금),
가야대,교과,학생부교과(지역인재전형),,,,10.30(금),
가천대(글로벌),논술,논술,,11.29(일),,12.18(금),수능후
가천대(글로벌),교과,학생부교과(지역균형),11.12(목),,12.05(토)~12.07(월),12.18(금),수능후
가천대(글로벌),교과,학생부교과(학생부우수자),,,,12.18(금),
가천대(글로벌),종합,학생부종합(가천바람개비),10.29(목),,10.31(토)~11.08(일),11.14(토),수능전
가천대(글로벌),종합,학생부종합(조기취업형 계약학과),10.29(목),,11.04(수)~11.05(목),11.14(토),수능전
가천대(메디컬),논술,논술,,11.29(일),,12.18(금),수능후
가천대(메디컬),교과,학생부교과(지역균형),11.12(목),,12.05(토)~12.07(월),12.18(금),수능후
가천대(메디컬),교과,학생부교과(학생부우수자),,,,12.18(금),
가천대(메디컬),종합,학생부종합(가천바람개비),10.29(목),,10.31(토)~11.08(일),11.14(토),수능전
가천대(메디컬),종합,학생부종합(가천의약학),12.09(수),,12.14(월)~12.15(화),12.18(금),수능후
가천대(메디컬),교과,학생부교과(지역의사선발),,,,12.18(금),
가톨릭관동대,교과,학생부교과(일반전형),,,,11.02(월),
가톨릭관동대,종합,학생부종합(일반전형),,,,11.02(월),
가톨릭관동대,교과,학생부교과(지역인재전형),,,,11.02(월),
가톨릭관동대,종합,학생부종합(지역의사선발전형),,,,12.17(목),
가톨릭관동대,종합,학생부종합(지역인재전형),,,,11.02(월),
가톨릭꽃동네대,교과,학생부교과(가톨릭지도자추천전형),,,10.23(금)~10.24(토),11.11(수),수능전
가톨릭꽃동네대,교과,학생부교과(일반학생전형),,,,11.11(수),
가톨릭꽃동네대,교과,학생부교과(휴먼리더면접전형),,,10.23(금)~10.24(토),11.11(수),수능전
가톨릭꽃동네대,교과,학생부교과(지역인재전형),,,10.23(금)~10.24(토),11.11(수),수능전
가톨릭대(성신),종합,학생부종합(잠재능력우수자면접전형),10.23(금),,10.30(금),11.27(금)~12.18(금),
가톨릭대(성심),논술,논술(논술전형),,10.11(일),,11.27(금)~12.18(금),수능전
가톨릭대(성심),교과,학생부교과(지역균형전형),,,,11.27(금)~12.18(금),
가톨릭대(성심),종합,학생부종합(잠재능력우수자면접전형),11.27(금),,12.5(토),11.27(금)~12.18(금),
가톨릭대(성심),종합,학생부종합(잠재능력우수자서류전형),,,,11.27(금)~12.18(금),
가톨릭대(성심),종합,학생부종합(학교장추천전형),11.27(금),,,11.27(금)~12.18(금),
가톨릭대(성의),논술,논술(논술전형),,10.11(일),,11.27(금)~12.18(금),수능전
가톨릭대(성의),교과,학생부교과(지역균형전형),,,,11.27(금)~12.18(금),
가톨릭대(성의),종합,학생부종합(학교장추천전형),11.27(금),,12.5(토),11.27(금)~12.18(금),
감리교신학대,교과,학생부교과(검정고시출신자),,,10.17(토),11.06(금),수능전
감리교신학대,교과,학생부교과(일반전형),,,10.16(금),11.06(금),수능전
감리교신학대,교과,학생부교과(추천자전형(담임교역자/교목/교사)),,,10.17(토),11.06(금),수능전
강남대,논술,논술(논술전형),,11.28(토),,12.18(금),수능후
강남대,교과,학생부교과(지역균형전형),,,,12.18(금),
강남대,종합,학생부종합(학교생활우수자전형Ⅰ),,,,12.18(금),
강남대,종합,학생부종합(학교생활우수자전형Ⅱ),10.30(금),,11.07(토)~11.08(일),12.18(금),수능전
강서대,교과,학생부교과(교과우수자전형),,,,11.13(금),
강서대,교과,학생부교과(일반학생전형),,,10.02(금),11.13(금),수능전
강원대,교과,학생부교과(일반교과전형),,,,12.18(금),
강원대,종합,학생부종합(미래인재면접전형),11.20(금),,11.27(금)~11.28(토),12.18(금),수능후
강원대,종합,학생부종합(미래인재서류전형),,,,12.18(금),
강원대,종합,학생부종합(영농창업인재전형),11.20(금),,11.27(금)~11.28(토),12.18(금),수능후
강원대,교과,학생부교과(지역교과전형),,,,12.18(금),
강원대,교과,학생부교과(지역의사선발전형),,,,12.18(금),
강원대,종합,학생부종합(지역인재면접전형),11.20(금),,11.27(금)~11.28(토),12.18(금),수능후
강원대(강릉),교과,학생부교과(일반교과Ⅰ전형),,,,12.18(금),
강원대(강릉),종합,학생부종합(미래인재면접Ⅰ전형),11.20(금),,11.27(금),12.18(금),수능후
강원대(강릉),종합,학생부종합(미래인재서류Ⅰ전형),,,,12.18(금),
강원대(강릉),교과,학생부교과(지역교과Ⅰ전형),,,,12.18(금),
강원대(강릉),종합,학생부종합(지역인재서류전형),,,,12.18(금),
강원대(도계),교과,학생부교과(일반교과전형),,,,12.18(금),
강원대(도계),종합,학생부종합(미래인재면접전형),11.20(금),,11.27(금)~11.28(토),12.18(금),수능후
강원대(도계),종합,학생부종합(미래인재서류전형),,,,12.18(금),
강원대(도계),교과,학생부교과(지역교과전형),,,,12.18(금),
강원대(삼척),교과,학생부교과(일반교과전형),,,,12.18(금),
강원대(삼척),종합,학생부종합(미래인재서류전형),,,,12.18(금),
강원대(삼척),종합,학생부종합(학·석사통합전형),,,,12.18(금),
강원대(삼척),교과,학생부교과(지역교과전형),,,,12.18(금),
강원대(원주),교과,학생부교과(일반교과Ⅰ전형),,,,12.18(금),
강원대(원주),종합,학생부종합(미래인재서류Ⅰ전형),,,,12.18(금),
강원대(원주),교과,학생부교과(지역교과Ⅰ전형),,,,12.18(금),
강원대(원주),종합,학생부종합(지역인재서류전형),,,,12.18(금),
건국대,논술,논술(KU논술우수자),,11.21(토),,12.18(금),수능후
건국대,교과,학생부교과(KU지역균형),,,,12.18(금),
건국대,종합,학생부종합(KU자기추천),11.20(금),,12.05(토)~12.06(일),12.18(금),수능후
건국대(글로컬),교과,학생부교과(교과우수),,,,12.17(목),
건국대(글로컬),종합,학생부종합(Cogito자기추천),11.19(목),,11.28(토)~11.29(일),12.17(목),수능후
건국대(글로컬),교과,학생부교과(지역의사제(광역권)),11.19(목),,11.28(토),12.17(목),수능후
건국대(글로컬),교과,학생부교과(지역의사제(진료권-제천권)),11.19(목),,11.28(토),12.17(목),수능후
건국대(글로컬),교과,학생부교과(지역의사제(진료권-청주권)),11.19(목),,11.28(토),12.17(목),수능후
건국대(글로컬),교과,학생부교과(지역의사제(진료권-충주권)),11.19(목),,11.28(토),12.17(목),수능후
건국대(글로컬),교과,학생부교과(지역인재(충북)),11.19(목),,11.28(토),12.17(목),수능후
건국대(글로컬),교과,학생부교과(지역인재),,,,12.17(목),
건국대(글로컬),종합,학생부종합(지역인재),,,,12.17(목),
건양대,교과,학생부교과(군사학전형),09.28(월),,10.15(목)~10.16(금),12.16(수),수능전
건양대,교과,학생부교과(일반[교과]),,,,10.26(월),
건양대,교과,학생부교과(일반[최저]),,,,12.16(수),
건양대,종합,학생부종합(학생부종합),,,,11.11(수),
건양대,교과,학생부교과(지역[교과]),,,,10.26(월),
건양대,교과,학생부교과(지역[면접]),10.12(월),,10.17(토),10.26(월),수능전
건양대,교과,학생부교과(지역[최저]),,,,12.16(수),
건양대,종합,학생부종합(지역의사),11.13(금),,11.28(토),12.16(수),수능후
경국대,교과,학생부교과(선수출신자전형),,,,11.06(금),
경국대,교과,학생부교과(일반학생전형),,,,11.06(금),
경국대,종합,학생부종합(바른인재전형),,,,11.06(금),
경국대,교과,학생부교과(지역인재전형),,,,11.06(금),
경기대,논술,논술(논술우수자전형),,11.27(금),,12.18(금),수능후
경기대,교과,학생부교과(교과성적우수자전형),,,,12.18(금),
경기대,교과,학생부교과(학교장추천전형),,,,11.20(금),
경기대,종합,학생부종합(KGU학생부종합전형),11.20(금),,11.29(일)~12.06(일),12.18(금),수능후
경기대,종합,학생부종합(SW우수자전형),11.20(금),,11.29(일),12.18(금),수능후
경기대(서울),논술,논술(논술우수자전형),,11.27(금),,12.18(금),수능후
경기대(서울),교과,학생부교과(교과성적우수자전형),,,,12.18(금),
경기대(서울),교과,학생부교과(학교장추천전형),,,,11.20(금),
경기대(서울),종합,학생부종합(KGU학생부종합전형),11.20(금),,11.29(일)~12.06(일),12.18(금),수능후
경남대,교과,학생부교과(군사학과전형),09.28(월),,10.15(목),12.16(수),수능전
경남대,교과,학생부교과(일반면접전형),09.28(월),,10.10(토),11.05(목),수능전
경남대,교과,학생부교과(일반전형),,,,11.05(목),
경남대,종합,학생부종합(일반전형),,,,11.05(목),
경남대,교과,학생부교과(지역인재전형),,,,11.05(목),
경동대(메디컬),교과,학생부교과(일반학생전형),,,,11.06(금),
경동대(메디컬),교과,학생부교과(자기추천제전형),,,10.17(토),11.06(금),수능전
경동대(메디컬),교과,학생부교과(지역인재전형),,,,11.06(금),
경동대(메트로폴),교과,학생부교과(일반학생전형),,,,11.06(금),
경동대(메트로폴),교과,학생부교과(자기추천제전형),,,10.16(금),11.06(금),수능전
경북대,논술,논술(논술(AAT)전형),,11.28(토),,12.18(금),수능후
경북대,교과,학생부교과(교과우수자전형),,,,12.18(금),
경북대,종합,학생부종합(SW특별전형),11.06(금),,11.21(토),12.18(금),수능후
경북대,종합,학생부종합(모바일과학인재전형),11.06(금),,11.21(토),12.18(금),수능후
경북대,종합,학생부종합(영농창업인재전형),11.06(금),,11.21(토),12.18(금),수능후
경북대,종합,학생부종합(일반학생전형),,,,12.18(금),
경북대,종합,학생부종합(장애인등대상자전형),11.06(금),,11.21(토),12.18(금),수능후
경북대,교과,학생부교과(지역인재전형),,,,12.18(금),
경북대,종합,학생부종합(지역의사선발전형),11.06(금),,11.21(토),12.18(금),수능후
경북대,종합,학생부종합(지역인재 학교장추천전형),11.06(금),,11.21(토),12.18(금),수능후
경북대,종합,학생부종합(지역인재전형),11.06(금),,11.21(토),12.18(금),수능후
경북대(상주),교과,학생부교과(교과우수자전형),,,,12.18(금),
경북대(상주),종합,학생부종합(영농창업인재전형),11.06(금),,11.21(토),12.18(금),수능후
경북대(상주),종합,학생부종합(일반학생전형),,,,12.18(금),
경북대(상주),종합,학생부종합(장애인등대상자전형),11.06(금),,11.21(토),12.18(금),수능후
경북대(상주),교과,학생부교과(지역인재전형),,,,12.18(금),
경상국립대(가좌),교과,학생부교과(일반전형),,,,12.18(금),
경상국립대(가좌),종합,학생부종합(일반전형-면접형),11.13(금),,11.25(수)~11.26(목),12.18(금),수능후
경상국립대(가좌),종합,학생부종합(일반전형-일괄형),,,,12.18(금),
경상국립대(가좌),교과,학생부교과(지역인재전형),,,,12.18(금),
경상국립대(가좌),종합,학생부종합(지역인재전형),,,,12.18(금),
경상국립대(칠암),교과,학생부교과(일반전형),,,,12.18(금),
경상국립대(칠암),종합,학생부종합(일반전형-면접형),11.13(금),,11.25(수)~11.26(목),12.18(금),수능후
경상국립대(칠암),종합,학생부종합(일반전형-일괄형),,,,12.18(금),
경상국립대(칠암),교과,학생부교과(지역인재전형),,,,12.18(금),
경상국립대(칠암),종합,학생부종합(지역의사선발전형),11.13(금),,11.25(수)~11.26(목),12.18(금),수능후
경상국립대(칠암),종합,학생부종합(지역인재전형),,,,12.18(금),
경상국립대(통영),교과,학생부교과(일반전형),,,,12.18(금),
경상국립대(통영),종합,학생부종합(일반전형-일괄형),,,,12.18(금),
경성대,교과,학생부교과(일반계고교과전형),,,,12.17(목),
경성대,종합,학생부종합(학교생활우수자전형),,,,12.17(목),
경성대,교과,학생부교과(지역인재전형),,,,12.17(목),
경성대,종합,학생부종합(지역인재Ⅱ전형),,,,12.17(목),
경운대,교과,학생부교과(교과면접전형),,,10.23(금)~10.24(토),11.06(금),수능전
경운대,교과,학생부교과(교과일반전형),,,,11.06(금),
경운대,종합,학생부종합(미래인재전형),,,,11.06(금),
경운대,종합,학생부종합(창의인재전형),,,,11.06(금),
경운대,교과,학생부교과(지역인재전형),,,,11.06(금),
경인교대,교과,학생부교과(학교장추천전형),,,09.21(월)~09.23(수),12.18(금),수능전
경인교대,종합,학생부종합(교직적성전형),,,09.21(월)~09.23(수),12.18(금),수능전
경일대,교과,학생부교과(면접전형),,,09.19(토),11.13(금),수능전
경일대,교과,학생부교과(일반전형),,,,11.13(금),
경일대,종합,학생부종합(조기취업형계약학과),,,10.13(화)~10.16(금),11.13(금),수능전
경일대,종합,학생부종합(조기취업형계약학과)(정원외),,,10.13(화)~10.16(금),11.13(금),수능전
경일대,종합,학생부종합(학생부종합전형),,,,11.13(금),
경일대,교과,학생부교과(지역인재교과전형),,,,11.13(금),
경희대,논술,논술(논술우수자전형),,11.21(토)~11.22(일),,12.18(금),수능후
경희대,교과,학생부교과(지역균형전형),,,,12.18(금),
경희대,종합,학생부종합(네오르네상스전형),11.25(수),,12.05(토)~12.06(일),12.18(금),수능후
경희대(국제),논술,논술(논술우수자전형),,11.21(토)~11.22(일),,12.18(금),수능후
경희대(국제),교과,학생부교과(지역균형전형),,,,12.18(금),
경희대(국제),종합,학생부종합(네오르네상스전형),11.25(수),,12.05(토)~12.06(일),12.18(금),수능후
계명대,교과,학생부교과(면접전형),11.14(토),,12.05(토),12.18(금),수능후
계명대,교과,학생부교과(일반전형),,,,12.18(금),
계명대,종합,학생부종합(일반전형),,,,11.14(토),
계명대,교과,학생부교과(지역의사광역전형),11.14(토),,12.05(토),12.18(금),수능후
계명대,교과,학생부교과(지역전형),,,,12.18(금),
계명대,종합,학생부종합(지역의사진료전형),11.14(토),,11.28(토),12.18(금),수능후
계명대,종합,학생부종합(지역전형),,,,11.14(토),
고려대,논술,논술(논술전형),,11.21(토)~11.22(일),,12.18(금),수능후
고려대,교과,학생부교과(학교추천전형),,,,12.18(금),
고려대,종합,학생부종합(계열적합전형),10.30(금),,11.07(토)~11.08(일),12.18(금),수능전
고려대,종합,학생부종합(사이버국방전형),10.23(금),,10.31(토)~11.05(목),12.18(금),수능전
고려대,종합,학생부종합(학업우수전형),,,,12.18(금),
고려대(세종),논술,논술(일반전형),,11.28(토),,12.18(금),수능후
고려대(세종),교과,학생부교과(일반전형),,,,12.18(금),
고려대(세종),종합,학생부종합(크림슨인재전형),,,,12.18(금),
고려대(세종),논술,논술(지역인재전형),,11.28(토),,12.18(금),수능후
고려대(세종),종합,학생부종합(지역인재전형),,,,12.18(금),
고신대,교과,학생부교과(일반고전형),,,,12.16(수),
고신대,종합,학생부종합(고신희망전형),,,,12.16(수),
고신대,종합,학생부종합(자기추천전형),10.16(금),,10.24(토),12.16(수),수능전
고신대,교과,학생부교과(지역의사선발전형-광역권),10.27(화),,11.28(토),12.16(수),수능후
고신대,교과,학생부교과(지역의사선발전형-진료권),10.27(화),,11.28(토),12.16(수),수능후
고신대,교과,학생부교과(지역인재전형),,,,12.16(수),
고신대,종합,학생부종합(지역인재종합전형),10.27(화),,11.21(토),12.16(수),수능후
공주교대,종합,학생부종합(교직적성인재전형),,,,12.18(금),
공주교대,종합,학생부종합(지역인재선발전형),,,,12.18(금),
공주대,교과,학생부교과(일반전형),,,,12.18(금),
공주대,교과,학생부교과(자율전공전형),,,,12.18(금),
공주대,종합,학생부종합(일반전형),,,,12.18(금),
공주대,교과,학생부교과(지역인재전형),,,,12.18(금),
광신대,교과,학생부교과(기독인재양성특별전형),,,10.02(금),10.12(월),수능전
광신대,교과,학생부교과(일반전형),,,10.02(금),10.12(월),수능전
광운대,논술,논술(논술우수자전형),,11.28(토),,12.18(금),수능후
광운대,교과,학생부교과(지역균형전형),,,,11.06(금),
광운대,종합,학생부종합(광운참빛인재전형Ⅰ-면접형),10.28(수),,10.31(토)~11.01(일),11.06(금),수능전
광운대,종합,학생부종합(광운참빛인재전형Ⅱ-서류형),,,,11.06(금),
광운대,종합,학생부종합(소프트웨어우수인재전형),10.28(수),,10.31(토)~11.01(일),11.06(금),수능전
광주교대,종합,학생부종합(교직적성우수자전형),,,,12.18(금),
광주교대,종합,학생부종합(장애인대상자전형),11.13(금),,,11.28(토),
광주교대,종합,학생부종합(전남교육감추천전형),11.13(금),,,11.28(토),
광주교대,교과,학생부교과(지역인재전형),,,,12.18(금),
광주교대,종합,학생부종합(지역인재전형),11.13(금),,,11.28(토),
광주대,교과,학생부교과(나눔인재),,,,10.29(목),
광주대,교과,학생부교과(일반학생),,,,10.29(목),
광주대,교과,학생부교과(지역학생),,,,10.29(목),
광주여대,교과,학생부교과(일반학생전형Ⅰ),,,10.14(수),10.28(수),수능전
광주여대,교과,학생부교과(일반학생전형Ⅱ),,,,10.28(수),
광주여대,교과,학생부교과(지역인재전형),,,,10.28(수),
국민대,논술,논술,,12.05(토)~12.06(일),,12.18(금),수능후
국민대,교과,학생부교과(교과우수자(학교장추천)),,,,12.18(금),
국민대,종합,학생부종합(국민프런티어),11.10(화)~11.17(화),,11.14(토)~11.22(일),12.18(금),수능후
국민대,종합,학생부종합(국제인재),11.10(화)~11.17(화),,11.14(토)~11.22(일),12.18(금),수능후
국민대,종합,학생부종합(알고리즘우수자),11.10(화)~11.17(화),,11.14(토)~11.22(일),12.18(금),수능후
군산대,교과,학생부교과(일반전형),,,,11.24(화),
군산대,종합,학생부종합(일반학생전형),,,,11.24(화),
군산대,교과,학생부교과(지역인재Ⅰ전형),,,,11.24(화),
극동대,교과,학생부교과(교과우수자전형),,,,11.11(수),
극동대,교과,학생부교과(일반학생전형),,,10.15(목)~10.16(금),11.11(수),수능전
극동대,교과,학생부교과(지역인재1전형),,,,11.11(수),
금강대,교과,학생부교과(금강인재추천전형),,,,10.14(수),
금강대,교과,학생부교과(일반전형),,,,10.14(수),
금오공대,교과,학생부교과(학생부교과전형),,,,12.18(금),
금오공대,종합,학생부종합(KIT인재전형),,,,12.11(금),
금오공대,종합,학생부종합(자율인재전형),,,,12.11(금),
금오공대,교과,학생부교과(지역인재전형),,,,12.18(금),
김천대,교과,학생부교과(일반교과전형),,,,11.10(화),
김천대,교과,학생부교과(일반면접전형),,,10.17(토),11.10(화),수능전
김천대,교과,학생부교과(지역인재전형),,,,11.10(화),
나사렛대,교과,학생부교과(일반전형),,,,11.10(화),
나사렛대,종합,학생부종합(계약학과(조기취업형))(정원외),10.20(화),,10.24(토),11.10(화),수능전
나사렛대,종합,학생부종합(창의융합인재-면접형),10.20(화),,10.24(토),11.10(화),수능전
나사렛대,종합,학생부종합(창의융합인재-서류형),,,,11.10(화),
나사렛대,교과,학생부교과(지역인재1전형),,,,11.10(화),
나사렛대,종합,학생부종합(지역인재2-일반),10.20(화),,10.24(토),11.10(화),수능전
남부대,교과,학생부교과(일반학생전형),,,,10.28(수),
남부대,교과,학생부교과(지역인재전형),,,,10.28(수),
남서울대,교과,학생부교과(계약학과 채용조건형)(정원외),,,11.07(토),11.17(화),수능전
남서울대,교과,학생부교과(교과+면접전형),,,09.18(금)~09.19(토),11.17(화),수능전
남서울대,교과,학생부교과(일반전형),,,,11.17(화),
남서울대,종합,학생부종합(면접형),10.22(목),,11.07(토),11.17(화),수능전
남서울대,종합,학생부종합(서류형),,,,11.17(화),
남서울대,교과,학생부교과(지역인재전형),,,,11.17(화),
단국대(죽전),논술,논술(논술우수자),,10.17(토),,12.18(금),수능전
단국대(죽전),교과,학생부교과(지역균형선발),,,,12.18(금),
단국대(죽전),종합,학생부종합(DKU인재(면접형)),11.20(금),,12.05(토),12.18(금),수능후
단국대(죽전),종합,학생부종합(DKU인재(서류형)),,,,12.18(금),
단국대(죽전),종합,학생부종합(SW인재),11.20(금),,12.06(일),12.18(금),수능후
단국대(죽전),종합,학생부종합(창업인재),11.20(금),,12.05(토),12.18(금),수능후
단국대(천안),교과,학생부교과(학생부교과우수자),,,,12.18(금),
단국대(천안),종합,학생부종합(DKU인재(면접형)),11.20(금),,11.28(토),12.18(금),수능후
단국대(천안),종합,학생부종합(DKU인재(서류형)),,,,12.18(금),
단국대(천안),종합,학생부종합(군사학과),,,11.29(일),12.18(금),수능후
단국대(천안),교과,학생부교과(지역메디바이오인재),,,,12.18(금),
단국대(천안),종합,학생부종합(지역의료인재(광역권)),11.20(금),,11.28(토),12.18(금),수능후
단국대(천안),종합,학생부종합(지역의료인재(진료권-공주권)),11.20(금),,11.28(토),12.18(금),수능후
단국대(천안),종합,학생부종합(지역의료인재(진료권-논산권)),11.20(금),,11.28(토),12.18(금),수능후
단국대(천안),종합,학생부종합(지역의료인재(진료권-서산권)),11.20(금),,11.28(토),12.18(금),수능후
단국대(천안),종합,학생부종합(지역의료인재(진료권-천안권)),11.20(금),,11.28(토),12.18(금),수능후
단국대(천안),종합,학생부종합(지역의료인재(진료권-홍성권)),11.20(금),,11.28(토),12.18(금),수능후
대구가톨릭대,교과,학생부교과(교과전형),,,,11.11(수),
대구가톨릭대,종합,학생부종합(종합전형),,,,11.11(수),
대구가톨릭대,교과,학생부교과(지역교과전형),,,,11.11(수),
대구가톨릭대,교과,학생부교과(지역의사선발전형(광역권)),11.18(수)~11.19(목),,11.21(토),12.17(목),수능후
대구가톨릭대,종합,학생부종합(지역의사선발전형(진료권)),11.19(목)~11.20(금),,11.22(일),12.17(목),수능후
대구가톨릭대,종합,학생부종합(지역종합전형),10.21(수)~10.22(목),,10.24(토),11.11(수),수능전
대구교대,종합,학생부종합(참스승전형),11.13(금),,11.28(토),12.18(금),수능후
대구교대,종합,학생부종합(경북지역인재특별전형),11.13(금),,11.28(토),12.18(금),수능후
대구교대,종합,학생부종합(대구지역인재특별전형),11.13(금),,11.28(토),12.18(금),수능후
대구대,교과,학생부교과(면접전형),10.23(금),,10.31(토),11.16(월),수능전
대구대,교과,학생부교과(일반전형),,,,11.16(월),
대구대,종합,학생부종합(서류전형),,,,11.16(월),
대구대,교과,학생부교과(지역인재전형),,,,11.16(월),
대구대,종합,학생부종합(지역인재전형),,,,11.16(월),
대구한의대,교과,학생부교과(면접전형),,,10.17(토),11.06(금),수능전
대구한의대,교과,학생부교과(일반전형),,,,11.06(금),
대구한의대,종합,학생부종합(일반전형),,,,11.06(금),
대구한의대,교과,학생부교과(지역인재전형),,,,11.06(금),
대구한의대,종합,학생부종합(지역인재전형),,,,12.11(금),
대전대,교과,학생부교과(교과면접전형),10.12(월),,10.16(금)~10.17(토),12.15(화),수능전
대전대,교과,학생부교과(교과중점전형),,,,11.16(월),
대전대,교과,학생부교과(군사학과전형),09.28(월),,10.14(수)~10.15(목),12.15(화),수능전
대전대,종합,학생부종합(혜화인재전형),10.26(월),,10.31(토)~11.01(일),11.16(월),수능전
대전대,교과,학생부교과(지역인재Ⅰ전형),,,,11.16(월),
대진대,교과,학생부교과(종단추천자전형),,,11.21(토)~11.22(일),12.11(금),수능후
대진대,교과,학생부교과(학교장추천전형),,,,11.13(금),
대진대,교과,학생부교과(학생부우수자전형),,,11.21(토)~11.22(일),12.11(금),수능후
대진대,종합,학생부종합(윈윈대진전형),11.03(화),,11.07(토)~11.08(일),11.13(금),수능전
덕성여대,논술,논술(논술전형),,11.29(일),,12.18(금),수능후
덕성여대,교과,학생부교과(고교추천전형),,,,12.18(금),
덕성여대,종합,학생부종합(덕성인재전형Ⅰ),,,,12.18(금),
덕성여대,종합,학생부종합(덕성인재전형Ⅱ),11.12(목),,11.21(토)~11.22(일),12.18(금),수능후
동국대,논술,논술(논술),,11.22(일),,12.18(금),수능후
동국대,교과,학생부교과(학교장추천인재),,,,12.01(화),
동국대,종합,학생부종합(Do Dream),11.13(금),,12.11(금)~12.13(일),12.18(금),수능후
동국대,종합,학생부종합(불교추천인재-승려),11.13(금),,12.13(일),12.18(금),수능후
동국대,종합,학생부종합(불교추천인재-일반),11.13(금),,12.13(일),12.18(금),수능후
동국대(WISE),교과,학생부교과(면접전형),,,10.24(토),11.06(금),수능전
동국대(WISE),교과,학생부교과(불교추천인재전형),,,,11.06(금),
동국대(WISE),교과,학생부교과(학교생활우수자전형),,,,11.06(금),
동국대(WISE),교과,학생부교과(학업성적우수자전형),,,,11.06(금),
동국대(WISE),종합,학생부종합(참사람전형),11.27(금),,12.05(토),12.18(금),수능후
동국대(WISE),교과,학생부교과(지역인재(경북-교과)전형),,,,12.18(금),
동국대(WISE),교과,학생부교과(지역인재(교과)전형),,,,12.18(금),
동국대(WISE),종합,학생부종합(지역의사제전형),11.27(금),,12.05(토),12.18(금),수능후
동국대(WISE),종합,학생부종합(지역인재(경북-종합)전형),11.27(금),,12.05(토),12.18(금),수능후
동국대(WISE),종합,학생부종합(지역인재(종합)전형),11.27(금),,12.05(토),12.18(금),수능후
동덕여대,논술,논술(논술우수자전형),,11.28(토),,12.18(금),수능후
동덕여대,교과,학생부교과(학생부교과우수자 특별전형),,,,12.18(금),
동덕여대,종합,학생부종합(동덕창의리더전형),10.27(화),,10.31(토)~11.01(일),11.17(화),수능전
동명대,교과,학생부교과(면접전형),,,10.17(토),10.30(금),수능전
동명대,교과,학생부교과(일반고교과전형),,,,10.30(금),
동명대,종합,학생부종합(창의인재전형),,,,10.30(금),
동명대,교과,학생부교과(지역인재전형),,,,10.30(금),
동서대,교과,학생부교과(고교생활우수자전형),,,,11.13(금),
동서대,교과,학생부교과(일반계교과전형),,,,11.13(금),
동서대,교과,학생부교과(학생부면접전형),,,10.20(화)~10.27(화),12.18(금),수능전
동서대,종합,학생부종합(학생부종합전형),,,,12.18(금),
동신대,교과,학생부교과(면접전형),,,,10.28(수),
동신대,교과,학생부교과(일반전형),,,,10.28(수),
동신대,교과,학생부교과(자율인재전형),,,,10.28(수),
동신대,교과,학생부교과(지역학생1전형),,,,10.28(수),
동신대,교과,학생부교과(지역학생2전형),,,,10.28(수),
동아대,교과,학생부교과(교과성적우수자전형),,,,12.18(금),
동아대,교과,학생부교과(교과진로우수자전형),,,,12.18(금),
동아대,종합,학생부종합(잠재능력우수자전형),11.20(금),,11.27(금)~11.28(토),12.18(금),수능후
동아대,종합,학생부종합(학교생활우수자전형),,,,11.13(금),
동아대,교과,학생부교과(지역인재교과전형),,,,12.18(금),
동아대,종합,학생부종합(지역의사제 거창권 전형),11.20(금),,11.29(일),12.18(금),수능후
동아대,종합,학생부종합(지역의사제 광역권 전형),11.20(금),,11.29(일),12.18(금),수능후
동아대,종합,학생부종합(지역의사제 김해권 전형),11.20(금),,11.29(일),12.18(금),수능후
동아대,종합,학생부종합(지역의사제 진주권 전형),11.20(금),,11.29(일),12.18(금),수능후
동아대,종합,학생부종합(지역의사제 창원권 전형),11.20(금),,11.29(일),12.18(금),수능후
동아대,종합,학생부종합(지역의사제 통영권 전형),11.20(금),,11.29(일),12.18(금),수능후
동아대,종합,학생부종합(지역인재종합전형),11.20(금),,11.29(일),12.18(금),수능후
동양대,교과,학생부교과(면접전형),,,10.23(금)~10.24(토),11.17(화),수능전
동양대,교과,학생부교과(일반전형Ⅰ),,,,11.17(화),
동양대,교과,학생부교과(일반전형Ⅱ),,,,11.17(화),
동양대,교과,학생부교과(지역인재전형),,,,11.17(화),
동의대,교과,학생부교과(일반고교과전형),,,,12.16(수),
동의대,종합,학생부종합(학교생활우수자(면접)전형),11.20(금),,11.28(토)~11.29(일),12.16(수),수능후
동의대,교과,학생부교과(지역인재교과전형),,,,12.16(수),
동의대,종합,학생부종합(지역인재종합전형),,,,12.16(수),
루터대,교과,학생부교과(일반전형),,,11.07(토),12.15(화),수능전
루터대,교과,학생부교과(지역균형전형),,,11.07(토),12.15(화),수능전
루터대,종합,학생부종합(섬김인재전형),10.27(화),,11.07(토),12.15(화),수능전
명지대,교과,학생부교과(교과면접전형),10.16(금),,10.31(토),12.09(수),수능전
명지대,교과,학생부교과(학교장추천전형),,,,12.09(수),
명지대,종합,학생부종합(명지인재면접전형),11.20(금),,11.28(토),12.09(수),수능후
명지대,종합,학생부종합(명지인재서류전형),,,,12.09(수),
명지대,종합,학생부종합(크리스천리더전형),11.20(금),,11.27(금),12.09(수),수능후
명지대(서울),교과,학생부교과(교과면접전형),10.16(금),,10.31(토),12.09(수),수능전
명지대(서울),교과,학생부교과(학교장추천전형),,,,12.09(수),
명지대(서울),종합,학생부종합(명지인재면접전형),11.20(금),,11.29(일),12.09(수),수능후
명지대(서울),종합,학생부종합(명지인재서류전형),,,,12.09(수),
명지대(서울),종합,학생부종합(크리스천리더전형),11.20(금),,11.27(금),12.09(수),수능후
목원대,교과,학생부교과(교과면접전형),,,10.30(금)~10.31(토),11.27(금),수능전
목원대,교과,학생부교과(교과전형),,,,11.06(금),
목원대,종합,학생부종합(학생부종합전형),,,,11.27(금),
목원대,교과,학생부교과(지역인재전형),,,,11.06(금),
목포가톨릭대,교과,학생부교과(가톨릭지도자추천전형),,,,12.18(금),
목포가톨릭대,교과,학생부교과(일반학생전형),,,,12.18(금),
목포가톨릭대,종합,학생부종합(지역인재전형),,,,12.18(금),
목포대,교과,학생부교과(교과일반전형),,,,12.11(금),
목포대,종합,학생부종합(미래인재전형),11.13(금),,11.27(금),12.11(금),수능후
목포대,종합,학생부종합(종합일반전형),,,,12.11(금),
목포대,교과,학생부교과(지역인재(교과)전형),,,,12.11(금),
목포대,종합,학생부종합(지역인재(종합)전형),11.13(금),,11.27(금),12.11(금),수능후
목포해양대,교과,학생부교과(누구나전형),,,,12.18(금),
목포해양대,교과,학생부교과(학생부성적우수자전형),,,,12.18(금),
목포해양대,교과,학생부교과(지역인재전형),,,,12.18(금),
배재대,교과,학생부교과(교과전형),,,,11.10(화),
배재대,교과,학생부교과(일반고교과전형),,,,11.10(화),
배재대,교과,학생부교과(항공인재전형),,,10.01(목)~10.02(금),11.10(화),수능전
배재대,종합,학생부종합(서류100전형),,,,11.10(화),
배재대,교과,학생부교과(지역인재Ⅰ전형),,,,11.10(화),
백석대,교과,학생부교과(계약학과전형)(정원외),,,10.17(토),11.27(금),수능전
백석대,교과,학생부교과(백석인재전형),,,10.15(목)~10.17(토),11.27(금),수능전
백석대,교과,학생부교과(일반전형),,,,11.27(금),
백석대,종합,학생부종합(창의인재전형),,,,11.27(금),
백석대,종합,학생부종합(창의인재전형-항공서비스),,,10.15(목)~10.20(화),11.27(금),수능전
백석대,교과,학생부교과(지역인재(일반)전형),,,,11.27(금),
백석대,교과,학생부교과(지역인재(일반)전형-항공서비스),,,10.15(목)~10.17(토),11.27(금),수능전
부경대,교과,학생부교과(교과성적우수인재전형),,,,12.18(금),
부경대,교과,학생부교과(일반전형),,,,12.18(금),
부경대,종합,학생부종합(학교생활우수인재전형),,,,12.18(금),
부경대,교과,학생부교과(지역혁신인재전형),,,,12.18(금),
부산가톨릭대,교과,학생부교과(교과우수전형Ⅰ),,,,11.25(수),
부산가톨릭대,교과,학생부교과(교과우수전형Ⅱ),,,,11.25(수),
부산가톨릭대,종합,학생부종합(가톨릭지도자추천전형),10.14(수),,10.24(토),11.25(수),수능전
부산가톨릭대,종합,학생부종합(고교학생부전형),,,,11.25(수),
부산가톨릭대,종합,학생부종합(자기추천전형),10.14(수),,10.14(수)~10.21(수),11.25(수),수능전
부산가톨릭대,종합,학생부종합(지역인재전형),,,,11.25(수),
부산교대,종합,학생부종합(초등교직적성자전형),11.20(금),,11.28(토),12.18(금),수능후
부산교대,종합,학생부종합(지역인재전형),11.20(금),,11.28(토),12.18(금),수능후
부산대,논술,논술(논술전형),,11.28(토),,12.18(금),수능후
부산대,교과,학생부교과(학생부교과전형),,,,12.18(금),
부산대,종합,학생부종합(학생부종합전형),12.01(화),,12.05(토),12.18(금),수능후
부산대,논술,논술(지역인재전형),,11.28(토),,12.18(금),수능후
부산대,교과,학생부교과(지역인재전형),,,,12.18(금),
부산대,종합,학생부종합(지역인재전형),12.01(화),,12.05(토),12.18(금),수능후
부산대(밀양),교과,학생부교과(학생부교과전형),,,,12.18(금),
부산대(밀양),종합,학생부종합(학생부종합전형),12.01(화),,12.05(토),12.18(금),수능후
부산대(밀양),교과,학생부교과(지역인재전형),,,,12.18(금),
부산대(밀양),종합,학생부종합(지역인재전형),12.01(화),,12.05(토),12.18(금),수능후
부산대(양산),논술,논술(논술전형),,11.28(토),,12.18(금),수능후
부산대(양산),교과,학생부교과(학생부교과전형),,,,12.18(금),
부산대(양산),종합,학생부종합(학생부종합전형),12.01(화),,12.05(토),12.18(금),수능후
부산대(양산),논술,논술(지역인재전형),,11.28(토),,12.18(금),수능후
부산대(양산),교과,학생부교과(지역인재전형),,,,12.18(금),
부산대(양산),종합,학생부종합(지역의사선발전형-광역권),12.01(화),,12.05(토),12.18(금),수능후
부산대(양산),종합,학생부종합(지역의사선발전형-진료권),12.01(화),,12.05(토),12.18(금),수능후
부산대(양산),종합,학생부종합(지역인재전형),12.01(화),,12.05(토),12.18(금),수능후
부산외대,교과,학생부교과(교과면접전형),,,10.24(토),12.04(금),수능전
부산외대,교과,학생부교과(일반고교과전형),,,,12.04(금),
부산외대,종합,학생부종합(학생부서류전형),,,,12.04(금),
삼육대,논술,논술(논술우수자전형),,11.23(월)~11.24(화),,12.15(화),수능후
삼육대,교과,학생부교과(학교장추천전형),,,,12.15(화),
삼육대,종합,학생부종합(S/W인재전형),10.15(목),,10.18(일),11.02(월),수능전
삼육대,종합,학생부종합(세움인재전형),10.22(목),,10.25(일),11.02(월),수능전
삼육대,종합,학생부종합(신학특별전형),10.08(목),,10.11(일),11.02(월),수능전
삼육대,종합,학생부종합(재림교회목회자추천전형),10.15(목),,10.18(일),12.15(화),수능전
상명대,논술,논술(논술전형),,10.30(금),,12.03(목),수능전
상명대,교과,학생부교과(고교추천전형),,,,12.03(목),
상명대,교과,학생부교과(고교추천전형)-국가안보학과,,,,12.03(목),
상명대,종합,학생부종합(상명인재전형),,,,12.03(목),
상명대(천안),교과,학생부교과(학생부교과전형),,,,12.17(목),
상명대(천안),종합,학생부종합(상명인재전형),,,,11.24(화),
상지대,교과,학생부교과(교과일반전형),,,,11.05(목),
상지대,종합,학생부종합(종합일반전형),,,,11.05(목),
상지대,교과,학생부교과(교과강원인재전형),,,,11.05(목),
상지대,종합,학생부종합(종합강원인재전형),,,,11.05(목),
서강대,논술,논술(일반),,11.21(토),,12.18(금),수능후
서강대,교과,학생부교과(지역균형),,,,12.18(금),
서강대,종합,학생부종합(서강가치),,,,12.18(금),
서강대,종합,학생부종합(일반Ⅰ),,,,12.18(금),
서강대,종합,학생부종합(일반Ⅱ),,,,12.18(금),
서경대,논술,논술(논술우수자),,11.01(일),,12.18(금),수능전
서경대,교과,학생부교과(교과균형),,,,12.18(금),
서경대,교과,학생부교과(교과우수자),,,,12.18(금),
서경대,교과,학생부교과(군사학과),,,10.03(토)~10.05(월),12.18(금),수능전
서울과학기술대,논술,논술(논술전형),,11.23(월),,12.18(금),수능후
서울과학기술대,교과,학생부교과(고교추천전형),,,,12.18(금),
서울과학기술대,종합,학생부종합(창의융합인재전형),11.20(금),,11.28(토),12.18(금),수능후
서울과학기술대,종합,학생부종합(학교생활우수자전형),11.20(금),,11.28(토),12.18(금),수능후
서울교대,교과,학생부교과(학교장추천전형),11.13(금),,11.21(토),12.18(금),수능후
서울교대,종합,학생부종합(교직인성우수자전형),11.13(금),,11.21(토),12.18(금),수능후
서울기독대,교과,학생부교과(SCU인재전형(교회추천자)),,,10.16(금),11.12(목),수능전
서울기독대,교과,학생부교과(SCU인재전형(학교장추천자)),,,,11.12(목),
서울기독대,교과,학생부교과(일반전형),,,,11.12(목),
서울대,종합,학생부종합(일반전형),11.20(금),,11.27(금),12.18(금),수능후
서울대,종합,학생부종합(지역균형전형),11.27(금),,12.04(금),12.18(금),수능후
서울시립대,논술,논술(논술전형),,10.03(토),,12.18(금),수능전
서울시립대,교과,학생부교과(고교추천전형),,,,12.18(금),
서울시립대,종합,학생부종합(학생부종합전형Ⅰ(면접형)),11.20(금),,11.28(토),12.18(금),수능후
서울시립대,종합,학생부종합(학생부종합전형Ⅱ(서류형)),,,,12.18(금),
서울신학대,교과,학생부교과(교과성적전형),,,,11.16(월),
서울신학대,교과,학생부교과(기독교전형),,,10.17(토),11.16(월),수능전
서울신학대,교과,학생부교과(일반전형),,,10.17(토),11.16(월),수능전
서울신학대,종합,학생부종합(H+인재전형),10.23(금),,10.31(토),11.16(월),수능전
서울여대,논술,논술(논술우수자전형),,11.21(토),,12.18(금),수능후
서울여대,교과,학생부교과(교과우수자전형),,,,12.18(금),
서울여대,종합,학생부종합(SW융합인재전형),11.25(수),,11.28(토),12.18(금),수능후
서울여대,종합,학생부종합(기독교지도자전형),11.25(수),,11.28(토),12.18(금),수능후
서울여대,종합,학생부종합(바롬인재면접전형),11.25(수),,11.28(토),12.18(금),수능후
서울여대,종합,학생부종합(바롬인재서류전형),,,,12.18(금),
서울장신대,교과,학생부교과(교역자추천자전형),,,10.10(토),10.28(수),수능전
서울장신대,교과,학생부교과(일반전형),,,10.10(토),10.28(수),수능전
서울한영대,교과,학생부교과(일반전형),,,,11.05(목),
서원대,교과,학생부교과(인문계고전형),,,,11.13(금),
서원대,교과,학생부교과(일반전형),,,,11.13(금),
서원대,교과,학생부교과(창의면접전형),,,09.16(수)~09.18(금),11.13(금),수능전
서원대,교과,학생부교과(지역인재전형),,,,12.18(금),
선문대,교과,학생부교과(면접전형(정원외)(계약학과/계약정원제)),10.21(수),,10.31(토),11.25(수),수능전
선문대,교과,학생부교과(면접전형),10.21(수),,10.31(토),11.25(수),수능전
선문대,교과,학생부교과(일반전형),,,,11.25(수),
선문대,종합,학생부종합(서류전형),,,,11.25(수),
선문대,교과,학생부교과(지역학생전형),,,,11.25(수),
성결대,교과,학생부교과(SKU창의),09.30(수),,10.17(토),11.06(금),수능전
성결대,교과,학생부교과(교과성적우수자),,,,11.06(금),
성결대,교과,학생부교과(목회자추천자),,,10.03(토),11.06(금),수능전
성결대,교과,학생부교과(미래인재),,,10.03(토),11.06(금),수능전
성결대,종합,학생부종합(영암인재),,,,11.06(금),
성공회대,교과,학생부교과(교과성적전형),,,,11.13(금),
성공회대,종합,학생부종합(대안학교출신자전형),,,10.31(토),11.13(금),수능전
성공회대,종합,학생부종합(열린인재전형),,,10.31(토),11.13(금),수능전
성균관대,논술,논술(수리형),,11.22(일),,12.18(금),수능후
성균관대,논술,논술(언어형),,11.21(토),,12.18(금),수능후
성균관대,교과,학생부교과(추천인재),,,,12.18(금),
성균관대,종합,학생부종합(과학인재),10.27(화),,11.01(일),12.18(금),수능전
성균관대,종합,학생부종합(성균인재),10.20(화),,10.25(일),12.18(금),수능전
성균관대,종합,학생부종합(융합인재),,,,12.18(금),
성균관대,종합,학생부종합(탐구인재),,,,12.18(금),
성균관대,종합,학생부종합(성균인재-지역인재),12.01(화),,12.06(일),12.18(금),수능후
성신여대,논술,논술(논술우수자전형),,10.03(토),,12.18(금),수능전
성신여대,교과,학생부교과(지역균형전형),,,,12.18(금),
성신여대,종합,학생부종합(자기주도인재전형),11.13(금),,11.21(토)~11.29(일),12.18(금),수능후
세명대,교과,학생부교과(면접우수자전형),,,10.23(금)~10.25(일),11.13(금),수능전
세명대,교과,학생부교과(인문계고교전형),,,,11.13(금),
세명대,교과,학생부교과(일반전형),,,,11.13(금),
세명대,종합,학생부종합(SMU의료인재전형),,,,11.13(금),
세명대,교과,학생부교과(지역인재(일반)전형),,,,11.13(금),
세종대,논술,논술(논술우수자전형),,11.28(토),,12.18(금),수능후
세종대,교과,학생부교과(지역균형전형),,,,12.18(금),
세종대,교과,학생부교과(항공시스템공학특별전형)(정원외),10.8(목),,10.29(목)~10.30(금),12.18(금),수능전
세종대,종합,학생부종합(국방AI로봇융합공학특별전형)(정원외),10.23(금),,11.21(토),12.18(금),수능후
세종대,종합,학생부종합(국방AI융합시스템공학특별전형)(정원외),10.23(금),,11.21(토),12.18(금),수능후
세종대,종합,학생부종합(사이버국방특별전형)(정원외),10.23(금),,11.4(수),12.18(금),수능전
세종대,종합,학생부종합(세종인재전형(면접형)),11.13(금),,11.21(토),12.18(금),수능후
세종대,종합,학생부종합(세종인재전형(서류형)),,,,12.18(금),
세한대,교과,학생부교과(일반학생전형),,,,11.04(수),
세한대(당진),교과,학생부교과(일반학생전형),,,,11.04(수),
송원대,교과,학생부교과(면접우수자면접전형),,,10.23(금),11.13(금),수능전
송원대,교과,학생부교과(학생부우수자일반전형),,,,11.13(금),
수원대,교과,논술(교과논술전형),,11.21(토),,12.18(금),수능후
수원대,교과,학생부교과(고교추천전형),,,11.27(금)~11.29(일),12.18(금),수능후
수원대,교과,학생부교과(교과우수전형),,,,12.18(금),
수원대,교과,학생부교과(면접위주교과전형),09.22(화),,10.09(금)~10.10(토),11.06(금),수능전
숙명여대,논술,논술(논술우수자전형),,11.21(토)~11.22(일),,12.18(금),수능후
숙명여대,교과,학생부교과(지역균형선발전형),,,,12.18(금),
숙명여대,종합,학생부종합(소프트웨어인재전형),11.19(목),,11.28(토),12.18(금),수능후
숙명여대,종합,학생부종합(숙명인재(면접형)전형),11.19(목),,11.28(토)~11.29(일),12.18(금),수능후
순천대,교과,학생부교과(교과일반전형),,,,12.18(금),
순천대,종합,학생부종합(종합면접전형),10.30(금),,11.25(수),12.18(금),수능후
순천대,종합,학생부종합(종합서류전형),,,,12.18(금),
순천대,교과,학생부교과(지역인재전형),,,,12.18(금),
순천향대,교과,학생부교과(교과우수자전형),,,,12.18(금),
순천향대,종합,학생부종합(SW융합전형),,,,12.18(금),
순천향대,종합,학생부종합(일반학생전형),,,,12.18(금),
순천향대,종합,학생부종합(조기취업형계약학과전형)(정원외),10.21(수),,10.31(토),12.18(금),수능전
순천향대,교과,학생부교과(지역의사선발전형-공주권),10.21(수),,10.31(토),12.18(금),수능전
순천향대,교과,학생부교과(지역의사선발전형-광역권),10.21(수),,10.31(토),12.18(금),수능전
순천향대,교과,학생부교과(지역의사선발전형-논산권),10.21(수),,10.31(토),12.18(금),수능전
순천향대,교과,학생부교과(지역의사선발전형-서산권),10.21(수),,10.31(토),12.18(금),수능전
순천향대,교과,학생부교과(지역의사선발전형-천안권),10.21(수),,10.31(토),12.18(금),수능전
순천향대,교과,학생부교과(지역의사선발전형-홍성권),10.21(수),,10.31(토),12.18(금),수능전
순천향대,교과,학생부교과(충남형지역인재전형),,,,12.18(금),
순천향대,교과,학생부교과(충청형지역인재전형),,,,12.18(금),
순천향대,종합,학생부종합(충남형지역인재전형),,,,12.18(금),
순천향대,종합,학생부종합(충청형지역인재전형),,,,12.18(금),
숭실대,논술,논술(논술우수자),,11.21(토),,12.12(금),수능후
숭실대,교과,학생부교과(교과우수자전형-학교장 추천),,,,12.12(금),
숭실대,종합,학생부종합(SSU미래인재전형(면접형)),11.23(월),,11.27(금),12.18(금),수능후
숭실대,종합,학생부종합(SSU미래인재전형(서류형)),,,,12.18(금),
숭실대,종합,학생부종합(SW우수자),11.23(월),,11.28(토),12.18(금),수능후
신경주대,교과,학생부교과(면접전형),,,10.16(금),10.28(수),수능전
신경주대,교과,학생부교과(일반전형),,,,10.28(수),
신경주대,교과,학생부교과(지역인재전형),,,10.16(금),10.28(수),수능전
신라대,교과,학생부교과(면접우수자전형),,,10.17(토),11.13(금),수능전
신라대,교과,학생부교과(미래인재전형),,,,11.13(금),
신라대,교과,학생부교과(일반고교과전형),,,,11.13(금),
신라대,종합,학생부종합(학생부종합Ⅰ전형),,,,11.13(금),
신라대,종합,학생부종합(학생부종합Ⅱ전형),,,,11.13(금),
신라대,교과,학생부교과(지역인재전형),,,10.17(토),11.13(금),수능전
신한대,논술,논술(논술전형),,11.29(일),,12.16(수)~12.18(금),수능후
신한대,교과,학생부교과(일반전형),,,"10.03(토)~10.04(일), 10.10(토)~10.11(일)",11.16(월)~11.17(화),수능전
신한대,교과,학생부교과(학생부우수자전형),,,,11.16(월)~11.17(화),
신한대,종합,학생부종합(신한국인전형),,,,12.16(수)~12.18(금),
신한대(동두천),논술,논술(논술전형),,11.29(일),,12.16(수)~12.18(금),수능후
신한대(동두천),교과,학생부교과(일반전형),,,"10.03(토)~10.04(일), 10.10(토)~10.11(일)",11.16(월)~11.17(화),수능전
신한대(동두천),교과,학생부교과(학생부우수자전형),,,,11.16(월)~11.17(화),
신한대(동두천),종합,학생부종합(신한국인전형),,,,12.16(수)~12.18(금),
아신대,교과,학생부교과(기독학생),,,10.16(금),10.30(금),수능전
아신대,교과,학생부교과(일반전형),,,10.16(금),10.30(금),수능전
아주대,논술,논술(논술우수자전형),,12.05(토),,12.18(금),수능후
아주대,교과,학생부교과(고교추천전형),,,,12.18(금),
아주대,종합,학생부종합(ACE전형),11.17(화),,11.22(일),12.18(금),수능후
아주대,종합,학생부종합(국방IT우수인재1전형)(정원외),11.17(화),,11.21(토),12.18(금),수능후
아주대,종합,학생부종합(첨단융합인재전형),11.17(화),,11.21(토),12.18(금),수능후
아주대,종합,학생부종합(지역의사선발전형),12.12(토),,12.14(월),12.18(금),수능후
안양대,교과,학생부교과(아리학생부교과전형),,,,11.13(금),
안양대,교과,학생부교과(아리학생부면접전형),10.02(금),,10.10(토)~10.11(일),11.13(금),수능전
안양대,종합,학생부종합(아리학생부종합전형),,,,11.13(금),
안양대(강화),교과,학생부교과(아리학생부교과전형),,,,11.13(금),
안양대(강화),교과,학생부교과(아리학생부면접전형),10.02(금),,10.10(토)~10.11(일),11.13(금),수능전
연세대,논술,논술(논술전형),,10.10(토),,12.18(금),수능전
연세대,교과,학생부교과(추천형),,,,12.18(금),
연세대,종합,학생부종합(국제인재),10.26(월),,11.01(일),12.18(금),수능전
연세대,종합,학생부종합(국제형-국내고),11.23(월),,11.29(일),12.18(금),수능후
연세대,종합,학생부종합(국제형-해외고/검정고시),11.23(월),,11.29(일),12.18(금),수능후
연세대,종합,학생부종합(활동우수형),11.16(월),,11.21(토),12.18(금),수능후
연세대(미래),논술,논술(논술우수자),,10.16(금),,12.18(금),수능전
연세대(미래),교과,학생부교과(교과우수자(일반형)),,,,12.18(금),
연세대(미래),교과,학생부교과(교과우수자(추천형)),,,,12.18(금),
연세대(미래),종합,학생부종합(글로벌인재),10.27(화),,10.31(토),12.18(금),수능전
연세대(미래),종합,학생부종합(학교생활우수자(면접형)),10.27(화),,10.31(토),12.18(금),수능전
연세대(미래),종합,학생부종합(학교생활우수자(서류형)),,,,12.18(금),
연세대(미래),종합,학생부종합(강원인재(일반)),,,,12.18(금),
연세대(미래),종합,학생부종합(강원인재(지역의사)),,,11.28(토),12.18(금),수능후
연세대(미래),종합,학생부종합(강원인재(한마음)),,,,12.18(금),
영남대,교과,학생부교과(군사학특별전형),09.28(월),,10.15(목)~10.16(금),12.18(금),수능전
영남대,교과,학생부교과(일반학생전형),,,,12.18(금),
영남대,교과,학생부교과(창의인재전형),10.07(수),,10.17(토),12.18(금),수능전
영남대,종합,학생부종합(잠재능력우수자전형),,,,12.18(금),
영남대,교과,학생부교과(지역의사선발전형(광역권)),,,,12.18(금),
영남대,교과,학생부교과(지역인재전형),,,,12.18(금),
영남대,종합,학생부종합(지역의사선발전형(진료권)),11.13(금),,11.28(토),12.18(금),수능후
영남대,종합,학생부종합(지역인재전형),,,,12.18(금),
영산대,교과,학생부교과(교과전형),,,,11.11(수),
영산대,교과,학생부교과(면접전형),,,10.02(금)~10.24(토),11.11(수),수능전
영산대,교과,학생부교과(일반계고전형),,,,11.11(수),
영산대(양산),교과,학생부교과(교과전형),,,,11.11(수),
영산대(양산),교과,학생부교과(면접전형),,,10.02(금)~10.24(토),11.11(수),수능전
영산대(양산),교과,학생부교과(일반계고전형),,,,11.11(수),
예수대,교과,학생부교과(일반전형),,,,12.18(금),
예수대,교과,학생부교과(지역인재전형),,,,12.18(금),
용인대,교과,학생부교과(교과성적우수자특별전형),,,,12.16(수),
용인대,교과,학생부교과(일반학생전형),,,,10.16(금),
용인대,교과,학생부교과(자율전공특별전형),,,,10.16(금),
우석대,교과,학생부교과(교과),,,,11.20(금),
우석대,교과,학생부교과(교과면접),10.23(금),,10.30(금),11.20(금),수능전
우석대,교과,학생부교과(지역인재1-전북권),,,,12.15(화),
우석대,교과,학생부교과(지역인재2-호남권),,,,12.15(화),
우석대(진천),교과,학생부교과(교과),,,,11.20(금),
우석대(진천),교과,학생부교과(교과면접),10.23(금),,10.30(금),11.20(금),수능전
우송대,교과,학생부교과(교과면접전형),,,10.15(목)~10.17(토),11.13(금),수능전
우송대,교과,학생부교과(교과중심전형),,,,11.13(금),
우송대,교과,학생부교과(자기추천전형),,,,11.13(금),
우송대,종합,학생부종합(종합면접형전형),10.15(목),,10.19(월)~10.26(월),11.13(금),수능전
우송대,종합,학생부종합(종합서류형전형),,,,11.13(금),
우송대,교과,학생부교과(지역인재전형),,,,11.13(금),
울산대,교과,학생부교과(일반교과전형),,,,11.20(금),
울산대,교과,학생부교과(학교장추천특별전형),,,,11.20(금),
울산대,종합,학생부종합(잠재역량특별전형),,,,11.20(금),
울산대,교과,학생부교과(지역교과특별전형),,,,11.20(금),
울산대,교과,학생부교과(지역교과특별전형-의예과),11.17(화),,11.21(토),12.18(금),수능후
울산대,교과,학생부교과(지역의사제전형),11.17(화),,11.21(토),12.18(금),수능후
울산대,종합,학생부종합(지역인재특별전형),,,,11.20(금),
원광대,교과,학생부교과(일반),,,,10.23(금),
원광대,종합,학생부종합,,,,12.18(금),
원광대,교과,학생부교과(지역의사선발(진료)),11.20(금),,12.01(화)~12.02(수),12.18(금),수능후
원광대,교과,학생부교과(지역인재교과-전북),,,,11.20(금),
원광대,교과,학생부교과(지역인재교과-호남),,,,10.23(금),
원광대,종합,학생부종합(지역의사선발(광역)),11.20(금),,12.01(화)~12.02(수),12.18(금),수능후
원광대,종합,학생부종합(지역인재종합(전북)),,,,12.18(금),
원광대,종합,학생부종합(지역인재종합(호남)),,,,12.18(금),
위덕대,교과,학생부교과(면접전형),,,10.16(금)~10.17(토),12.18(금),수능전
위덕대,교과,학생부교과(일반전형),,,,12.18(금),
위덕대,교과,학생부교과(지역인재특별전형),,,10.16(금)~10.17(토),12.18(금),수능전
유원대,교과,학생부교과(유원교과전형),,,,12.18(금),
유원대,교과,학생부교과(유원면접전형),,,10.27(화)~10.30(금),12.18(금),수능전
유원대,종합,학생부종합(학생부종합전형),,,10.27(화)~10.30(금),12.18(금),수능전
유원대,교과,학생부교과(지역인재Ⅰ전형),,,10.27(화)~10.30(금),12.18(금),수능전
을지대(대전),교과,학생부교과(지역균형전형)(학교장추천),,,,12.18(금),
을지대(대전),교과,학생부교과(지역의료인재일반형),,,,12.18(금),
을지대(대전),교과,학생부교과(지역의사선발전형)-광역권,,,,12.18(금),
을지대(대전),교과,학생부교과(지역의사선발전형)-진료권,,,,12.18(금),
을지대(대전),종합,학생부종합(지역의료인재특별형),,,,12.18(금),
을지대(성남),논술,논술(논술우수자전형),,10.16(금)~10.17(토),,11.18(수),수능전
을지대(성남),교과,학생부교과(지역균형전형)(학교장추천),,,,12.18(금),
을지대(성남),종합,학생부종합(EU면접형),11.18(수),,11.21(토),12.18(금),수능후
을지대(성남),종합,학생부종합(EU서류형),,,,12.18(금),
을지대(의정부),논술,논술(논술우수자전형),,10.16(금)~10.17(토),,11.18(수),수능전
을지대(의정부),교과,학생부교과(지역균형전형)(학교장추천),,,,12.18(금),
을지대(의정부),종합,학생부종합(EU면접형),11.18(수),,11.21(토),12.18(금),수능후
을지대(의정부),종합,학생부종합(EU서류형),,,,12.18(금),
이화여대,논술,논술(논술전형),,11.28(토)~11.29(일),,12.17(목),수능후
이화여대,교과,학생부교과(고교추천전형),,,,12.17(목),
이화여대,종합,학생부종합(미래인재전형-면접형),11.12(목),,11.21(토)~11.22(일),12.3(목),수능후
이화여대,종합,학생부종합(미래인재전형-서류형),,,,12.17(목),
이화여대,종합,학생부종합(예체능서류전형),11.12(목),,11.21(토),12.17(목),수능후
인제대,교과,학생부교과(면접전형),,,10.31(토),12.18(금),수능전
인제대,교과,학생부교과(의예·약학전형),11.04(수),,11.21(토),12.18(금),수능후
인제대,교과,학생부교과(학생부교과전형),,,,11.20(금),
인제대,교과,학생부교과(지역의사전형)-광역권,11.04(수),,12.05(토),12.18(금),수능후
인제대,교과,학생부교과(지역의사전형)-진료권,11.04(수),,12.05(토),12.18(금),수능후
인제대,교과,학생부교과(지역인재Ⅰ전형),10.23(금),,10.31(토),12.18(금),수능전
인제대,교과,학생부교과(지역인재Ⅱ전형),,,,11.20(금),
인천가톨릭대,교과,학생부교과(ICCU미래인재전형),10.02(금),,10.24(토),11.11(수),수능전
인천가톨릭대,교과,학생부교과(학교생활우수자전형),10.02(금),,10.24(토),11.11(수),수능전
인천대,교과,학생부교과(교과성적우수자전형),,,,12.18(금),
인천대,교과,학생부교과(지역균형전형),,,,12.18(금),
인천대,종합,학생부종합(자기추천전형),11.06(금),,11.21(토),12.18(금),수능후
인하대,논술,논술(논술우수자),,12.05(토)~12.06(일),,12.18(금),수능후
인하대,교과,학생부교과(지역균형),,,,12.18(금),
인하대,종합,학생부종합(인하미래인재(면접형)),11.17(화),,11.21(토)~11.22(일),12.18(금),수능후
인하대,종합,학생부종합(인하미래인재(서류형)),,,,12.18(금),
인하대,종합,학생부종합(지역의사선발)-진료권,11.17(화),,11.21(토),12.18(금),수능후
장로회신학대,교과,학생부교과(학생부우수자),,,10.23(금),11.10(화),수능전
장로회신학대,종합,학생부종합(대안학교출신자),,,10.30(금),11.10(화),수능전
장로회신학대,종합,학생부종합(드림(PUTS인재)),,,10.30(금),11.10(화),수능전
전남대,교과,학생부교과(일반전형),,,,12.18(금),
전남대,교과,학생부교과(지역균형전형),,,,12.18(금),
전남대,종합,학생부종합(고교생활우수자Ⅰ전형),11.13(금),,12.02(수),12.18(금),수능후
전남대,종합,학생부종합(후계농업경영인전형),11.13(금),,12.02(수),12.18(금),수능후
전남대,교과,학생부교과(지역인재전형),,,,12.18(금),
전남대,종합,학생부종합(지역의사_진료권전형),11.13(금),,12.02(수),12.18(금),수능후
전남대(여수),교과,학생부교과(일반전형),,,,12.18(금),
전남대(여수),종합,학생부종합(고교생활우수자Ⅱ전형),,,,12.18(금),
전남대(여수),교과,학생부교과(지역인재전형),,,,12.18(금),
전북대,교과,학생부교과(일반학생),,,,12.18(금),
전북대,종합,학생부종합(큰사람),11.20(금),,11.26(목)~11.28(토),12.18(금),수능후
전북대,교과,학생부교과(지역의사선발-광역권),,,,12.18(금),
전북대,교과,학생부교과(지역의사선발-군산권),,,,12.18(금),
전북대,교과,학생부교과(지역의사선발-남원권),,,,12.18(금),
전북대,교과,학생부교과(지역의사선발-익산권),,,,12.18(금),
전북대,교과,학생부교과(지역의사선발-전주권),,,,12.18(금),
전북대,교과,학생부교과(지역의사선발-정읍권),,,,12.18(금),
전북대,교과,학생부교과(지역인재1유형-호남권),,,,12.18(금),
전북대,교과,학생부교과(지역인재2유형-전북권),,,,12.18(금),
전북대,종합,학생부종합(지역인재1유형-호남권),11.20(금),,11.26(목)~11.28(토),12.18(금),수능후
전북대,종합,학생부종합(지역인재2유형-전북권),11.20(금),,11.26(목)~11.28(토),12.18(금),수능후
전북대(익산),교과,학생부교과(일반학생),,,,12.18(금),
전북대(익산),종합,학생부종합(큰사람),11.20(금),,11.26(목)~11.28(토),12.18(금),수능후
전북대(익산),교과,학생부교과(지역인재1유형-호남권),,,,12.18(금),
전북대(익산),교과,학생부교과(지역인재2유형-전북권),,,,12.18(금),
전북대(익산),종합,학생부종합(지역인재1유형-호남권),11.20(금),,11.26(목)~11.28(토),12.18(금),수능후
전북대(익산),종합,학생부종합(지역인재2유형-전북권),11.20(금),,11.26(목)~11.28(토),12.18(금),수능후
전주교대,종합,학생부종합(교직적성우수자전형),11.13(금),,11.27(금),12.18(금),수능후
전주교대,종합,학생부종합(지역인재선발전형),11.13(금),,11.27(금),12.18(금),수능후
전주대,교과,학생부교과(달란트전형),,,,12.17(목),
전주대,교과,학생부교과(일반학생전형),,,,12.17(목),
전주대,종합,학생부종합(일반학생전형),,,,12.17(목),
전주대,교과,학생부교과(지역인재1전형),,,,12.17(목),
제주국제대,교과,학생부교과(다자녀가정전형),,,,11.06(금),
제주국제대,교과,학생부교과(대학독자전형),,,,11.06(금),
제주국제대,교과,학생부교과(일반학생전형),,,,11.06(금),
제주대,교과,학생부교과(일반학생),,,,12.18(금),
제주대,종합,학생부종합(일반학생),,,,12.18(금),
제주대,교과,학생부교과(지역의사(광역권 제주)),,,,12.18(금),
제주대,교과,학생부교과(지역의사(진료권 서귀포시)),,,,12.18(금),
제주대,교과,학생부교과(지역의사(진료권 제주시)),,,,12.18(금),
제주대,교과,학생부교과(지역인재),,,,12.18(금),
제주대,종합,학생부종합(지역의사(광역권 제주)),11.13(금),,12.04(금),12.18(금),수능후
제주대,종합,학생부종합(지역인재),,,,12.18(금),
제주대(사라),교과,학생부교과(일반학생),,,,12.18(금),
제주대(사라),종합,학생부종합(일반학생),11.13(금),,12.04(금),12.18(금),수능후
제주대(사라),교과,학생부교과(지역인재),,,,12.18(금),
제주대(사라),종합,학생부종합(지역인재),11.13(금),,12.04(금),12.18(금),수능후
조선대,교과,학생부교과(군사학과전형),09.28(월),,10.15(목)~10.16(금),12.18(금),수능전
조선대,교과,학생부교과(일반전형),,,,12.18(금),
조선대,종합,학생부종합(면접전형),11.17(화),,11.28(토)~11.29(일),12.18(금),수능후
조선대,종합,학생부종합(서류전형),,,,12.18(금),
조선대,교과,학생부교과(지역의사선발전형),,,,12.18(금),
조선대,교과,학생부교과(지역의사선발전형)-광역권,,,,12.18(금),
조선대,교과,학생부교과(지역인재전형),,,,12.18(금),
중부대,교과,학생부교과(학교생활우수자전형(항공운항서비스)),,,09.30(수),11.10(화),수능전
중부대,교과,학생부교과(학교생활우수자전형),,,09.30(수),11.10(화),수능전
중부대,교과,학생부교과(학생부우수자전형),,,,11.10(화),
중부대,교과,학생부교과(지역인재Ⅰ전형),,,,11.10(화),
중부대(고양),교과,학생부교과(학교생활우수자전형(항공서비스)),,,10.13(화)~10.16(금),11.10(화),수능전
중부대(고양),교과,학생부교과(학교생활우수자전형),,,10.16(금),11.10(화),수능전
중부대(고양),교과,학생부교과(학생부우수자전형),,,,11.10(화),
중부대(고양),교과,학생부교과(지역인재Ⅰ전형),,,,11.10(화),
중앙대,논술,논술(논술일반형),,11.28(토)~11.29(일),,12.18(금),수능후
중앙대,논술,논술(논술창의형),,10.11(일),,12.18(금),수능전
중앙대,교과,학생부교과(지역균형),,,,12.18(금),
중앙대,종합,학생부종합(성장형인재),11.26(목),,12.05(토)~12.06(일),12.18(금),수능후
중앙대,종합,학생부종합(융합형인재),,,,12.18(금),
중앙대,종합,학생부종합(탐구형인재),11.26(목),,12.05(토)~12.06(일),12.18(금),수능후
중앙대(다빈치),논술,논술(논술일반형),,11.28(토)~11.29(일),,12.18(금),수능후
중앙대(다빈치),교과,학생부교과(지역균형),,,,12.18(금),
중앙대(다빈치),종합,학생부종합(융합형인재),,,,12.18(금),
중앙대(다빈치),종합,학생부종합(탐구형인재),11.26(목),,12.05(토)~12.06(일),12.18(금),수능후
중원대,교과,학생부교과(일반1),,,,12.18(금),
중원대,교과,학생부교과(일반2),,,10.01(목)~10.02(금),12.18(금),수능전
중원대,종합,학생부종합(학생부종합),,,,12.18(금),
중원대,교과,학생부교과(지역인재1),,,,12.18(금),
진주교대,종합,학생부종합(21세기형 교직 적성자),11.13(금),,11.28(토),12.18(금),수능후
진주교대,종합,학생부종합(지역인재),11.13(금),,11.28(토),12.18(금),수능후
차의과학대,교과,학생부교과(CHA학생부교과전형),10.27(화),,10.30(금)~11.01(일),12.18(금),수능전
차의과학대,교과,학생부교과(지역균형선발전형),,,,10.27(화),
차의과학대,종합,학생부종합(CHA학생부종합전형),11.03(화),,11.06(금)~11.08(일),12.18(금),수능전
창신대,교과,학생부교과(일반계고교전형),,,,11.20(금),
창신대,교과,학생부교과(창신인재면접전형),,,10.23(금),11.20(금),수능전
창신대,교과,학생부교과(지역인재전형),,,,11.20(금),
창원대,교과,학생부교과(글로컬인재전형),,,,12.18(금),
창원대,교과,학생부교과(학업성적우수자전형),,,,12.18(금),
창원대,종합,학생부종합(계열적합인재전형),11.13(금),,11.24(화),12.18(금),수능후
창원대,교과,학생부교과(지역인재전형),,,,12.18(금),
창원대,종합,학생부종합(지역인재전형),,,,12.18(금),
청운대,교과,학생부교과(일반전형),,,,11.05(목),
청운대,교과,학생부교과(청운인재전형),,,10.19(월)~10.23(금),11.05(목),수능전
청운대,교과,학생부교과(지역인재전형),,,,11.05(목),
청운대(인천),교과,학생부교과(일반전형),,,,11.05(목),
청운대(인천),교과,학생부교과(청운인재전형),,,10.19(월)~10.23(금),11.05(목),수능전
청주교대,종합,학생부종합(배움나눔인재전형),,,,12.18(금),
청주교대,종합,학생부종합(지역인재전형),11.13(금),,11.27(금),12.18(금),수능후
청주대,교과,학생부교과(교과면접전형),,,10.17(토)~10.18(일),11.17(화),수능전
청주대,교과,학생부교과(교과면접전형-항공서비스학과),,,10.25(일),11.17(화),수능전
청주대,교과,학생부교과(교과인재전형),,,,11.17(화),
청주대,교과,학생부교과(군사학과전형),09.29(화),,10.14(수)~10.15(목),12.15(화),수능전
청주대,교과,학생부교과(미래인재전형),,,,11.17(화),
청주대,교과,학생부교과(일반전형),,,,11.17(화),
청주대,교과,학생부교과(지역인재전형),,,,11.17(화),
초당대,교과,학생부교과(일반고전형),,,,12.18(금),
초당대,교과,학생부교과(일반학생전형),,,,12.18(금),
초당대,교과,학생부교과(지역인재전형),,,,12.18(금),
총신대,교과,학생부교과(교과우수자),,,10.17(토),12.18(금),수능전
총신대,종합,학생부종합(대안학교출신자),11.04(수),,11.14(토),12.18(금),수능전
총신대,종합,학생부종합(목회자추천자),,,11.07(토),12.18(금),수능전
총신대,종합,학생부종합(코람데오인재),11.04(수),,11.14(토),12.18(금),수능전
추계예술대,교과,학생부교과(미래인재전형),09.23(수),,10.17(토),11.13(금),수능전
춘천교대,종합,학생부종합(교직적·인성인재),,,,12.18(금),
춘천교대,종합,학생부종합(강원교육인재),,,,12.18(금),
충남대,교과,학생부교과(국가안보교과전형),11.20(금),,12.04(금),12.18(금),수능후
충남대,교과,학생부교과(일반전형),,,,12.18(금),
충남대,종합,학생부종합(학생부종합Ⅰ-면접전형),11.20(금),,12.01(화),12.18(금),수능후
충남대,종합,학생부종합(학생부종합Ⅰ-서류전형),,,,12.18(금),
충남대,종합,학생부종합(학생부종합Ⅱ-국가안보융합인재전형-국토안보학),11.20(금),,12.04(금),12.18(금),수능후
충남대,종합,학생부종합(학생부종합Ⅱ-국가안보융합인재전형-해양안보학),11.20(금),,12.04(금),12.18(금),수능후
충남대,종합,학생부종합(학생부종합Ⅱ-소프트웨어인재전형),11.20(금),,12.03(목),12.18(금),수능후
충남대,종합,학생부종합(학생부종합Ⅱ-영농창업인재전형),11.20(금),,12.04(금),12.18(금),수능후
충남대,종합,학생부종합(학생부종합Ⅱ-지역의사선발),,,,12.18(금),
충남대,교과,학생부교과(지역인재전형),,,,12.18(금),
충남대,종합,학생부종합(학생부종합Ⅱ-지역인재전형-의예과),11.20(금),,12.02(수),12.18(금),수능후
충북대,교과,학생부교과(학생부교과전형),,,,12.18(금),
충북대,종합,학생부종합(sw우수인재전형),,,,12.18(금),
충북대,종합,학생부종합(학생부종합Ⅰ전형),,,,12.18(금),
충북대,종합,학생부종합(학생부종합Ⅱ전형),,,,12.18(금),
충북대,교과,학생부교과(지역의사광역권전형),,,,12.18(금),
충북대,교과,학생부교과(지역의사진료권(제천)전형),,,,12.18(금),
충북대,교과,학생부교과(지역의사진료권(청주)전형),,,,12.18(금),
충북대,교과,학생부교과(지역의사진료권(충주)전형),,,,12.18(금),
충북대,교과,학생부교과(지역인재전형),,,,12.18(금),
칼빈대,교과,학생부교과(일반학생전형),,,10.16(금),10.30(금),수능전
칼빈대,교과,학생부교과(크리스찬인재특별전형),,,10.16(금),10.30(금),수능전
평택대,교과,학생부교과(PTU교과전형),,,,11.20(금),
평택대,교과,학생부교과(PTU자율전공전형),,,,11.20(금),
평택대,교과,학생부교과(PTU추천전형),,,,11.20(금),
평택대,종합,학생부종합(PTU종합전형),,,,11.20(금),
한경국립대,교과,학생부교과(일반전형-안성),,,,12.17(목),
한경국립대,교과,학생부교과(지역균형선발-안성),,,,11.18(수),
한경국립대,종합,학생부종합(잠재력우수자-안성),,,,12.17(목),
한경국립대(평택),교과,학생부교과(일반전형-평택),,,,11.18(수),
한국공대,논술,논술(논술우수자),,11.22(일),,12.18(금),수능후
한국공대,교과,학생부교과(교과우수자),,,,12.18(금),
한국공대,교과,학생부교과(지역균형),,,,12.18(금),
한국공대,종합,학생부종합(융합인재),,,,12.18(금),
한국공대,종합,학생부종합(조기취업형계약학과)(정원외),11.06(금),,11.25(수),12.18(금),수능후
한국공대,종합,학생부종합(창의인재),11.06(금),,11.28(토),12.18(금),수능후
한국교원대,종합,학생부종합(학생부종합우수자 일반전형),11.20(금),,12.05(토),12.17(목),수능후
한국교원대,교과,학생부교과(지역인재 특별전형),,,,12.17(목),
한국교통대,교과,학생부교과(일반전형),,,,12.18(금),
한국교통대,종합,학생부종합(학생부종합Ⅰ전형),11.16(월),,11.25(수)~11.27(금),12.18(금),수능후
한국교통대,종합,학생부종합(학생부종합Ⅱ전형),,,,12.18(금),
한국교통대,교과,학생부교과(지역인재전형),,,,12.18(금),
한국교통대(의왕),교과,학생부교과(일반전형),,,,12.18(금),
한국교통대(의왕),종합,학생부종합(학생부종합Ⅱ전형),,,,12.18(금),
한국교통대(증평),교과,학생부교과(일반전형),,,,12.18(금),
한국교통대(증평),종합,학생부종합(학생부종합Ⅱ전형),,,,12.18(금),
한국교통대(증평),교과,학생부교과(지역인재전형),,,,12.18(금),
한국기술교대,논술,논술(논술전형),,11.25(수),,12.18(금),수능후
한국기술교대,교과,학생부교과(일반전형),,,,12.18(금),
한국기술교대,종합,학생부종합(창의인재(면접형)),10.23(금),,10.31(토),11.13(금),수능전
한국기술교대,종합,학생부종합(창의인재(서류형)),,,,11.13(금),
한국기술교대,종합,학생부종합(충남형계약학과(조기취업형))(정원외),10.23(금),,11.01(일),11.13(금),수능전
한국기술교대,교과,학생부교과(지역인재전형),,,,12.18(금),
한국성서대,교과,학생부교과(교과성적우수자전형),,,10.07(수)~10.08(목),11.06(금),수능전
한국성서대,교과,학생부교과(목회자추천전형),,,10.07(수)~10.08(목),11.06(금),수능전
한국성서대,교과,학생부교과(일반학생전형),,,10.07(수)~10.08(목),11.06(금),수능전
한국외대,논술,논술(논술전형),,11.28(토)~11.29(일),,12.18(금),수능후
한국외대,교과,학생부교과(학교장추천전형),,,,12.18(금),
한국외대,종합,학생부종합(면접형),11.16(월),,11.21(토),12.18(금),수능후
한국외대,종합,학생부종합(서류형),,,,12.18(금),
한국외대(글로벌),논술,논술(논술전형),,11.28(토)~11.29(일),,12.18(금),수능후
한국외대(글로벌),교과,학생부교과(학교장추천전형),,,,12.18(금),
한국외대(글로벌),종합,학생부종합(SW인재),,,,12.18(금),
한국외대(글로벌),종합,학생부종합(면접형),11.16(월),,11.22(일),12.18(금),수능후
한국외대(글로벌),종합,학생부종합(서류형),,,,12.18(금),
한국외대(송도),종합,학생부종합(서류형),,,,12.18(금),
한국체육대,교과,학생부교과(교과성적우수자전형),,,,12.18(금),
한국항공대,논술,논술(논술우수자),,11.21(토),,12.18(금),수능후
한국항공대,교과,학생부교과(교과성적우수자),,,,12.18(금),
한국항공대,교과,학생부교과(학교장추천),,,,12.18(금),
한국항공대,종합,학생부종합(미래인재),10.30(금),,11.07(토),12.18(금),수능전
한국해양대,교과,학생부교과(교과성적우수자전형-남),,,,12.18(금),
한국해양대,교과,학생부교과(교과성적우수자전형-여),,,,12.18(금),
한국해양대,교과,학생부교과(일반전형),,,,12.18(금),
한국해양대,종합,학생부종합(아치해양인재전형Ⅰ(일반)),,,,12.18(금),
한국해양대,교과,학생부교과(지역인재전형),10.28(수),,11.26(목),12.18(금),수능후
한남대,교과,학생부교과(어학인재전형),,,10.14(수),11.13(금),수능전
한남대,교과,학생부교과(일반전형),,,,11.13(금),
한남대,종합,학생부종합(창업인재전형),11.13(금),,11.28(토),12.18(금),수능후
한남대,종합,학생부종합(한남인재Ⅰ전형),,,,11.13(금),
한남대,종합,학생부종합(한남인재Ⅱ전형),11.13(금),,11.28(토),12.18(금),수능후
한남대,교과,학생부교과(지역인재교과우수자전형),,,,11.13(금),
한동대,교과,학생부교과(일반),,,,12.17(목),
한동대,교과,학생부교과(한동인재),,,,11.11(수),
한동대,종합,학생부종합(G-IMPACT인재),11.11(수),,11.21(토),11.27(금),수능후
한동대,종합,학생부종합(SW인재),11.11(수),,11.21(토),11.27(금),수능후
한동대,종합,학생부종합(글로벌인재),11.27(금),,12.05(토),12.11(금),수능후
한동대,종합,학생부종합(대안학교),11.27(금),,12.05(토),12.11(금),수능후
한동대,종합,학생부종합(선교사·목회자 자녀),11.27(금),,12.05(토),12.11(금),수능후
한동대,교과,학생부교과(지역인재),,,,11.11(수),
한라대,교과,학생부교과(일반학생(교과중심)),,,,11.13(금),
한라대,교과,학생부교과(일반학생(면접중심)),,,10.15(목),11.13(금),수능전
한라대,종합,학생부종합(운곡인재),,,,11.13(금),
한라대,교과,학생부교과(지역인재),,,,11.13(금),
한림대,교과,학생부교과(교과우수자전형),,,,10.15(목),
한림대,종합,학생부종합(학교생활우수자전형),12.03(목),,12.09(수),12.17(목),수능후
한림대,교과,학생부교과(지역인재전형),,,,10.15(목),
한림대,종합,학생부종합(지역의사전형),12.03(목),,12.09(수),12.17(목),수능후
한림대,종합,학생부종합(지역인재전형),12.03(목),,12.08(화),12.17(목),수능후
한밭대,교과,학생부교과(일반),,,,12.18(금),
한밭대,종합,학생부종합(소프트웨어인재),11.06(금),,11.20(금),12.18(금),수능후
한밭대,종합,학생부종합(야간),11.06(금),,11.20(금),12.18(금),수능후
한밭대,종합,학생부종합(일반),,,,12.18(금),
한밭대,종합,학생부종합(학·석사),,,,12.18(금),
한밭대,교과,학생부교과(지역인재(교과)),,,,12.18(금),
한밭대,종합,학생부종합(지역인재(종합)),11.06(금),,11.20(금),12.18(금),수능후
한서대,교과,학생부교과(학생부교과전형),,,,11.20(금),
한서대,교과,학생부교과(학생부교과전형-항공관광학과),,,10.26(월)~10.29(목),11.20(금),수능전
한서대,교과,학생부교과(한서인재전형),,,10.26(월)~10.29(목),11.20(금),수능전
한서대,종합,학생부종합(융합인재전형),,,,11.20(금),
한서대,교과,학생부교과(지역인재 특별전형),,,,11.20(금),
한서대,교과,학생부교과(지역인재 특별전형-항공관광학과),,,10.26(월)~10.29(목),11.20(금),수능전
한성대,교과,학생부교과(교과우수전형),,,,12.16(수),
한성대,교과,학생부교과(지역균형전형),,,,11.06(금),
한성대,종합,학생부종합(한성인재전형),,,,11.06(금),
한세대,교과,학생부교과(교과우수자전형),,,,11.10(화),
한세대,교과,학생부교과(면접우수자전형),,,10.24(토)~10.25(일),11.10(화),수능전
한세대,종합,학생부종합(한세인재전형),,,,11.10(화),
한신대,논술,논술(논술전형),,12.05(토),,12.18(금),수능후
한신대,교과,학생부교과(참인재전형),,,10.03(토),11.06(금),수능전
한신대,교과,학생부교과(학교장추천전형),,,,12.18(금),
한신대,교과,학생부교과(학생부우수자전형),,,,12.18(금),
한양대,논술,논술,,11.28(토),,12.18(금),수능후
한양대,논술,논술(정원외),,11.29(일),,12.18(금),수능후
한양대,교과,학생부교과(추천형),,,,12.18(금),
한양대,교과,학생부교과(추천형)(정원외),,,,12.18(금),
한양대,종합,학생부종합(면접형),11.13(금),,11.22(일),12.18(금),수능후
한양대,종합,학생부종합(서류형),,,,12.18(금),
한양대,종합,학생부종합(서류형)(정원외),,,,12.18(금),
한양대,종합,학생부종합(추천형),,,,12.18(금),
한양대(ERICA),교과,학생부교과(지역균형선발),,,,12.18(금),
한양대(ERICA),종합,학생부종합(국방전략기술공학)(정원외),10.08(목),,10.31(토),12.18(금),수능전
한양대(ERICA),종합,학생부종합(면접형),11.13(금),,11.21(토),12.18(금),수능후
한양대(ERICA),종합,학생부종합(서류형),,,,12.18(금),
한양대(ERICA),종합,학생부종합(서해 5도)(정원외),,,,12.18(금),
한양대(ERICA),종합,학생부종합(조기취업형 계약학과)(정원외),10.08(목),,10.29(목)~10.31(토),11.13(금),수능전
한양대(ERICA),종합,학생부종합(체육인재),,,,11.13(금),
협성대,교과,학생부교과(교과성적우수자전형),,,,10.21(수),
협성대,교과,학생부교과(미래창의인재전형),10.14(수),,10.17(토)~10.18(일),12.18(금),수능전
협성대,교과,학생부교과(웨슬리전형),10.14(수),,10.17(토),12.18(금),수능전
협성대,종합,학생부종합(융합인재Ⅰ전형),,,,12.18(금),
협성대,종합,학생부종합(융합인재Ⅱ전형),10.28(수),,10.31(토)~11.01(일),12.18(금),수능전
호남대,교과,학생부교과(일반고전형),,,,10.29(목),
호남대,교과,학생부교과(일반학생A전형),,,10.23(금),10.29(목),수능전
호남대,교과,학생부교과(일반학생B전형),,,,10.29(목),
호남대,교과,학생부교과(지역인재전형),,,,10.29(목),
호서대,교과,학생부교과(면접전형),,,10.23(금)~10.24(토),11.24(화),수능전
호서대,교과,학생부교과(학생부전형),,,,11.24(화),
호서대,종합,학생부종합(호서인재전형),,,,11.24(화),
호서대,교과,학생부교과(지역인재전형),,,,11.24(화),
호서대(아산),교과,학생부교과(면접전형),,,10.23(금)~10.24(토),11.24(화),수능전
호서대(아산),교과,학생부교과(조기취업형계약학과전형)(정원외),,,10.22(목),11.24(화),수능전
호서대(아산),교과,학생부교과(학생부전형),,,,11.24(화),
호서대(아산),종합,학생부종합(호서인재전형),,,,11.24(화),
호서대(아산),교과,학생부교과(지역인재전형),,,,11.24(화),
호원대,교과,학생부교과(검정고시출신자전형),,,,10.30(금),
호원대,교과,학생부교과(일반전형),,,,10.30(금),
호원대,교과,학생부교과(지역인재전형),,,,10.30(금),
홍익대,논술,논술,,10.03(토)~10.04(일),,12.18(금),수능전
홍익대,교과,학생부교과(학교장추천자),,,,12.18(금),
홍익대,종합,학생부종합(학교생활우수자),,,,12.18(금),
홍익대(세종),논술,논술,,11.22(일),,12.18(금),수능후
홍익대(세종),교과,학생부교과(교과우수자),,,,12.18(금),
홍익대(세종),종합,학생부종합(학교생활우수자),,,,12.18(금),
화성의과학대,교과,학생부교과(학생부교과우수자전형),,,,11.13(금),
